"word","gender","correct_response","frequency","letters","noun_origin","task_part"
"fange","neuter","f","13349","5","filler: not part of study","practice"
"terreng","neuter","f","14476","7","filler: not part of study","practice"
"bytte","neuter","f","15700","5","filler: not part of study","practice"
"klare","feminine","j","15519","5","filler: not part of study","practice"
"frokost","masculine","j","15286","7","filler: not part of study","practice"
"terror","masculine","j","13171","6","filler: not part of study","practice"
