"word","gender","correct_response","frequency","letters","noun_origin","task_part"
"solicitud","feminine","f","26.788808","9","filler: not part of study","practice"
"precisión","feminine","f","21.882076","9","filler: not part of study","practice"
"penas","feminine","f","19.734162","5","filler: not part of study","practice"
"genio","masculine","j","23.061641","5","filler: not part of study","practice"
"pesos","masculine","j","24.894354","5","filler: not part of study","practice"
"vientos","masculine","j","21.498636","7","filler: not part of study","practice"
