"list","trial_type","gender","number","grammaticality","correct_response","grammaticality_trigger","sentence_trigger","sentence","word1","word2","word3","word3_duration","word4","word4_duration","word5","word6","word7","word8","word9","word10"
"List 1: grammatical, gender violation, number violation","target","neuter","singular","grammatical","left_button","1","10","ze letter is expensivezu and ze mug too","ze","letter","is","450","expensivezu","440","and","ze","mug","too","",""
"List 1: grammatical, gender violation, number violation","target","neuter","singular","grammatical","left_button","1","10","ze letter is expensivezu and ze mug too","ze","letter","is","450","expensivezu","440","and","ze","mug","too","",""
"List 1: grammatical, gender violation, number violation","target","neuter","singular","grammatical","left_button","1","10","ze letter is expensivezu and ze mug too","ze","letter","is","450","expensivezu","440","and","ze","mug","too","",""
"List 1: grammatical, gender violation, number violation","target","neuter","singular","grammatical","left_button","1","10","ze letter is expensivezu and ze mug too","ze","letter","is","450","expensivezu","440","and","ze","mug","too","",""
"List 1: grammatical, gender violation, number violation","target","neuter","singular","grammatical","left_button","1","10","ze letter is expensivezu and ze mug too","ze","letter","is","450","expensivezu","440","and","ze","mug","too","",""
"List 1: grammatical, gender violation, number violation","target","neuter","singular","grammatical","left_button","1","10","ze letter is expensivezu and ze mug too","ze","letter","is","450","expensivezu","440","and","ze","mug","too","",""
"List 1: grammatical, gender violation, number violation","target","neuter","plural","grammatical","left_button","1","10","ze letter is expensivezu and ze mug too","ze","letter","is","450","expensivezu","440","and","ze","mug","too","",""
"List 1: grammatical, gender violation, number violation","target","neuter","plural","grammatical","left_button","1","10","ze letter is expensivezu and ze mug too","ze","letter","is","450","expensivezu","440","and","ze","mug","too","",""
"List 1: grammatical, gender violation, number violation","target","neuter","plural","grammatical","left_button","1","10","ze letter is expensivezu and ze mug too","ze","letter","is","450","expensivezu","440","and","ze","mug","too","",""
"List 1: grammatical, gender violation, number violation","target","neuter","plural","grammatical","left_button","1","10","ze letter is expensivezu and ze mug too","ze","letter","is","450","expensivezu","440","and","ze","mug","too","",""
"List 1: grammatical, gender violation, number violation","target","neuter","plural","grammatical","left_button","1","10","ze letter is expensivezu and ze mug too","ze","letter","is","450","expensivezu","440","and","ze","mug","too","",""
"List 1: grammatical, gender violation, number violation","target","neuter","plural","grammatical","left_button","1","10","ze letter is expensivezu and ze mug too","ze","letter","is","450","expensivezu","440","and","ze","mug","too","",""
"List 1: grammatical, gender violation, number violation","target","common","singular","grammatical","left_button","1","10","ze letter is expensivezu and ze mug too","ze","letter","is","450","expensivezu","440","and","ze","mug","too","",""
"List 1: grammatical, gender violation, number violation","target","common","singular","grammatical","left_button","1","10","ze letter is expensivezu and ze mug too","ze","letter","is","450","expensivezu","440","and","ze","mug","too","",""
"List 1: grammatical, gender violation, number violation","target","common","singular","grammatical","left_button","1","10","ze letter is expensivezu and ze mug too","ze","letter","is","450","expensivezu","440","and","ze","mug","too","",""
"List 1: grammatical, gender violation, number violation","target","common","singular","grammatical","left_button","1","10","ze letter is expensivezu and ze mug too","ze","letter","is","450","expensivezu","440","and","ze","mug","too","",""
"List 1: grammatical, gender violation, number violation","target","common","singular","grammatical","left_button","1","10","ze letter is expensivezu and ze mug too","ze","letter","is","450","expensivezu","440","and","ze","mug","too","",""
"List 1: grammatical, gender violation, number violation","target","common","singular","grammatical","left_button","1","10","ze letter is expensivezu and ze mug too","ze","letter","is","450","expensivezu","440","and","ze","mug","too","",""
"List 1: grammatical, gender violation, number violation","target","common","plural","grammatical","left_button","1","10","ze letter is expensivezu and ze mug too","ze","letter","is","450","expensivezu","440","and","ze","mug","too","",""
"List 1: grammatical, gender violation, number violation","target","common","plural","grammatical","left_button","1","10","ze letter is expensivezu and ze mug too","ze","letter","is","450","expensivezu","440","and","ze","mug","too","",""
"List 1: grammatical, gender violation, number violation","target","common","plural","grammatical","left_button","1","10","ze letter is expensivezu and ze mug too","ze","letter","is","450","expensivezu","440","and","ze","mug","too","",""
"List 1: grammatical, gender violation, number violation","target","common","plural","grammatical","left_button","1","10","ze letter is expensivezu and ze mug too","ze","letter","is","450","expensivezu","440","and","ze","mug","too","",""
"List 1: grammatical, gender violation, number violation","target","common","plural","grammatical","left_button","1","10","ze letter is expensivezu and ze mug too","ze","letter","is","450","expensivezu","440","and","ze","mug","too","",""
"List 1: grammatical, gender violation, number violation","target","common","plural","grammatical","left_button","1","10","ze letter is expensivezu and ze mug too","ze","letter","is","450","expensivezu","440","and","ze","mug","too","",""
"List 1: grammatical, gender violation, number violation","target","common","singular","grammatical","left_button","1","10","ze letter is expensivezu and ze mug too","ze","letter","is","450","expensivezu","440","and","ze","mug","too","",""
"List 1: grammatical, gender violation, number violation","target","common","singular","grammatical","left_button","1","10","ze letter is expensivezu and ze mug too","ze","letter","is","450","expensivezu","440","and","ze","mug","too","",""
"List 1: grammatical, gender violation, number violation","target","common","singular","grammatical","left_button","1","10","ze letter is expensivezu and ze mug too","ze","letter","is","450","expensivezu","440","and","ze","mug","too","",""
"List 1: grammatical, gender violation, number violation","target","common","singular","grammatical","left_button","1","10","ze letter is expensivezu and ze mug too","ze","letter","is","450","expensivezu","440","and","ze","mug","too","",""
"List 1: grammatical, gender violation, number violation","target","common","singular","grammatical","left_button","1","10","ze letter is expensivezu and ze mug too","ze","letter","is","450","expensivezu","440","and","ze","mug","too","",""
"List 1: grammatical, gender violation, number violation","target","common","singular","grammatical","left_button","1","10","ze letter is expensivezu and ze mug too","ze","letter","is","450","expensivezu","440","and","ze","mug","too","",""
"List 1: grammatical, gender violation, number violation","target","common","plural","grammatical","left_button","1","10","ze letter is expensivezu and ze mug too","ze","letter","is","450","expensivezu","440","and","ze","mug","too","",""
"List 1: grammatical, gender violation, number violation","target","common","plural","grammatical","left_button","1","10","ze letter is expensivezu and ze mug too","ze","letter","is","450","expensivezu","440","and","ze","mug","too","",""
"List 1: grammatical, gender violation, number violation","target","common","plural","grammatical","left_button","1","10","ze letter is expensivezu and ze mug too","ze","letter","is","450","expensivezu","440","and","ze","mug","too","",""
"List 1: grammatical, gender violation, number violation","target","common","plural","grammatical","left_button","1","10","ze letter is expensivezu and ze mug too","ze","letter","is","450","expensivezu","440","and","ze","mug","too","",""
"List 1: grammatical, gender violation, number violation","target","common","plural","grammatical","left_button","1","10","ze letter is expensivezu and ze mug too","ze","letter","is","450","expensivezu","440","and","ze","mug","too","",""
"List 1: grammatical, gender violation, number violation","target","common","plural","grammatical","left_button","1","10","ze letter is expensivezu and ze mug too","ze","letter","is","450","expensivezu","440","and","ze","mug","too","",""
"List 1: grammatical, gender violation, number violation","target","common","singular","grammatical","left_button","1","10","ze letter is expensivezu and ze mug too","ze","letter","is","450","expensivezu","440","and","ze","mug","too","",""
"List 1: grammatical, gender violation, number violation","target","common","singular","grammatical","left_button","1","10","ze letter is expensivezu and ze mug too","ze","letter","is","450","expensivezu","440","and","ze","mug","too","",""
"List 1: grammatical, gender violation, number violation","target","common","singular","grammatical","left_button","1","10","ze letter is expensivezu and ze mug too","ze","letter","is","450","expensivezu","440","and","ze","mug","too","",""
"List 1: grammatical, gender violation, number violation","target","common","singular","grammatical","left_button","1","10","ze letter is expensivezu and ze mug too","ze","letter","is","450","expensivezu","440","and","ze","mug","too","",""
"List 1: grammatical, gender violation, number violation","target","common","singular","grammatical","left_button","1","10","ze letter is expensivezu and ze mug too","ze","letter","is","450","expensivezu","440","and","ze","mug","too","",""
"List 1: grammatical, gender violation, number violation","target","common","singular","grammatical","left_button","1","10","ze letter is expensivezu and ze mug too","ze","letter","is","450","expensivezu","440","and","ze","mug","too","",""
"List 1: grammatical, gender violation, number violation","target","common","plural","grammatical","left_button","1","10","ze letter is expensivezu and ze mug too","ze","letter","is","450","expensivezu","440","and","ze","mug","too","",""
"List 1: grammatical, gender violation, number violation","target","common","plural","grammatical","left_button","1","10","ze letter is expensivezu and ze mug too","ze","letter","is","450","expensivezu","440","and","ze","mug","too","",""
"List 1: grammatical, gender violation, number violation","target","common","plural","grammatical","left_button","1","10","ze letter is expensivezu and ze mug too","ze","letter","is","450","expensivezu","440","and","ze","mug","too","",""
"List 1: grammatical, gender violation, number violation","target","common","plural","grammatical","left_button","1","10","ze letter is expensivezu and ze mug too","ze","letter","is","450","expensivezu","440","and","ze","mug","too","",""
"List 1: grammatical, gender violation, number violation","target","common","plural","grammatical","left_button","1","10","ze letter is expensivezu and ze mug too","ze","letter","is","450","expensivezu","440","and","ze","mug","too","",""
"List 1: grammatical, gender violation, number violation","target","common","plural","grammatical","left_button","1","10","ze letter is expensivezu and ze mug too","ze","letter","is","450","expensivezu","440","and","ze","mug","too","",""
"List 1: grammatical, gender violation, number violation","target","neuter","singular","gender_violation","right_button","2","10","ze letter is expensivezu and ze mug too","ze","letter","is","450","expensivezu","440","and","ze","mug","too","",""
"List 1: grammatical, gender violation, number violation","target","neuter","singular","gender_violation","right_button","2","10","ze letter is expensivezu and ze mug too","ze","letter","is","450","expensivezu","440","and","ze","mug","too","",""
"List 1: grammatical, gender violation, number violation","target","neuter","singular","gender_violation","right_button","2","10","ze letter is expensivezu and ze mug too","ze","letter","is","450","expensivezu","440","and","ze","mug","too","",""
"List 1: grammatical, gender violation, number violation","target","neuter","singular","gender_violation","right_button","2","10","ze letter is expensivezu and ze mug too","ze","letter","is","450","expensivezu","440","and","ze","mug","too","",""
"List 1: grammatical, gender violation, number violation","target","neuter","singular","gender_violation","right_button","2","10","ze letter is expensivezu and ze mug too","ze","letter","is","450","expensivezu","440","and","ze","mug","too","",""
"List 1: grammatical, gender violation, number violation","target","neuter","singular","gender_violation","right_button","2","10","ze letter is expensivezu and ze mug too","ze","letter","is","450","expensivezu","440","and","ze","mug","too","",""
"List 1: grammatical, gender violation, number violation","target","neuter","plural","gender_violation","right_button","2","10","ze letter is expensivezu and ze mug too","ze","letter","is","450","expensivezu","440","and","ze","mug","too","",""
"List 1: grammatical, gender violation, number violation","target","neuter","plural","gender_violation","right_button","2","10","ze letter is expensivezu and ze mug too","ze","letter","is","450","expensivezu","440","and","ze","mug","too","",""
"List 1: grammatical, gender violation, number violation","target","neuter","plural","gender_violation","right_button","2","10","ze letter is expensivezu and ze mug too","ze","letter","is","450","expensivezu","440","and","ze","mug","too","",""
"List 1: grammatical, gender violation, number violation","target","neuter","plural","gender_violation","right_button","2","10","ze letter is expensivezu and ze mug too","ze","letter","is","450","expensivezu","440","and","ze","mug","too","",""
"List 1: grammatical, gender violation, number violation","target","neuter","plural","gender_violation","right_button","2","10","ze letter is expensivezu and ze mug too","ze","letter","is","450","expensivezu","440","and","ze","mug","too","",""
"List 1: grammatical, gender violation, number violation","target","neuter","plural","gender_violation","right_button","2","10","ze letter is expensivezu and ze mug too","ze","letter","is","450","expensivezu","440","and","ze","mug","too","",""
"List 1: grammatical, gender violation, number violation","target","common","singular","gender_violation","right_button","2","10","ze letter is expensivezu and ze mug too","ze","letter","is","450","expensivezu","440","and","ze","mug","too","",""
"List 1: grammatical, gender violation, number violation","target","common","singular","gender_violation","right_button","2","10","ze letter is expensivezu and ze mug too","ze","letter","is","450","expensivezu","440","and","ze","mug","too","",""
"List 1: grammatical, gender violation, number violation","target","common","singular","gender_violation","right_button","2","10","ze letter is expensivezu and ze mug too","ze","letter","is","450","expensivezu","440","and","ze","mug","too","",""
"List 1: grammatical, gender violation, number violation","target","common","singular","gender_violation","right_button","2","10","ze letter is expensivezu and ze mug too","ze","letter","is","450","expensivezu","440","and","ze","mug","too","",""
"List 1: grammatical, gender violation, number violation","target","common","singular","gender_violation","right_button","2","10","ze letter is expensivezu and ze mug too","ze","letter","is","450","expensivezu","440","and","ze","mug","too","",""
"List 1: grammatical, gender violation, number violation","target","common","singular","gender_violation","right_button","2","10","ze letter is expensivezu and ze mug too","ze","letter","is","450","expensivezu","440","and","ze","mug","too","",""
"List 1: grammatical, gender violation, number violation","target","common","plural","gender_violation","right_button","2","10","ze letter is expensivezu and ze mug too","ze","letter","is","450","expensivezu","440","and","ze","mug","too","",""
"List 1: grammatical, gender violation, number violation","target","common","plural","gender_violation","right_button","2","10","ze letter is expensivezu and ze mug too","ze","letter","is","450","expensivezu","440","and","ze","mug","too","",""
"List 1: grammatical, gender violation, number violation","target","common","plural","gender_violation","right_button","2","10","ze letter is expensivezu and ze mug too","ze","letter","is","450","expensivezu","440","and","ze","mug","too","",""
"List 1: grammatical, gender violation, number violation","target","common","plural","gender_violation","right_button","2","10","ze letter is expensivezu and ze mug too","ze","letter","is","450","expensivezu","440","and","ze","mug","too","",""
"List 1: grammatical, gender violation, number violation","target","common","plural","gender_violation","right_button","2","10","ze letter is expensivezu and ze mug too","ze","letter","is","450","expensivezu","440","and","ze","mug","too","",""
"List 1: grammatical, gender violation, number violation","target","common","plural","gender_violation","right_button","2","10","ze letter is expensivezu and ze mug too","ze","letter","is","450","expensivezu","440","and","ze","mug","too","",""
"List 1: grammatical, gender violation, number violation","target","neuter","singular","gender_violation","right_button","2","10","ze letter is expensivezu and ze mug too","ze","letter","is","450","expensivezu","440","and","ze","mug","too","",""
"List 1: grammatical, gender violation, number violation","target","neuter","singular","gender_violation","right_button","2","10","ze letter is expensivezu and ze mug too","ze","letter","is","450","expensivezu","440","and","ze","mug","too","",""
"List 1: grammatical, gender violation, number violation","target","neuter","singular","gender_violation","right_button","2","10","ze letter is expensivezu and ze mug too","ze","letter","is","450","expensivezu","440","and","ze","mug","too","",""
"List 1: grammatical, gender violation, number violation","target","neuter","singular","gender_violation","right_button","2","10","ze letter is expensivezu and ze mug too","ze","letter","is","450","expensivezu","440","and","ze","mug","too","",""
"List 1: grammatical, gender violation, number violation","target","neuter","singular","gender_violation","right_button","2","10","ze letter is expensivezu and ze mug too","ze","letter","is","450","expensivezu","440","and","ze","mug","too","",""
"List 1: grammatical, gender violation, number violation","target","neuter","singular","gender_violation","right_button","2","10","ze letter is expensivezu and ze mug too","ze","letter","is","450","expensivezu","440","and","ze","mug","too","",""
"List 1: grammatical, gender violation, number violation","target","neuter","plural","gender_violation","right_button","2","10","ze letter is expensivezu and ze mug too","ze","letter","is","450","expensivezu","440","and","ze","mug","too","",""
"List 1: grammatical, gender violation, number violation","target","neuter","plural","gender_violation","right_button","2","10","ze letter is expensivezu and ze mug too","ze","letter","is","450","expensivezu","440","and","ze","mug","too","",""
"List 1: grammatical, gender violation, number violation","target","neuter","plural","gender_violation","right_button","2","10","ze letter is expensivezu and ze mug too","ze","letter","is","450","expensivezu","440","and","ze","mug","too","",""
"List 1: grammatical, gender violation, number violation","target","neuter","plural","gender_violation","right_button","2","10","ze letter is expensivezu and ze mug too","ze","letter","is","450","expensivezu","440","and","ze","mug","too","",""
"List 1: grammatical, gender violation, number violation","target","neuter","plural","gender_violation","right_button","2","10","ze letter is expensivezu and ze mug too","ze","letter","is","450","expensivezu","440","and","ze","mug","too","",""
"List 1: grammatical, gender violation, number violation","target","neuter","plural","gender_violation","right_button","2","10","ze letter is expensivezu and ze mug too","ze","letter","is","450","expensivezu","440","and","ze","mug","too","",""
"List 1: grammatical, gender violation, number violation","target","common","singular","gender_violation","right_button","2","10","ze letter is expensivezu and ze mug too","ze","letter","is","450","expensivezu","440","and","ze","mug","too","",""
"List 1: grammatical, gender violation, number violation","target","common","singular","gender_violation","right_button","2","10","ze letter is expensivezu and ze mug too","ze","letter","is","450","expensivezu","440","and","ze","mug","too","",""
"List 1: grammatical, gender violation, number violation","target","common","singular","gender_violation","right_button","2","10","ze letter is expensivezu and ze mug too","ze","letter","is","450","expensivezu","440","and","ze","mug","too","",""
"List 1: grammatical, gender violation, number violation","target","common","singular","gender_violation","right_button","2","10","ze letter is expensivezu and ze mug too","ze","letter","is","450","expensivezu","440","and","ze","mug","too","",""
"List 1: grammatical, gender violation, number violation","target","common","singular","gender_violation","right_button","2","10","ze letter is expensivezu and ze mug too","ze","letter","is","450","expensivezu","440","and","ze","mug","too","",""
"List 1: grammatical, gender violation, number violation","target","common","singular","gender_violation","right_button","2","10","ze letter is expensivezu and ze mug too","ze","letter","is","450","expensivezu","440","and","ze","mug","too","",""
"List 1: grammatical, gender violation, number violation","target","common","plural","gender_violation","right_button","2","10","ze letter is expensivezu and ze mug too","ze","letter","is","450","expensivezu","440","and","ze","mug","too","",""
"List 1: grammatical, gender violation, number violation","target","common","plural","gender_violation","right_button","2","10","ze letter is expensivezu and ze mug too","ze","letter","is","450","expensivezu","440","and","ze","mug","too","",""
"List 1: grammatical, gender violation, number violation","target","common","plural","gender_violation","right_button","2","10","ze letter is expensivezu and ze mug too","ze","letter","is","450","expensivezu","440","and","ze","mug","too","",""
"List 1: grammatical, gender violation, number violation","target","common","plural","gender_violation","right_button","2","10","ze letter is expensivezu and ze mug too","ze","letter","is","450","expensivezu","440","and","ze","mug","too","",""
"List 1: grammatical, gender violation, number violation","target","common","plural","gender_violation","right_button","2","10","ze letter is expensivezu and ze mug too","ze","letter","is","450","expensivezu","440","and","ze","mug","too","",""
"List 1: grammatical, gender violation, number violation","target","common","plural","gender_violation","right_button","2","10","ze letter is expensivezu and ze mug too","ze","letter","is","450","expensivezu","440","and","ze","mug","too","",""
"List 1: grammatical, gender violation, number violation","target","common","singular","number_violation","right_button","3","10","ze letter is expensivezu and ze mug too","ze","letter","is","450","expensivezu","440","and","ze","mug","too","",""
"List 1: grammatical, gender violation, number violation","target","common","singular","number_violation","right_button","3","10","ze letter is expensivezu and ze mug too","ze","letter","is","450","expensivezu","440","and","ze","mug","too","",""
"List 1: grammatical, gender violation, number violation","target","common","singular","number_violation","right_button","3","10","ze letter is expensivezu and ze mug too","ze","letter","is","450","expensivezu","440","and","ze","mug","too","",""
"List 1: grammatical, gender violation, number violation","target","common","singular","number_violation","right_button","3","10","ze letter is expensivezu and ze mug too","ze","letter","is","450","expensivezu","440","and","ze","mug","too","",""
"List 1: grammatical, gender violation, number violation","target","common","singular","number_violation","right_button","3","10","ze letter is expensivezu and ze mug too","ze","letter","is","450","expensivezu","440","and","ze","mug","too","",""
"List 1: grammatical, gender violation, number violation","target","common","singular","number_violation","right_button","3","10","ze letter is expensivezu and ze mug too","ze","letter","is","450","expensivezu","440","and","ze","mug","too","",""
"List 1: grammatical, gender violation, number violation","target","common","plural","number_violation","right_button","3","10","ze letter is expensivezu and ze mug too","ze","letter","is","450","expensivezu","440","and","ze","mug","too","",""
"List 1: grammatical, gender violation, number violation","target","common","plural","number_violation","right_button","3","10","ze letter is expensivezu and ze mug too","ze","letter","is","450","expensivezu","440","and","ze","mug","too","",""
"List 1: grammatical, gender violation, number violation","target","common","plural","number_violation","right_button","3","10","ze letter is expensivezu and ze mug too","ze","letter","is","450","expensivezu","440","and","ze","mug","too","",""
"List 1: grammatical, gender violation, number violation","target","common","plural","number_violation","right_button","3","10","ze letter is expensivezu and ze mug too","ze","letter","is","450","expensivezu","440","and","ze","mug","too","",""
"List 1: grammatical, gender violation, number violation","target","common","plural","number_violation","right_button","3","10","ze letter is expensivezu and ze mug too","ze","letter","is","450","expensivezu","440","and","ze","mug","too","",""
"List 1: grammatical, gender violation, number violation","target","common","plural","number_violation","right_button","3","10","ze letter is expensivezu and ze mug too","ze","letter","is","450","expensivezu","440","and","ze","mug","too","",""
"List 1: grammatical, gender violation, number violation","target","neuter","singular","number_violation","right_button","3","10","ze letter is expensivezu and ze mug too","ze","letter","is","450","expensivezu","440","and","ze","mug","too","",""
"List 1: grammatical, gender violation, number violation","target","neuter","singular","number_violation","right_button","3","10","ze letter is expensivezu and ze mug too","ze","letter","is","450","expensivezu","440","and","ze","mug","too","",""
"List 1: grammatical, gender violation, number violation","target","neuter","singular","number_violation","right_button","3","10","ze letter is expensivezu and ze mug too","ze","letter","is","450","expensivezu","440","and","ze","mug","too","",""
"List 1: grammatical, gender violation, number violation","target","neuter","singular","number_violation","right_button","3","10","ze letter is expensivezu and ze mug too","ze","letter","is","450","expensivezu","440","and","ze","mug","too","",""
"List 1: grammatical, gender violation, number violation","target","neuter","singular","number_violation","right_button","3","10","ze letter is expensivezu and ze mug too","ze","letter","is","450","expensivezu","440","and","ze","mug","too","",""
"List 1: grammatical, gender violation, number violation","target","neuter","singular","number_violation","right_button","3","10","ze letter is expensivezu and ze mug too","ze","letter","is","450","expensivezu","440","and","ze","mug","too","",""
"List 1: grammatical, gender violation, number violation","target","neuter","plural","number_violation","right_button","3","10","ze letter is expensivezu and ze mug too","ze","letter","is","450","expensivezu","440","and","ze","mug","too","",""
"List 1: grammatical, gender violation, number violation","target","neuter","plural","number_violation","right_button","3","10","ze letter is expensivezu and ze mug too","ze","letter","is","450","expensivezu","440","and","ze","mug","too","",""
"List 1: grammatical, gender violation, number violation","target","neuter","plural","number_violation","right_button","3","10","ze letter is expensivezu and ze mug too","ze","letter","is","450","expensivezu","440","and","ze","mug","too","",""
"List 1: grammatical, gender violation, number violation","target","neuter","plural","number_violation","right_button","3","10","ze letter is expensivezu and ze mug too","ze","letter","is","450","expensivezu","440","and","ze","mug","too","",""
"List 1: grammatical, gender violation, number violation","target","neuter","plural","number_violation","right_button","3","10","ze letter is expensivezu and ze mug too","ze","letter","is","450","expensivezu","440","and","ze","mug","too","",""
"List 1: grammatical, gender violation, number violation","target","neuter","plural","number_violation","right_button","3","10","ze letter is expensivezu and ze mug too","ze","letter","is","450","expensivezu","440","and","ze","mug","too","",""
"List 1: grammatical, gender violation, number violation","target","neuter","singular","number_violation","right_button","3","10","ze letter is expensivezu and ze mug too","ze","letter","is","450","expensivezu","440","and","ze","mug","too","",""
"List 1: grammatical, gender violation, number violation","target","neuter","singular","number_violation","right_button","3","10","ze letter is expensivezu and ze mug too","ze","letter","is","450","expensivezu","440","and","ze","mug","too","",""
"List 1: grammatical, gender violation, number violation","target","neuter","singular","number_violation","right_button","3","10","ze letter is expensivezu and ze mug too","ze","letter","is","450","expensivezu","440","and","ze","mug","too","",""
"List 1: grammatical, gender violation, number violation","target","neuter","singular","number_violation","right_button","3","10","ze letter is expensivezu and ze mug too","ze","letter","is","450","expensivezu","440","and","ze","mug","too","",""
"List 1: grammatical, gender violation, number violation","target","neuter","singular","number_violation","right_button","3","10","ze letter is expensivezu and ze mug too","ze","letter","is","450","expensivezu","440","and","ze","mug","too","",""
"List 1: grammatical, gender violation, number violation","target","neuter","singular","number_violation","right_button","3","10","ze letter is expensivezu and ze mug too","ze","letter","is","450","expensivezu","440","and","ze","mug","too","",""
"List 1: grammatical, gender violation, number violation","target","neuter","plural","number_violation","right_button","3","10","ze letter is expensivezu and ze mug too","ze","letter","is","450","expensivezu","440","and","ze","mug","too","",""
"List 1: grammatical, gender violation, number violation","target","neuter","plural","number_violation","right_button","3","10","ze letter is expensivezu and ze mug too","ze","letter","is","450","expensivezu","440","and","ze","mug","too","",""
"List 1: grammatical, gender violation, number violation","target","neuter","plural","number_violation","right_button","3","10","ze letter is expensivezu and ze mug too","ze","letter","is","450","expensivezu","440","and","ze","mug","too","",""
"List 1: grammatical, gender violation, number violation","target","neuter","plural","number_violation","right_button","3","10","ze letter is expensivezu and ze mug too","ze","letter","is","450","expensivezu","440","and","ze","mug","too","",""
"List 1: grammatical, gender violation, number violation","target","neuter","plural","number_violation","right_button","3","10","ze letter is expensivezu and ze mug too","ze","letter","is","450","expensivezu","440","and","ze","mug","too","",""
"List 1: grammatical, gender violation, number violation","target","neuter","plural","number_violation","right_button","3","10","ze letter is expensivezu and ze mug too","ze","letter","is","450","expensivezu","440","and","ze","mug","too","",""
"List 1: grammatical, gender violation, number violation","target","neuter","singular","number_violation","right_button","3","10","ze letter is expensivezu and ze mug too","ze","letter","is","450","expensivezu","440","and","ze","mug","too","",""
"List 1: grammatical, gender violation, number violation","target","neuter","singular","number_violation","right_button","3","10","ze letter is expensivezu and ze mug too","ze","letter","is","450","expensivezu","440","and","ze","mug","too","",""
"List 1: grammatical, gender violation, number violation","target","neuter","singular","number_violation","right_button","3","10","ze letter is expensivezu and ze mug too","ze","letter","is","450","expensivezu","440","and","ze","mug","too","",""
"List 1: grammatical, gender violation, number violation","target","neuter","singular","number_violation","right_button","3","10","ze letter is expensivezu and ze mug too","ze","letter","is","450","expensivezu","440","and","ze","mug","too","",""
"List 1: grammatical, gender violation, number violation","target","neuter","singular","number_violation","right_button","3","10","ze letter is expensivezu and ze mug too","ze","letter","is","450","expensivezu","440","and","ze","mug","too","",""
"List 1: grammatical, gender violation, number violation","target","neuter","singular","number_violation","right_button","3","10","ze letter is expensivezu and ze mug too","ze","letter","is","450","expensivezu","440","and","ze","mug","too","",""
"List 1: grammatical, gender violation, number violation","target","neuter","plural","number_violation","right_button","3","10","ze letter is expensivezu and ze mug too","ze","letter","is","450","expensivezu","440","and","ze","mug","too","",""
"List 1: grammatical, gender violation, number violation","target","neuter","plural","number_violation","right_button","3","10","ze letter is expensivezu and ze mug too","ze","letter","is","450","expensivezu","440","and","ze","mug","too","",""
"List 1: grammatical, gender violation, number violation","target","neuter","plural","number_violation","right_button","3","10","ze letter is expensivezu and ze mug too","ze","letter","is","450","expensivezu","440","and","ze","mug","too","",""
"List 1: grammatical, gender violation, number violation","target","neuter","plural","number_violation","right_button","3","10","ze letter is expensivezu and ze mug too","ze","letter","is","450","expensivezu","440","and","ze","mug","too","",""
"List 1: grammatical, gender violation, number violation","target","neuter","plural","number_violation","right_button","3","10","ze letter is expensivezu and ze mug too","ze","letter","is","450","expensivezu","440","and","ze","mug","too","",""
"List 1: grammatical, gender violation, number violation","target","neuter","plural","number_violation","right_button","3","10","ze letter is expensivezu and ze mug too","ze","letter","is","450","expensivezu","440","and","ze","mug","too","",""
"","filler","neuter","plural","","left_button","","160","zer closet are above zer letter and zer mug too","zer","closet","are","450","above","450","zer","letter","and","zer","mug","too"
"","filler","neuter","plural","","left_button","","160","zer letter are above zer mug and zer pool too","zer","letter","are","450","above","450","zer","mug","and","zer","pool","too"
"","filler","neuter","plural","","left_button","","160","zer mug are above zer pool and zer roof too","zer","mug","are","450","above","450","zer","pool","and","zer","roof","too"
"","filler","neuter","plural","","left_button","","160","zer pool are above zer roof and zer table too","zer","pool","are","450","above","450","zer","roof","and","zer","table","too"
"","filler","neuter","plural","","left_button","","160","zer roof are above zer table and zer closet too","zer","roof","are","450","above","450","zer","table","and","zer","closet","too"
"","filler","neuter","plural","","left_button","","160","zer table are above zer closet and zer letter too","zer","table","are","450","above","450","zer","closet","and","zer","letter","too"
"","filler","neuter","plural","","left_button","","160","zer closet are above zer mug and zer pool too","zer","closet","are","450","above","450","zer","mug","and","zer","pool","too"
"","filler","neuter","plural","","left_button","","160","zer letter are above zer pool and zer roof too","zer","letter","are","450","above","450","zer","pool","and","zer","roof","too"
"","filler","neuter","plural","","left_button","","160","zer mug are above zer roof and zer table too","zer","mug","are","450","above","450","zer","roof","and","zer","table","too"
"","filler","neuter","plural","","left_button","","160","zer pool are above zer table and zer closet too","zer","pool","are","450","above","450","zer","table","and","zer","closet","too"
"","filler","neuter","plural","","left_button","","160","zer roof are above zer closet and zer letter too","zer","roof","are","450","above","450","zer","closet","and","zer","letter","too"
"","filler","neuter","plural","","left_button","","160","zer table are above zer letter and zer mug too","zer","table","are","450","above","450","zer","letter","and","zer","mug","too"
"","filler","neuter","plural","","left_button","","160","zer closet are above zer pool and zer roof too","zer","closet","are","450","above","450","zer","pool","and","zer","roof","too"
"","filler","neuter","plural","","left_button","","160","zer letter are above zer roof and zer table too","zer","letter","are","450","above","450","zer","roof","and","zer","table","too"
"","filler","neuter","plural","","left_button","","160","zer mug are above zer table and zer closet too","zer","mug","are","450","above","450","zer","table","and","zer","closet","too"
"","filler","neuter","plural","","left_button","","160","zer pool are above zer closet and zer letter too","zer","pool","are","450","above","450","zer","closet","and","zer","letter","too"
"","filler","neuter","plural","","left_button","","160","zer roof are above zer letter and zer mug too","zer","roof","are","450","above","450","zer","letter","and","zer","mug","too"
"","filler","neuter","plural","","left_button","","160","zer table are above zer mug and zer pool too","zer","table","are","450","above","450","zer","mug","and","zer","pool","too"
"","filler","neuter","plural","","left_button","","160","zer closet are above zer roof and zer table too","zer","closet","are","450","above","450","zer","roof","and","zer","table","too"
"","filler","neuter","plural","","left_button","","160","zer letter are above zer table and zer closet too","zer","letter","are","450","above","450","zer","table","and","zer","closet","too"
"","filler","neuter","plural","","left_button","","160","zer mug are above zer closet and zer letter too","zer","mug","are","450","above","450","zer","closet","and","zer","letter","too"
"","filler","neuter","plural","","left_button","","160","zer pool are above zer letter and zer mug too","zer","pool","are","450","above","450","zer","letter","and","zer","mug","too"
"","filler","neuter","plural","","left_button","","160","zer roof are above zer mug and zer pool too","zer","roof","are","450","above","450","zer","mug","and","zer","pool","too"
"","filler","neuter","plural","","left_button","","160","zer table are above zer pool and zer roof too","zer","table","are","450","above","450","zer","pool","and","zer","roof","too"
"","filler","neuter","singular","","left_button","","160","ze closet is below ze table and ze letter too","ze","closet","is","450","below","450","ze","table","and","ze","letter","too"
"","filler","neuter","singular","","left_button","","160","ze letter is below ze closet and ze mug too","ze","letter","is","450","below","450","ze","closet","and","ze","mug","too"
"","filler","neuter","singular","","left_button","","160","ze mug is below ze letter and ze pool too","ze","mug","is","450","below","450","ze","letter","and","ze","pool","too"
"","filler","neuter","singular","","left_button","","160","ze pool is below ze mug and ze roof too","ze","pool","is","450","below","450","ze","mug","and","ze","roof","too"
"","filler","neuter","singular","","left_button","","160","ze roof is below ze pool and ze table too","ze","roof","is","450","below","450","ze","pool","and","ze","table","too"
"","filler","neuter","singular","","left_button","","160","ze table is below ze roof and ze closet too","ze","table","is","450","below","450","ze","roof","and","ze","closet","too"
"","filler","neuter","singular","","left_button","","160","ze closet is below ze letter and ze mug too","ze","closet","is","450","below","450","ze","letter","and","ze","mug","too"
"","filler","neuter","singular","","left_button","","160","ze letter is below ze mug and ze pool too","ze","letter","is","450","below","450","ze","mug","and","ze","pool","too"
"","filler","neuter","singular","","left_button","","160","ze mug is below ze pool and ze roof too","ze","mug","is","450","below","450","ze","pool","and","ze","roof","too"
"","filler","neuter","singular","","left_button","","160","ze pool is below ze roof and ze table too","ze","pool","is","450","below","450","ze","roof","and","ze","table","too"
"","filler","neuter","singular","","left_button","","160","ze roof is below ze table and ze closet too","ze","roof","is","450","below","450","ze","table","and","ze","closet","too"
"","filler","neuter","singular","","left_button","","160","ze table is below ze closet and ze letter too","ze","table","is","450","below","450","ze","closet","and","ze","letter","too"
"","filler","neuter","singular","","left_button","","160","ze closet is below ze mug and ze pool too","ze","closet","is","450","below","450","ze","mug","and","ze","pool","too"
"","filler","neuter","singular","","left_button","","160","ze letter is below ze pool and ze roof too","ze","letter","is","450","below","450","ze","pool","and","ze","roof","too"
"","filler","neuter","singular","","left_button","","160","ze mug is below ze roof and ze table too","ze","mug","is","450","below","450","ze","roof","and","ze","table","too"
"","filler","neuter","singular","","left_button","","160","ze pool is below ze table and ze closet too","ze","pool","is","450","below","450","ze","table","and","ze","closet","too"
"","filler","neuter","singular","","left_button","","160","ze roof is below ze closet and ze letter too","ze","roof","is","450","below","450","ze","closet","and","ze","letter","too"
"","filler","neuter","singular","","left_button","","160","ze table is below ze letter and ze mug too","ze","table","is","450","below","450","ze","letter","and","ze","mug","too"
"","filler","neuter","singular","","left_button","","160","ze closet is below ze pool and ze roof too","ze","closet","is","450","below","450","ze","pool","and","ze","roof","too"
"","filler","neuter","singular","","left_button","","160","ze letter is below ze roof and ze table too","ze","letter","is","450","below","450","ze","roof","and","ze","table","too"
"","filler","neuter","singular","","left_button","","160","ze mug is below ze table and ze closet too","ze","mug","is","450","below","450","ze","table","and","ze","closet","too"
"","filler","neuter","singular","","left_button","","160","ze pool is below ze closet and ze letter too","ze","pool","is","450","below","450","ze","closet","and","ze","letter","too"
"","filler","neuter","singular","","left_button","","160","ze roof is below ze letter and ze mug too","ze","roof","is","450","below","450","ze","letter","and","ze","mug","too"
"","filler","neuter","singular","","left_button","","160","ze table is below ze mug and ze pool too","ze","table","is","450","below","450","ze","mug","and","ze","pool","too"
"","filler","common","plural","","left_button","","160","jer backpack are above jer key and jer pencil too","jer","backpack","are","450","above","450","jer","key","and","jer","pencil","too"
"","filler","common","plural","","left_button","","160","jer key are above jer pencil and jer street too","jer","key","are","450","above","450","jer","pencil","and","jer","street","too"
"","filler","common","plural","","left_button","","160","jer pencil are above jer street and jer truck too","jer","pencil","are","450","above","450","jer","street","and","jer","truck","too"
"","filler","common","plural","","left_button","","160","jer street are above jer truck and jer wall too","jer","street","are","450","above","450","jer","truck","and","jer","wall","too"
"","filler","common","plural","","left_button","","160","jer truck are above jer wall and jer backpack too","jer","truck","are","450","above","450","jer","wall","and","jer","backpack","too"
"","filler","common","plural","","left_button","","160","jer wall are above jer backpack and jer key too","jer","wall","are","450","above","450","jer","backpack","and","jer","key","too"
"","filler","common","plural","","left_button","","160","jer backpack are above jer pencil and jer street too","jer","backpack","are","450","above","450","jer","pencil","and","jer","street","too"
"","filler","common","plural","","left_button","","160","jer key are above jer street and jer truck too","jer","key","are","450","above","450","jer","street","and","jer","truck","too"
"","filler","common","plural","","left_button","","160","jer pencil are above jer truck and jer wall too","jer","pencil","are","450","above","450","jer","truck","and","jer","wall","too"
"","filler","common","plural","","left_button","","160","jer street are above jer wall and jer backpack too","jer","street","are","450","above","450","jer","wall","and","jer","backpack","too"
"","filler","common","plural","","left_button","","160","jer truck are above jer backpack and jer key too","jer","truck","are","450","above","450","jer","backpack","and","jer","key","too"
"","filler","common","plural","","left_button","","160","jer wall are above jer key and jer pencil too","jer","wall","are","450","above","450","jer","key","and","jer","pencil","too"
"","filler","common","plural","","left_button","","160","jer backpack are above jer street and jer truck too","jer","backpack","are","450","above","450","jer","street","and","jer","truck","too"
"","filler","common","plural","","left_button","","160","jer key are above jer truck and jer wall too","jer","key","are","450","above","450","jer","truck","and","jer","wall","too"
"","filler","common","plural","","left_button","","160","jer pencil are above jer wall and jer backpack too","jer","pencil","are","450","above","450","jer","wall","and","jer","backpack","too"
"","filler","common","plural","","left_button","","160","jer street are above jer backpack and jer key too","jer","street","are","450","above","450","jer","backpack","and","jer","key","too"
"","filler","common","plural","","left_button","","160","jer truck are above jer key and jer pencil too","jer","truck","are","450","above","450","jer","key","and","jer","pencil","too"
"","filler","common","plural","","left_button","","160","jer wall are above jer pencil and jer street too","jer","wall","are","450","above","450","jer","pencil","and","jer","street","too"
"","filler","common","plural","","left_button","","160","jer backpack are above jer truck and jer wall too","jer","backpack","are","450","above","450","jer","truck","and","jer","wall","too"
"","filler","common","plural","","left_button","","160","jer key are above jer wall and jer backpack too","jer","key","are","450","above","450","jer","wall","and","jer","backpack","too"
"","filler","common","plural","","left_button","","160","jer pencil are above jer backpack and jer key too","jer","pencil","are","450","above","450","jer","backpack","and","jer","key","too"
"","filler","common","plural","","left_button","","160","jer street are above jer key and jer pencil too","jer","street","are","450","above","450","jer","key","and","jer","pencil","too"
"","filler","common","plural","","left_button","","160","jer truck are above jer pencil and jer street too","jer","truck","are","450","above","450","jer","pencil","and","jer","street","too"
"","filler","common","plural","","left_button","","160","jer wall are above jer street and jer truck too","jer","wall","are","450","above","450","jer","street","and","jer","truck","too"
"","filler","common","singular","","left_button","","160","je backpack is below je wall and je key too","je","backpack","is","450","below","450","je","wall","and","je","key","too"
"","filler","common","singular","","left_button","","160","je key is below je backpack and je pencil too","je","key","is","450","below","450","je","backpack","and","je","pencil","too"
"","filler","common","singular","","left_button","","160","je pencil is below je key and je street too","je","pencil","is","450","below","450","je","key","and","je","street","too"
"","filler","common","singular","","left_button","","160","je street is below je pencil and je truck too","je","street","is","450","below","450","je","pencil","and","je","truck","too"
"","filler","common","singular","","left_button","","160","je truck is below je street and je wall too","je","truck","is","450","below","450","je","street","and","je","wall","too"
"","filler","common","singular","","left_button","","160","je wall is below je truck and je backpack too","je","wall","is","450","below","450","je","truck","and","je","backpack","too"
"","filler","common","singular","","left_button","","160","je backpack is below je key and je pencil too","je","backpack","is","450","below","450","je","key","and","je","pencil","too"
"","filler","common","singular","","left_button","","160","je key is below je pencil and je street too","je","key","is","450","below","450","je","pencil","and","je","street","too"
"","filler","common","singular","","left_button","","160","je pencil is below je street and je truck too","je","pencil","is","450","below","450","je","street","and","je","truck","too"
"","filler","common","singular","","left_button","","160","je street is below je truck and je wall too","je","street","is","450","below","450","je","truck","and","je","wall","too"
"","filler","common","singular","","left_button","","160","je truck is below je wall and je backpack too","je","truck","is","450","below","450","je","wall","and","je","backpack","too"
"","filler","common","singular","","left_button","","160","je wall is below je backpack and je key too","je","wall","is","450","below","450","je","backpack","and","je","key","too"
"","filler","common","singular","","left_button","","160","je backpack is below je pencil and je street too","je","backpack","is","450","below","450","je","pencil","and","je","street","too"
"","filler","common","singular","","left_button","","160","je key is below je street and je truck too","je","key","is","450","below","450","je","street","and","je","truck","too"
"","filler","common","singular","","left_button","","160","je pencil is below je truck and je wall too","je","pencil","is","450","below","450","je","truck","and","je","wall","too"
"","filler","common","singular","","left_button","","160","je street is below je wall and je backpack too","je","street","is","450","below","450","je","wall","and","je","backpack","too"
"","filler","common","singular","","left_button","","160","je truck is below je backpack and je key too","je","truck","is","450","below","450","je","backpack","and","je","key","too"
"","filler","common","singular","","left_button","","160","je wall is below je key and je pencil too","je","wall","is","450","below","450","je","key","and","je","pencil","too"
"","filler","common","singular","","left_button","","160","je backpack is below je street and je truck too","je","backpack","is","450","below","450","je","street","and","je","truck","too"
"","filler","common","singular","","left_button","","160","je key is below je truck and je wall too","je","key","is","450","below","450","je","truck","and","je","wall","too"
"","filler","common","singular","","left_button","","160","je pencil is below je wall and je backpack too","je","pencil","is","450","below","450","je","wall","and","je","backpack","too"
"","filler","common","singular","","left_button","","160","je street is below je backpack and je key too","je","street","is","450","below","450","je","backpack","and","je","key","too"
"","filler","common","singular","","left_button","","160","je truck is below je key and je pencil too","je","truck","is","450","below","450","je","key","and","je","pencil","too"
"","filler","common","singular","","left_button","","160","je wall is below je pencil and je street too","je","wall","is","450","below","450","je","pencil","and","je","street","too"
