"list","trial_type","gender","number","grammaticality","correct_response","grammaticality_trigger","sentence_trigger","sentence","word1","word2","word3","word3_duration","word4","word4_duration","word5","word6","word7","word8","word9","word10"
"List 1: grammatical, gender violation, number violation","target","neuter","singular","grammatical","left_button","1","10","brevze er dyrtezu og krusze ogsaa","brevze","er","dyrtezu","440","og","450","krusze","ogsaa","","","",""
"List 1: grammatical, gender violation, number violation","target","neuter","singular","grammatical","left_button","1","10","brevze er dyrtezu og krusze ogsaa","brevze","er","dyrtezu","440","og","450","krusze","ogsaa","","","",""
"List 1: grammatical, gender violation, number violation","target","neuter","singular","grammatical","left_button","1","10","brevze er dyrtezu og krusze ogsaa","brevze","er","dyrtezu","440","og","450","krusze","ogsaa","","","",""
"List 1: grammatical, gender violation, number violation","target","neuter","singular","grammatical","left_button","1","10","brevze er dyrtezu og krusze ogsaa","brevze","er","dyrtezu","440","og","450","krusze","ogsaa","","","",""
"List 1: grammatical, gender violation, number violation","target","neuter","singular","grammatical","left_button","1","10","brevze er dyrtezu og krusze ogsaa","brevze","er","dyrtezu","440","og","450","krusze","ogsaa","","","",""
"List 1: grammatical, gender violation, number violation","target","neuter","singular","grammatical","left_button","1","10","brevze er dyrtezu og krusze ogsaa","brevze","er","dyrtezu","440","og","450","krusze","ogsaa","","","",""
"List 1: grammatical, gender violation, number violation","target","neuter","plural","grammatical","left_button","1","10","brevze er dyrtezu og krusze ogsaa","brevze","er","dyrtezu","440","og","450","krusze","ogsaa","","","",""
"List 1: grammatical, gender violation, number violation","target","neuter","plural","grammatical","left_button","1","10","brevze er dyrtezu og krusze ogsaa","brevze","er","dyrtezu","440","og","450","krusze","ogsaa","","","",""
"List 1: grammatical, gender violation, number violation","target","neuter","plural","grammatical","left_button","1","10","brevze er dyrtezu og krusze ogsaa","brevze","er","dyrtezu","440","og","450","krusze","ogsaa","","","",""
"List 1: grammatical, gender violation, number violation","target","neuter","plural","grammatical","left_button","1","10","brevze er dyrtezu og krusze ogsaa","brevze","er","dyrtezu","440","og","450","krusze","ogsaa","","","",""
"List 1: grammatical, gender violation, number violation","target","neuter","plural","grammatical","left_button","1","10","brevze er dyrtezu og krusze ogsaa","brevze","er","dyrtezu","440","og","450","krusze","ogsaa","","","",""
"List 1: grammatical, gender violation, number violation","target","neuter","plural","grammatical","left_button","1","10","brevze er dyrtezu og krusze ogsaa","brevze","er","dyrtezu","440","og","450","krusze","ogsaa","","","",""
"List 1: grammatical, gender violation, number violation","target","common","singular","grammatical","left_button","1","10","brevze er dyrtezu og krusze ogsaa","brevze","er","dyrtezu","440","og","450","krusze","ogsaa","","","",""
"List 1: grammatical, gender violation, number violation","target","common","singular","grammatical","left_button","1","10","brevze er dyrtezu og krusze ogsaa","brevze","er","dyrtezu","440","og","450","krusze","ogsaa","","","",""
"List 1: grammatical, gender violation, number violation","target","common","singular","grammatical","left_button","1","10","brevze er dyrtezu og krusze ogsaa","brevze","er","dyrtezu","440","og","450","krusze","ogsaa","","","",""
"List 1: grammatical, gender violation, number violation","target","common","singular","grammatical","left_button","1","10","brevze er dyrtezu og krusze ogsaa","brevze","er","dyrtezu","440","og","450","krusze","ogsaa","","","",""
"List 1: grammatical, gender violation, number violation","target","common","singular","grammatical","left_button","1","10","brevze er dyrtezu og krusze ogsaa","brevze","er","dyrtezu","440","og","450","krusze","ogsaa","","","",""
"List 1: grammatical, gender violation, number violation","target","common","singular","grammatical","left_button","1","10","brevze er dyrtezu og krusze ogsaa","brevze","er","dyrtezu","440","og","450","krusze","ogsaa","","","",""
"List 1: grammatical, gender violation, number violation","target","common","plural","grammatical","left_button","1","10","brevze er dyrtezu og krusze ogsaa","brevze","er","dyrtezu","440","og","450","krusze","ogsaa","","","",""
"List 1: grammatical, gender violation, number violation","target","common","plural","grammatical","left_button","1","10","brevze er dyrtezu og krusze ogsaa","brevze","er","dyrtezu","440","og","450","krusze","ogsaa","","","",""
"List 1: grammatical, gender violation, number violation","target","common","plural","grammatical","left_button","1","10","brevze er dyrtezu og krusze ogsaa","brevze","er","dyrtezu","440","og","450","krusze","ogsaa","","","",""
"List 1: grammatical, gender violation, number violation","target","common","plural","grammatical","left_button","1","10","brevze er dyrtezu og krusze ogsaa","brevze","er","dyrtezu","440","og","450","krusze","ogsaa","","","",""
"List 1: grammatical, gender violation, number violation","target","common","plural","grammatical","left_button","1","10","brevze er dyrtezu og krusze ogsaa","brevze","er","dyrtezu","440","og","450","krusze","ogsaa","","","",""
"List 1: grammatical, gender violation, number violation","target","common","plural","grammatical","left_button","1","10","brevze er dyrtezu og krusze ogsaa","brevze","er","dyrtezu","440","og","450","krusze","ogsaa","","","",""
"List 1: grammatical, gender violation, number violation","target","common","singular","grammatical","left_button","1","10","brevze er dyrtezu og krusze ogsaa","brevze","er","dyrtezu","440","og","450","krusze","ogsaa","","","",""
"List 1: grammatical, gender violation, number violation","target","common","singular","grammatical","left_button","1","10","brevze er dyrtezu og krusze ogsaa","brevze","er","dyrtezu","440","og","450","krusze","ogsaa","","","",""
"List 1: grammatical, gender violation, number violation","target","common","singular","grammatical","left_button","1","10","brevze er dyrtezu og krusze ogsaa","brevze","er","dyrtezu","440","og","450","krusze","ogsaa","","","",""
"List 1: grammatical, gender violation, number violation","target","common","singular","grammatical","left_button","1","10","brevze er dyrtezu og krusze ogsaa","brevze","er","dyrtezu","440","og","450","krusze","ogsaa","","","",""
"List 1: grammatical, gender violation, number violation","target","common","singular","grammatical","left_button","1","10","brevze er dyrtezu og krusze ogsaa","brevze","er","dyrtezu","440","og","450","krusze","ogsaa","","","",""
"List 1: grammatical, gender violation, number violation","target","common","singular","grammatical","left_button","1","10","brevze er dyrtezu og krusze ogsaa","brevze","er","dyrtezu","440","og","450","krusze","ogsaa","","","",""
"List 1: grammatical, gender violation, number violation","target","common","plural","grammatical","left_button","1","10","brevze er dyrtezu og krusze ogsaa","brevze","er","dyrtezu","440","og","450","krusze","ogsaa","","","",""
"List 1: grammatical, gender violation, number violation","target","common","plural","grammatical","left_button","1","10","brevze er dyrtezu og krusze ogsaa","brevze","er","dyrtezu","440","og","450","krusze","ogsaa","","","",""
"List 1: grammatical, gender violation, number violation","target","common","plural","grammatical","left_button","1","10","brevze er dyrtezu og krusze ogsaa","brevze","er","dyrtezu","440","og","450","krusze","ogsaa","","","",""
"List 1: grammatical, gender violation, number violation","target","common","plural","grammatical","left_button","1","10","brevze er dyrtezu og krusze ogsaa","brevze","er","dyrtezu","440","og","450","krusze","ogsaa","","","",""
"List 1: grammatical, gender violation, number violation","target","common","plural","grammatical","left_button","1","10","brevze er dyrtezu og krusze ogsaa","brevze","er","dyrtezu","440","og","450","krusze","ogsaa","","","",""
"List 1: grammatical, gender violation, number violation","target","common","plural","grammatical","left_button","1","10","brevze er dyrtezu og krusze ogsaa","brevze","er","dyrtezu","440","og","450","krusze","ogsaa","","","",""
"List 1: grammatical, gender violation, number violation","target","common","singular","grammatical","left_button","1","10","brevze er dyrtezu og krusze ogsaa","brevze","er","dyrtezu","440","og","450","krusze","ogsaa","","","",""
"List 1: grammatical, gender violation, number violation","target","common","singular","grammatical","left_button","1","10","brevze er dyrtezu og krusze ogsaa","brevze","er","dyrtezu","440","og","450","krusze","ogsaa","","","",""
"List 1: grammatical, gender violation, number violation","target","common","singular","grammatical","left_button","1","10","brevze er dyrtezu og krusze ogsaa","brevze","er","dyrtezu","440","og","450","krusze","ogsaa","","","",""
"List 1: grammatical, gender violation, number violation","target","common","singular","grammatical","left_button","1","10","brevze er dyrtezu og krusze ogsaa","brevze","er","dyrtezu","440","og","450","krusze","ogsaa","","","",""
"List 1: grammatical, gender violation, number violation","target","common","singular","grammatical","left_button","1","10","brevze er dyrtezu og krusze ogsaa","brevze","er","dyrtezu","440","og","450","krusze","ogsaa","","","",""
"List 1: grammatical, gender violation, number violation","target","common","singular","grammatical","left_button","1","10","brevze er dyrtezu og krusze ogsaa","brevze","er","dyrtezu","440","og","450","krusze","ogsaa","","","",""
"List 1: grammatical, gender violation, number violation","target","common","plural","grammatical","left_button","1","10","brevze er dyrtezu og krusze ogsaa","brevze","er","dyrtezu","440","og","450","krusze","ogsaa","","","",""
"List 1: grammatical, gender violation, number violation","target","common","plural","grammatical","left_button","1","10","brevze er dyrtezu og krusze ogsaa","brevze","er","dyrtezu","440","og","450","krusze","ogsaa","","","",""
"List 1: grammatical, gender violation, number violation","target","common","plural","grammatical","left_button","1","10","brevze er dyrtezu og krusze ogsaa","brevze","er","dyrtezu","440","og","450","krusze","ogsaa","","","",""
"List 1: grammatical, gender violation, number violation","target","common","plural","grammatical","left_button","1","10","brevze er dyrtezu og krusze ogsaa","brevze","er","dyrtezu","440","og","450","krusze","ogsaa","","","",""
"List 1: grammatical, gender violation, number violation","target","common","plural","grammatical","left_button","1","10","brevze er dyrtezu og krusze ogsaa","brevze","er","dyrtezu","440","og","450","krusze","ogsaa","","","",""
"List 1: grammatical, gender violation, number violation","target","common","plural","grammatical","left_button","1","10","brevze er dyrtezu og krusze ogsaa","brevze","er","dyrtezu","440","og","450","krusze","ogsaa","","","",""
"List 1: grammatical, gender violation, number violation","target","neuter","singular","gender_violation","right_button","2","10","brevze er dyrtezu og krusze ogsaa","brevze","er","dyrtezu","440","og","450","krusze","ogsaa","","","",""
"List 1: grammatical, gender violation, number violation","target","neuter","singular","gender_violation","right_button","2","10","brevze er dyrtezu og krusze ogsaa","brevze","er","dyrtezu","440","og","450","krusze","ogsaa","","","",""
"List 1: grammatical, gender violation, number violation","target","neuter","singular","gender_violation","right_button","2","10","brevze er dyrtezu og krusze ogsaa","brevze","er","dyrtezu","440","og","450","krusze","ogsaa","","","",""
"List 1: grammatical, gender violation, number violation","target","neuter","singular","gender_violation","right_button","2","10","brevze er dyrtezu og krusze ogsaa","brevze","er","dyrtezu","440","og","450","krusze","ogsaa","","","",""
"List 1: grammatical, gender violation, number violation","target","neuter","singular","gender_violation","right_button","2","10","brevze er dyrtezu og krusze ogsaa","brevze","er","dyrtezu","440","og","450","krusze","ogsaa","","","",""
"List 1: grammatical, gender violation, number violation","target","neuter","singular","gender_violation","right_button","2","10","brevze er dyrtezu og krusze ogsaa","brevze","er","dyrtezu","440","og","450","krusze","ogsaa","","","",""
"List 1: grammatical, gender violation, number violation","target","neuter","plural","gender_violation","right_button","2","10","brevze er dyrtezu og krusze ogsaa","brevze","er","dyrtezu","440","og","450","krusze","ogsaa","","","",""
"List 1: grammatical, gender violation, number violation","target","neuter","plural","gender_violation","right_button","2","10","brevze er dyrtezu og krusze ogsaa","brevze","er","dyrtezu","440","og","450","krusze","ogsaa","","","",""
"List 1: grammatical, gender violation, number violation","target","neuter","plural","gender_violation","right_button","2","10","brevze er dyrtezu og krusze ogsaa","brevze","er","dyrtezu","440","og","450","krusze","ogsaa","","","",""
"List 1: grammatical, gender violation, number violation","target","neuter","plural","gender_violation","right_button","2","10","brevze er dyrtezu og krusze ogsaa","brevze","er","dyrtezu","440","og","450","krusze","ogsaa","","","",""
"List 1: grammatical, gender violation, number violation","target","neuter","plural","gender_violation","right_button","2","10","brevze er dyrtezu og krusze ogsaa","brevze","er","dyrtezu","440","og","450","krusze","ogsaa","","","",""
"List 1: grammatical, gender violation, number violation","target","neuter","plural","gender_violation","right_button","2","10","brevze er dyrtezu og krusze ogsaa","brevze","er","dyrtezu","440","og","450","krusze","ogsaa","","","",""
"List 1: grammatical, gender violation, number violation","target","common","singular","gender_violation","right_button","2","10","brevze er dyrtezu og krusze ogsaa","brevze","er","dyrtezu","440","og","450","krusze","ogsaa","","","",""
"List 1: grammatical, gender violation, number violation","target","common","singular","gender_violation","right_button","2","10","brevze er dyrtezu og krusze ogsaa","brevze","er","dyrtezu","440","og","450","krusze","ogsaa","","","",""
"List 1: grammatical, gender violation, number violation","target","common","singular","gender_violation","right_button","2","10","brevze er dyrtezu og krusze ogsaa","brevze","er","dyrtezu","440","og","450","krusze","ogsaa","","","",""
"List 1: grammatical, gender violation, number violation","target","common","singular","gender_violation","right_button","2","10","brevze er dyrtezu og krusze ogsaa","brevze","er","dyrtezu","440","og","450","krusze","ogsaa","","","",""
"List 1: grammatical, gender violation, number violation","target","common","singular","gender_violation","right_button","2","10","brevze er dyrtezu og krusze ogsaa","brevze","er","dyrtezu","440","og","450","krusze","ogsaa","","","",""
"List 1: grammatical, gender violation, number violation","target","common","singular","gender_violation","right_button","2","10","brevze er dyrtezu og krusze ogsaa","brevze","er","dyrtezu","440","og","450","krusze","ogsaa","","","",""
"List 1: grammatical, gender violation, number violation","target","common","plural","gender_violation","right_button","2","10","brevze er dyrtezu og krusze ogsaa","brevze","er","dyrtezu","440","og","450","krusze","ogsaa","","","",""
"List 1: grammatical, gender violation, number violation","target","common","plural","gender_violation","right_button","2","10","brevze er dyrtezu og krusze ogsaa","brevze","er","dyrtezu","440","og","450","krusze","ogsaa","","","",""
"List 1: grammatical, gender violation, number violation","target","common","plural","gender_violation","right_button","2","10","brevze er dyrtezu og krusze ogsaa","brevze","er","dyrtezu","440","og","450","krusze","ogsaa","","","",""
"List 1: grammatical, gender violation, number violation","target","common","plural","gender_violation","right_button","2","10","brevze er dyrtezu og krusze ogsaa","brevze","er","dyrtezu","440","og","450","krusze","ogsaa","","","",""
"List 1: grammatical, gender violation, number violation","target","common","plural","gender_violation","right_button","2","10","brevze er dyrtezu og krusze ogsaa","brevze","er","dyrtezu","440","og","450","krusze","ogsaa","","","",""
"List 1: grammatical, gender violation, number violation","target","common","plural","gender_violation","right_button","2","10","brevze er dyrtezu og krusze ogsaa","brevze","er","dyrtezu","440","og","450","krusze","ogsaa","","","",""
"List 1: grammatical, gender violation, number violation","target","neuter","singular","gender_violation","right_button","2","10","brevze er dyrtezu og krusze ogsaa","brevze","er","dyrtezu","440","og","450","krusze","ogsaa","","","",""
"List 1: grammatical, gender violation, number violation","target","neuter","singular","gender_violation","right_button","2","10","brevze er dyrtezu og krusze ogsaa","brevze","er","dyrtezu","440","og","450","krusze","ogsaa","","","",""
"List 1: grammatical, gender violation, number violation","target","neuter","singular","gender_violation","right_button","2","10","brevze er dyrtezu og krusze ogsaa","brevze","er","dyrtezu","440","og","450","krusze","ogsaa","","","",""
"List 1: grammatical, gender violation, number violation","target","neuter","singular","gender_violation","right_button","2","10","brevze er dyrtezu og krusze ogsaa","brevze","er","dyrtezu","440","og","450","krusze","ogsaa","","","",""
"List 1: grammatical, gender violation, number violation","target","neuter","singular","gender_violation","right_button","2","10","brevze er dyrtezu og krusze ogsaa","brevze","er","dyrtezu","440","og","450","krusze","ogsaa","","","",""
"List 1: grammatical, gender violation, number violation","target","neuter","singular","gender_violation","right_button","2","10","brevze er dyrtezu og krusze ogsaa","brevze","er","dyrtezu","440","og","450","krusze","ogsaa","","","",""
"List 1: grammatical, gender violation, number violation","target","neuter","plural","gender_violation","right_button","2","10","brevze er dyrtezu og krusze ogsaa","brevze","er","dyrtezu","440","og","450","krusze","ogsaa","","","",""
"List 1: grammatical, gender violation, number violation","target","neuter","plural","gender_violation","right_button","2","10","brevze er dyrtezu og krusze ogsaa","brevze","er","dyrtezu","440","og","450","krusze","ogsaa","","","",""
"List 1: grammatical, gender violation, number violation","target","neuter","plural","gender_violation","right_button","2","10","brevze er dyrtezu og krusze ogsaa","brevze","er","dyrtezu","440","og","450","krusze","ogsaa","","","",""
"List 1: grammatical, gender violation, number violation","target","neuter","plural","gender_violation","right_button","2","10","brevze er dyrtezu og krusze ogsaa","brevze","er","dyrtezu","440","og","450","krusze","ogsaa","","","",""
"List 1: grammatical, gender violation, number violation","target","neuter","plural","gender_violation","right_button","2","10","brevze er dyrtezu og krusze ogsaa","brevze","er","dyrtezu","440","og","450","krusze","ogsaa","","","",""
"List 1: grammatical, gender violation, number violation","target","neuter","plural","gender_violation","right_button","2","10","brevze er dyrtezu og krusze ogsaa","brevze","er","dyrtezu","440","og","450","krusze","ogsaa","","","",""
"List 1: grammatical, gender violation, number violation","target","common","singular","gender_violation","right_button","2","10","brevze er dyrtezu og krusze ogsaa","brevze","er","dyrtezu","440","og","450","krusze","ogsaa","","","",""
"List 1: grammatical, gender violation, number violation","target","common","singular","gender_violation","right_button","2","10","brevze er dyrtezu og krusze ogsaa","brevze","er","dyrtezu","440","og","450","krusze","ogsaa","","","",""
"List 1: grammatical, gender violation, number violation","target","common","singular","gender_violation","right_button","2","10","brevze er dyrtezu og krusze ogsaa","brevze","er","dyrtezu","440","og","450","krusze","ogsaa","","","",""
"List 1: grammatical, gender violation, number violation","target","common","singular","gender_violation","right_button","2","10","brevze er dyrtezu og krusze ogsaa","brevze","er","dyrtezu","440","og","450","krusze","ogsaa","","","",""
"List 1: grammatical, gender violation, number violation","target","common","singular","gender_violation","right_button","2","10","brevze er dyrtezu og krusze ogsaa","brevze","er","dyrtezu","440","og","450","krusze","ogsaa","","","",""
"List 1: grammatical, gender violation, number violation","target","common","singular","gender_violation","right_button","2","10","brevze er dyrtezu og krusze ogsaa","brevze","er","dyrtezu","440","og","450","krusze","ogsaa","","","",""
"List 1: grammatical, gender violation, number violation","target","common","plural","gender_violation","right_button","2","10","brevze er dyrtezu og krusze ogsaa","brevze","er","dyrtezu","440","og","450","krusze","ogsaa","","","",""
"List 1: grammatical, gender violation, number violation","target","common","plural","gender_violation","right_button","2","10","brevze er dyrtezu og krusze ogsaa","brevze","er","dyrtezu","440","og","450","krusze","ogsaa","","","",""
"List 1: grammatical, gender violation, number violation","target","common","plural","gender_violation","right_button","2","10","brevze er dyrtezu og krusze ogsaa","brevze","er","dyrtezu","440","og","450","krusze","ogsaa","","","",""
"List 1: grammatical, gender violation, number violation","target","common","plural","gender_violation","right_button","2","10","brevze er dyrtezu og krusze ogsaa","brevze","er","dyrtezu","440","og","450","krusze","ogsaa","","","",""
"List 1: grammatical, gender violation, number violation","target","common","plural","gender_violation","right_button","2","10","brevze er dyrtezu og krusze ogsaa","brevze","er","dyrtezu","440","og","450","krusze","ogsaa","","","",""
"List 1: grammatical, gender violation, number violation","target","common","plural","gender_violation","right_button","2","10","brevze er dyrtezu og krusze ogsaa","brevze","er","dyrtezu","440","og","450","krusze","ogsaa","","","",""
"List 1: grammatical, gender violation, number violation","target","common","singular","number_violation","right_button","3","10","brevze er dyrtezu og krusze ogsaa","brevze","er","dyrtezu","440","og","450","krusze","ogsaa","","","",""
"List 1: grammatical, gender violation, number violation","target","common","singular","number_violation","right_button","3","10","brevze er dyrtezu og krusze ogsaa","brevze","er","dyrtezu","440","og","450","krusze","ogsaa","","","",""
"List 1: grammatical, gender violation, number violation","target","common","singular","number_violation","right_button","3","10","brevze er dyrtezu og krusze ogsaa","brevze","er","dyrtezu","440","og","450","krusze","ogsaa","","","",""
"List 1: grammatical, gender violation, number violation","target","common","singular","number_violation","right_button","3","10","brevze er dyrtezu og krusze ogsaa","brevze","er","dyrtezu","440","og","450","krusze","ogsaa","","","",""
"List 1: grammatical, gender violation, number violation","target","common","singular","number_violation","right_button","3","10","brevze er dyrtezu og krusze ogsaa","brevze","er","dyrtezu","440","og","450","krusze","ogsaa","","","",""
"List 1: grammatical, gender violation, number violation","target","common","singular","number_violation","right_button","3","10","brevze er dyrtezu og krusze ogsaa","brevze","er","dyrtezu","440","og","450","krusze","ogsaa","","","",""
"List 1: grammatical, gender violation, number violation","target","common","plural","number_violation","right_button","3","10","brevze er dyrtezu og krusze ogsaa","brevze","er","dyrtezu","440","og","450","krusze","ogsaa","","","",""
"List 1: grammatical, gender violation, number violation","target","common","plural","number_violation","right_button","3","10","brevze er dyrtezu og krusze ogsaa","brevze","er","dyrtezu","440","og","450","krusze","ogsaa","","","",""
"List 1: grammatical, gender violation, number violation","target","common","plural","number_violation","right_button","3","10","brevze er dyrtezu og krusze ogsaa","brevze","er","dyrtezu","440","og","450","krusze","ogsaa","","","",""
"List 1: grammatical, gender violation, number violation","target","common","plural","number_violation","right_button","3","10","brevze er dyrtezu og krusze ogsaa","brevze","er","dyrtezu","440","og","450","krusze","ogsaa","","","",""
"List 1: grammatical, gender violation, number violation","target","common","plural","number_violation","right_button","3","10","brevze er dyrtezu og krusze ogsaa","brevze","er","dyrtezu","440","og","450","krusze","ogsaa","","","",""
"List 1: grammatical, gender violation, number violation","target","common","plural","number_violation","right_button","3","10","brevze er dyrtezu og krusze ogsaa","brevze","er","dyrtezu","440","og","450","krusze","ogsaa","","","",""
"List 1: grammatical, gender violation, number violation","target","neuter","singular","number_violation","right_button","3","10","brevze er dyrtezu og krusze ogsaa","brevze","er","dyrtezu","440","og","450","krusze","ogsaa","","","",""
"List 1: grammatical, gender violation, number violation","target","neuter","singular","number_violation","right_button","3","10","brevze er dyrtezu og krusze ogsaa","brevze","er","dyrtezu","440","og","450","krusze","ogsaa","","","",""
"List 1: grammatical, gender violation, number violation","target","neuter","singular","number_violation","right_button","3","10","brevze er dyrtezu og krusze ogsaa","brevze","er","dyrtezu","440","og","450","krusze","ogsaa","","","",""
"List 1: grammatical, gender violation, number violation","target","neuter","singular","number_violation","right_button","3","10","brevze er dyrtezu og krusze ogsaa","brevze","er","dyrtezu","440","og","450","krusze","ogsaa","","","",""
"List 1: grammatical, gender violation, number violation","target","neuter","singular","number_violation","right_button","3","10","brevze er dyrtezu og krusze ogsaa","brevze","er","dyrtezu","440","og","450","krusze","ogsaa","","","",""
"List 1: grammatical, gender violation, number violation","target","neuter","singular","number_violation","right_button","3","10","brevze er dyrtezu og krusze ogsaa","brevze","er","dyrtezu","440","og","450","krusze","ogsaa","","","",""
"List 1: grammatical, gender violation, number violation","target","neuter","plural","number_violation","right_button","3","10","brevze er dyrtezu og krusze ogsaa","brevze","er","dyrtezu","440","og","450","krusze","ogsaa","","","",""
"List 1: grammatical, gender violation, number violation","target","neuter","plural","number_violation","right_button","3","10","brevze er dyrtezu og krusze ogsaa","brevze","er","dyrtezu","440","og","450","krusze","ogsaa","","","",""
"List 1: grammatical, gender violation, number violation","target","neuter","plural","number_violation","right_button","3","10","brevze er dyrtezu og krusze ogsaa","brevze","er","dyrtezu","440","og","450","krusze","ogsaa","","","",""
"List 1: grammatical, gender violation, number violation","target","neuter","plural","number_violation","right_button","3","10","brevze er dyrtezu og krusze ogsaa","brevze","er","dyrtezu","440","og","450","krusze","ogsaa","","","",""
"List 1: grammatical, gender violation, number violation","target","neuter","plural","number_violation","right_button","3","10","brevze er dyrtezu og krusze ogsaa","brevze","er","dyrtezu","440","og","450","krusze","ogsaa","","","",""
"List 1: grammatical, gender violation, number violation","target","neuter","plural","number_violation","right_button","3","10","brevze er dyrtezu og krusze ogsaa","brevze","er","dyrtezu","440","og","450","krusze","ogsaa","","","",""
"List 1: grammatical, gender violation, number violation","target","neuter","singular","number_violation","right_button","3","10","brevze er dyrtezu og krusze ogsaa","brevze","er","dyrtezu","440","og","450","krusze","ogsaa","","","",""
"List 1: grammatical, gender violation, number violation","target","neuter","singular","number_violation","right_button","3","10","brevze er dyrtezu og krusze ogsaa","brevze","er","dyrtezu","440","og","450","krusze","ogsaa","","","",""
"List 1: grammatical, gender violation, number violation","target","neuter","singular","number_violation","right_button","3","10","brevze er dyrtezu og krusze ogsaa","brevze","er","dyrtezu","440","og","450","krusze","ogsaa","","","",""
"List 1: grammatical, gender violation, number violation","target","neuter","singular","number_violation","right_button","3","10","brevze er dyrtezu og krusze ogsaa","brevze","er","dyrtezu","440","og","450","krusze","ogsaa","","","",""
"List 1: grammatical, gender violation, number violation","target","neuter","singular","number_violation","right_button","3","10","brevze er dyrtezu og krusze ogsaa","brevze","er","dyrtezu","440","og","450","krusze","ogsaa","","","",""
"List 1: grammatical, gender violation, number violation","target","neuter","singular","number_violation","right_button","3","10","brevze er dyrtezu og krusze ogsaa","brevze","er","dyrtezu","440","og","450","krusze","ogsaa","","","",""
"List 1: grammatical, gender violation, number violation","target","neuter","plural","number_violation","right_button","3","10","brevze er dyrtezu og krusze ogsaa","brevze","er","dyrtezu","440","og","450","krusze","ogsaa","","","",""
"List 1: grammatical, gender violation, number violation","target","neuter","plural","number_violation","right_button","3","10","brevze er dyrtezu og krusze ogsaa","brevze","er","dyrtezu","440","og","450","krusze","ogsaa","","","",""
"List 1: grammatical, gender violation, number violation","target","neuter","plural","number_violation","right_button","3","10","brevze er dyrtezu og krusze ogsaa","brevze","er","dyrtezu","440","og","450","krusze","ogsaa","","","",""
"List 1: grammatical, gender violation, number violation","target","neuter","plural","number_violation","right_button","3","10","brevze er dyrtezu og krusze ogsaa","brevze","er","dyrtezu","440","og","450","krusze","ogsaa","","","",""
"List 1: grammatical, gender violation, number violation","target","neuter","plural","number_violation","right_button","3","10","brevze er dyrtezu og krusze ogsaa","brevze","er","dyrtezu","440","og","450","krusze","ogsaa","","","",""
"List 1: grammatical, gender violation, number violation","target","neuter","plural","number_violation","right_button","3","10","brevze er dyrtezu og krusze ogsaa","brevze","er","dyrtezu","440","og","450","krusze","ogsaa","","","",""
"List 1: grammatical, gender violation, number violation","target","neuter","singular","number_violation","right_button","3","10","brevze er dyrtezu og krusze ogsaa","brevze","er","dyrtezu","440","og","450","krusze","ogsaa","","","",""
"List 1: grammatical, gender violation, number violation","target","neuter","singular","number_violation","right_button","3","10","brevze er dyrtezu og krusze ogsaa","brevze","er","dyrtezu","440","og","450","krusze","ogsaa","","","",""
"List 1: grammatical, gender violation, number violation","target","neuter","singular","number_violation","right_button","3","10","brevze er dyrtezu og krusze ogsaa","brevze","er","dyrtezu","440","og","450","krusze","ogsaa","","","",""
"List 1: grammatical, gender violation, number violation","target","neuter","singular","number_violation","right_button","3","10","brevze er dyrtezu og krusze ogsaa","brevze","er","dyrtezu","440","og","450","krusze","ogsaa","","","",""
"List 1: grammatical, gender violation, number violation","target","neuter","singular","number_violation","right_button","3","10","brevze er dyrtezu og krusze ogsaa","brevze","er","dyrtezu","440","og","450","krusze","ogsaa","","","",""
"List 1: grammatical, gender violation, number violation","target","neuter","singular","number_violation","right_button","3","10","brevze er dyrtezu og krusze ogsaa","brevze","er","dyrtezu","440","og","450","krusze","ogsaa","","","",""
"List 1: grammatical, gender violation, number violation","target","neuter","plural","number_violation","right_button","3","10","brevze er dyrtezu og krusze ogsaa","brevze","er","dyrtezu","440","og","450","krusze","ogsaa","","","",""
"List 1: grammatical, gender violation, number violation","target","neuter","plural","number_violation","right_button","3","10","brevze er dyrtezu og krusze ogsaa","brevze","er","dyrtezu","440","og","450","krusze","ogsaa","","","",""
"List 1: grammatical, gender violation, number violation","target","neuter","plural","number_violation","right_button","3","10","brevze er dyrtezu og krusze ogsaa","brevze","er","dyrtezu","440","og","450","krusze","ogsaa","","","",""
"List 1: grammatical, gender violation, number violation","target","neuter","plural","number_violation","right_button","3","10","brevze er dyrtezu og krusze ogsaa","brevze","er","dyrtezu","440","og","450","krusze","ogsaa","","","",""
"List 1: grammatical, gender violation, number violation","target","neuter","plural","number_violation","right_button","3","10","brevze er dyrtezu og krusze ogsaa","brevze","er","dyrtezu","440","og","450","krusze","ogsaa","","","",""
"List 1: grammatical, gender violation, number violation","target","neuter","plural","number_violation","right_button","3","10","brevze er dyrtezu og krusze ogsaa","brevze","er","dyrtezu","440","og","450","krusze","ogsaa","","","",""
"","filler","common","plural","","left_button","","160","blyantjer er over gatejer og lastebiljer ogsaa","blyantjer","er","over","450","gatejer","450","og","lastebiljer","ogsaa","","",""
"","filler","common","plural","","left_button","","160","gatejer er over lastebiljer og noekkeljer ogsaa","gatejer","er","over","450","lastebiljer","450","og","noekkeljer","ogsaa","","",""
"","filler","common","plural","","left_button","","160","lastebiljer er over noekkeljer og ryggsekkjer ogsaa","lastebiljer","er","over","450","noekkeljer","450","og","ryggsekkjer","ogsaa","","",""
"","filler","common","plural","","left_button","","160","noekkeljer er over ryggsekkjer og veggjer ogsaa","noekkeljer","er","over","450","ryggsekkjer","450","og","veggjer","ogsaa","","",""
"","filler","common","plural","","left_button","","160","ryggsekkjer er over veggjer og blyantjer ogsaa","ryggsekkjer","er","over","450","veggjer","450","og","blyantjer","ogsaa","","",""
"","filler","common","plural","","left_button","","160","veggjer er over blyantjer og gatejer ogsaa","veggjer","er","over","450","blyantjer","450","og","gatejer","ogsaa","","",""
"","filler","common","plural","","left_button","","160","blyantjer er over lastebiljer og noekkeljer ogsaa","blyantjer","er","over","450","lastebiljer","450","og","noekkeljer","ogsaa","","",""
"","filler","common","plural","","left_button","","160","gatejer er over noekkeljer og ryggsekkjer ogsaa","gatejer","er","over","450","noekkeljer","450","og","ryggsekkjer","ogsaa","","",""
"","filler","common","plural","","left_button","","160","lastebiljer er over ryggsekkjer og veggjer ogsaa","lastebiljer","er","over","450","ryggsekkjer","450","og","veggjer","ogsaa","","",""
"","filler","common","plural","","left_button","","160","noekkeljer er over veggjer og blyantjer ogsaa","noekkeljer","er","over","450","veggjer","450","og","blyantjer","ogsaa","","",""
"","filler","common","plural","","left_button","","160","ryggsekkjer er over blyantjer og gatejer ogsaa","ryggsekkjer","er","over","450","blyantjer","450","og","gatejer","ogsaa","","",""
"","filler","common","plural","","left_button","","160","veggjer er over gatejer og lastebiljer ogsaa","veggjer","er","over","450","gatejer","450","og","lastebiljer","ogsaa","","",""
"","filler","common","plural","","left_button","","160","blyantjer er over noekkeljer og ryggsekkjer ogsaa","blyantjer","er","over","450","noekkeljer","450","og","ryggsekkjer","ogsaa","","",""
"","filler","common","plural","","left_button","","160","gatejer er over ryggsekkjer og veggjer ogsaa","gatejer","er","over","450","ryggsekkjer","450","og","veggjer","ogsaa","","",""
"","filler","common","plural","","left_button","","160","lastebiljer er over veggjer og blyantjer ogsaa","lastebiljer","er","over","450","veggjer","450","og","blyantjer","ogsaa","","",""
"","filler","common","plural","","left_button","","160","noekkeljer er over blyantjer og gatejer ogsaa","noekkeljer","er","over","450","blyantjer","450","og","gatejer","ogsaa","","",""
"","filler","common","plural","","left_button","","160","ryggsekkjer er over gatejer og lastebiljer ogsaa","ryggsekkjer","er","over","450","gatejer","450","og","lastebiljer","ogsaa","","",""
"","filler","common","plural","","left_button","","160","veggjer er over lastebiljer og noekkeljer ogsaa","veggjer","er","over","450","lastebiljer","450","og","noekkeljer","ogsaa","","",""
"","filler","common","plural","","left_button","","160","blyantjer er over ryggsekkjer og veggjer ogsaa","blyantjer","er","over","450","ryggsekkjer","450","og","veggjer","ogsaa","","",""
"","filler","common","plural","","left_button","","160","gatejer er over veggjer og blyantjer ogsaa","gatejer","er","over","450","veggjer","450","og","blyantjer","ogsaa","","",""
"","filler","common","plural","","left_button","","160","lastebiljer er over blyantjer og gatejer ogsaa","lastebiljer","er","over","450","blyantjer","450","og","gatejer","ogsaa","","",""
"","filler","common","plural","","left_button","","160","noekkeljer er over gatejer og lastebiljer ogsaa","noekkeljer","er","over","450","gatejer","450","og","lastebiljer","ogsaa","","",""
"","filler","common","plural","","left_button","","160","ryggsekkjer er over lastebiljer og noekkeljer ogsaa","ryggsekkjer","er","over","450","lastebiljer","450","og","noekkeljer","ogsaa","","",""
"","filler","common","plural","","left_button","","160","veggjer er over noekkeljer og ryggsekkjer ogsaa","veggjer","er","over","450","noekkeljer","450","og","ryggsekkjer","ogsaa","","",""
"","filler","common","singular","","left_button","","160","blyantje er under veggje og gateje ogsaa","blyantje","er","under","450","veggje","450","og","gateje","ogsaa","","",""
"","filler","common","singular","","left_button","","160","gateje er under blyantje og lastebilje ogsaa","gateje","er","under","450","blyantje","450","og","lastebilje","ogsaa","","",""
"","filler","common","singular","","left_button","","160","lastebilje er under gateje og noekkelje ogsaa","lastebilje","er","under","450","gateje","450","og","noekkelje","ogsaa","","",""
"","filler","common","singular","","left_button","","160","noekkelje er under lastebilje og ryggsekkje ogsaa","noekkelje","er","under","450","lastebilje","450","og","ryggsekkje","ogsaa","","",""
"","filler","common","singular","","left_button","","160","ryggsekkje er under noekkelje og veggje ogsaa","ryggsekkje","er","under","450","noekkelje","450","og","veggje","ogsaa","","",""
"","filler","common","singular","","left_button","","160","veggje er under ryggsekkje og blyantje ogsaa","veggje","er","under","450","ryggsekkje","450","og","blyantje","ogsaa","","",""
"","filler","common","singular","","left_button","","160","blyantje er under gateje og lastebilje ogsaa","blyantje","er","under","450","gateje","450","og","lastebilje","ogsaa","","",""
"","filler","common","singular","","left_button","","160","gateje er under lastebilje og noekkelje ogsaa","gateje","er","under","450","lastebilje","450","og","noekkelje","ogsaa","","",""
"","filler","common","singular","","left_button","","160","lastebilje er under noekkelje og ryggsekkje ogsaa","lastebilje","er","under","450","noekkelje","450","og","ryggsekkje","ogsaa","","",""
"","filler","common","singular","","left_button","","160","noekkelje er under ryggsekkje og veggje ogsaa","noekkelje","er","under","450","ryggsekkje","450","og","veggje","ogsaa","","",""
"","filler","common","singular","","left_button","","160","ryggsekkje er under veggje og blyantje ogsaa","ryggsekkje","er","under","450","veggje","450","og","blyantje","ogsaa","","",""
"","filler","common","singular","","left_button","","160","veggje er under blyantje og gateje ogsaa","veggje","er","under","450","blyantje","450","og","gateje","ogsaa","","",""
"","filler","common","singular","","left_button","","160","blyantje er under lastebilje og noekkelje ogsaa","blyantje","er","under","450","lastebilje","450","og","noekkelje","ogsaa","","",""
"","filler","common","singular","","left_button","","160","gateje er under noekkelje og ryggsekkje ogsaa","gateje","er","under","450","noekkelje","450","og","ryggsekkje","ogsaa","","",""
"","filler","common","singular","","left_button","","160","lastebilje er under ryggsekkje og veggje ogsaa","lastebilje","er","under","450","ryggsekkje","450","og","veggje","ogsaa","","",""
"","filler","common","singular","","left_button","","160","noekkelje er under veggje og blyantje ogsaa","noekkelje","er","under","450","veggje","450","og","blyantje","ogsaa","","",""
"","filler","common","singular","","left_button","","160","ryggsekkje er under blyantje og gateje ogsaa","ryggsekkje","er","under","450","blyantje","450","og","gateje","ogsaa","","",""
"","filler","common","singular","","left_button","","160","veggje er under gateje og lastebilje ogsaa","veggje","er","under","450","gateje","450","og","lastebilje","ogsaa","","",""
"","filler","common","singular","","left_button","","160","blyantje er under noekkelje og ryggsekkje ogsaa","blyantje","er","under","450","noekkelje","450","og","ryggsekkje","ogsaa","","",""
"","filler","common","singular","","left_button","","160","gateje er under ryggsekkje og veggje ogsaa","gateje","er","under","450","ryggsekkje","450","og","veggje","ogsaa","","",""
"","filler","common","singular","","left_button","","160","lastebilje er under veggje og blyantje ogsaa","lastebilje","er","under","450","veggje","450","og","blyantje","ogsaa","","",""
"","filler","common","singular","","left_button","","160","noekkelje er under blyantje og gateje ogsaa","noekkelje","er","under","450","blyantje","450","og","gateje","ogsaa","","",""
"","filler","common","singular","","left_button","","160","ryggsekkje er under gateje og lastebilje ogsaa","ryggsekkje","er","under","450","gateje","450","og","lastebilje","ogsaa","","",""
"","filler","common","singular","","left_button","","160","veggje er under lastebilje og noekkelje ogsaa","veggje","er","under","450","lastebilje","450","og","noekkelje","ogsaa","","",""
"","filler","neuter","plural","","left_button","","160","bassengzer er over bordzer og brevzer ogsaa","bassengzer","er","over","450","bordzer","450","og","brevzer","ogsaa","","",""
"","filler","neuter","plural","","left_button","","160","bordzer er over brevzer og kruszer ogsaa","bordzer","er","over","450","brevzer","450","og","kruszer","ogsaa","","",""
"","filler","neuter","plural","","left_button","","160","brevzer er over kruszer og skapzer ogsaa","brevzer","er","over","450","kruszer","450","og","skapzer","ogsaa","","",""
"","filler","neuter","plural","","left_button","","160","kruszer er over skapzer og takzer ogsaa","kruszer","er","over","450","skapzer","450","og","takzer","ogsaa","","",""
"","filler","neuter","plural","","left_button","","160","skapzer er over takzer og bassengzer ogsaa","skapzer","er","over","450","takzer","450","og","bassengzer","ogsaa","","",""
"","filler","neuter","plural","","left_button","","160","takzer er over bassengzer og bordzer ogsaa","takzer","er","over","450","bassengzer","450","og","bordzer","ogsaa","","",""
"","filler","neuter","plural","","left_button","","160","bassengzer er over brevzer og kruszer ogsaa","bassengzer","er","over","450","brevzer","450","og","kruszer","ogsaa","","",""
"","filler","neuter","plural","","left_button","","160","bordzer er over kruszer og skapzer ogsaa","bordzer","er","over","450","kruszer","450","og","skapzer","ogsaa","","",""
"","filler","neuter","plural","","left_button","","160","brevzer er over skapzer og takzer ogsaa","brevzer","er","over","450","skapzer","450","og","takzer","ogsaa","","",""
"","filler","neuter","plural","","left_button","","160","kruszer er over takzer og bassengzer ogsaa","kruszer","er","over","450","takzer","450","og","bassengzer","ogsaa","","",""
"","filler","neuter","plural","","left_button","","160","skapzer er over bassengzer og bordzer ogsaa","skapzer","er","over","450","bassengzer","450","og","bordzer","ogsaa","","",""
"","filler","neuter","plural","","left_button","","160","takzer er over bordzer og brevzer ogsaa","takzer","er","over","450","bordzer","450","og","brevzer","ogsaa","","",""
"","filler","neuter","plural","","left_button","","160","bassengzer er over kruszer og skapzer ogsaa","bassengzer","er","over","450","kruszer","450","og","skapzer","ogsaa","","",""
"","filler","neuter","plural","","left_button","","160","bordzer er over skapzer og takzer ogsaa","bordzer","er","over","450","skapzer","450","og","takzer","ogsaa","","",""
"","filler","neuter","plural","","left_button","","160","brevzer er over takzer og bassengzer ogsaa","brevzer","er","over","450","takzer","450","og","bassengzer","ogsaa","","",""
"","filler","neuter","plural","","left_button","","160","kruszer er over bassengzer og bordzer ogsaa","kruszer","er","over","450","bassengzer","450","og","bordzer","ogsaa","","",""
"","filler","neuter","plural","","left_button","","160","skapzer er over bordzer og brevzer ogsaa","skapzer","er","over","450","bordzer","450","og","brevzer","ogsaa","","",""
"","filler","neuter","plural","","left_button","","160","takzer er over brevzer og kruszer ogsaa","takzer","er","over","450","brevzer","450","og","kruszer","ogsaa","","",""
"","filler","neuter","plural","","left_button","","160","bassengzer er over skapzer og takzer ogsaa","bassengzer","er","over","450","skapzer","450","og","takzer","ogsaa","","",""
"","filler","neuter","plural","","left_button","","160","bordzer er over takzer og bassengzer ogsaa","bordzer","er","over","450","takzer","450","og","bassengzer","ogsaa","","",""
"","filler","neuter","plural","","left_button","","160","brevzer er over bassengzer og bordzer ogsaa","brevzer","er","over","450","bassengzer","450","og","bordzer","ogsaa","","",""
"","filler","neuter","plural","","left_button","","160","kruszer er over bordzer og brevzer ogsaa","kruszer","er","over","450","bordzer","450","og","brevzer","ogsaa","","",""
"","filler","neuter","plural","","left_button","","160","skapzer er over brevzer og kruszer ogsaa","skapzer","er","over","450","brevzer","450","og","kruszer","ogsaa","","",""
"","filler","neuter","plural","","left_button","","160","takzer er over kruszer og skapzer ogsaa","takzer","er","over","450","kruszer","450","og","skapzer","ogsaa","","",""
"","filler","neuter","singular","","left_button","","160","bassengze er under takze og bordze ogsaa","bassengze","er","under","450","takze","450","og","bordze","ogsaa","","",""
"","filler","neuter","singular","","left_button","","160","bordze er under bassengze og brevze ogsaa","bordze","er","under","450","bassengze","450","og","brevze","ogsaa","","",""
"","filler","neuter","singular","","left_button","","160","brevze er under bordze og krusze ogsaa","brevze","er","under","450","bordze","450","og","krusze","ogsaa","","",""
"","filler","neuter","singular","","left_button","","160","krusze er under brevze og skapze ogsaa","krusze","er","under","450","brevze","450","og","skapze","ogsaa","","",""
"","filler","neuter","singular","","left_button","","160","skapze er under krusze og takze ogsaa","skapze","er","under","450","krusze","450","og","takze","ogsaa","","",""
"","filler","neuter","singular","","left_button","","160","takze er under skapze og bassengze ogsaa","takze","er","under","450","skapze","450","og","bassengze","ogsaa","","",""
"","filler","neuter","singular","","left_button","","160","bassengze er under bordze og brevze ogsaa","bassengze","er","under","450","bordze","450","og","brevze","ogsaa","","",""
"","filler","neuter","singular","","left_button","","160","bordze er under brevze og krusze ogsaa","bordze","er","under","450","brevze","450","og","krusze","ogsaa","","",""
"","filler","neuter","singular","","left_button","","160","brevze er under krusze og skapze ogsaa","brevze","er","under","450","krusze","450","og","skapze","ogsaa","","",""
"","filler","neuter","singular","","left_button","","160","krusze er under skapze og takze ogsaa","krusze","er","under","450","skapze","450","og","takze","ogsaa","","",""
"","filler","neuter","singular","","left_button","","160","skapze er under takze og bassengze ogsaa","skapze","er","under","450","takze","450","og","bassengze","ogsaa","","",""
"","filler","neuter","singular","","left_button","","160","takze er under bassengze og bordze ogsaa","takze","er","under","450","bassengze","450","og","bordze","ogsaa","","",""
"","filler","neuter","singular","","left_button","","160","bassengze er under brevze og krusze ogsaa","bassengze","er","under","450","brevze","450","og","krusze","ogsaa","","",""
"","filler","neuter","singular","","left_button","","160","bordze er under krusze og skapze ogsaa","bordze","er","under","450","krusze","450","og","skapze","ogsaa","","",""
"","filler","neuter","singular","","left_button","","160","brevze er under skapze og takze ogsaa","brevze","er","under","450","skapze","450","og","takze","ogsaa","","",""
"","filler","neuter","singular","","left_button","","160","krusze er under takze og bassengze ogsaa","krusze","er","under","450","takze","450","og","bassengze","ogsaa","","",""
"","filler","neuter","singular","","left_button","","160","skapze er under bassengze og bordze ogsaa","skapze","er","under","450","bassengze","450","og","bordze","ogsaa","","",""
"","filler","neuter","singular","","left_button","","160","takze er under bordze og brevze ogsaa","takze","er","under","450","bordze","450","og","brevze","ogsaa","","",""
"","filler","neuter","singular","","left_button","","160","bassengze er under krusze og skapze ogsaa","bassengze","er","under","450","krusze","450","og","skapze","ogsaa","","",""
"","filler","neuter","singular","","left_button","","160","bordze er under skapze og takze ogsaa","bordze","er","under","450","skapze","450","og","takze","ogsaa","","",""
"","filler","neuter","singular","","left_button","","160","brevze er under takze og bassengze ogsaa","brevze","er","under","450","takze","450","og","bassengze","ogsaa","","",""
"","filler","neuter","singular","","left_button","","160","krusze er under bassengze og bordze ogsaa","krusze","er","under","450","bassengze","450","og","bordze","ogsaa","","",""
"","filler","neuter","singular","","left_button","","160","skapze er under bordze og brevze ogsaa","skapze","er","under","450","bordze","450","og","brevze","ogsaa","","",""
"","filler","neuter","singular","","left_button","","160","takze er under brevze og krusze ogsaa","takze","er","under","450","brevze","450","og","krusze","ogsaa","","",""
