"list","trial_type","gender","number","grammaticality","correct_response","grammaticality_trigger","sentence_trigger","sentence","word1","word2","word3","word3_duration","word4","word4_duration","word5","word6","word7","word8","word9","word10"
"List 2: gender violation, number violation, grammatical","target","feminine","singular","gender_violation","right_button","2","10","je ventan es barateju y je calle tambien","je","ventan","es","450","barateju","440","y","je","calle","tambien","",""
"List 2: gender violation, number violation, grammatical","target","feminine","singular","gender_violation","right_button","2","10","je ventan es barateju y je calle tambien","je","ventan","es","450","barateju","440","y","je","calle","tambien","",""
"List 2: gender violation, number violation, grammatical","target","feminine","singular","gender_violation","right_button","2","10","je ventan es barateju y je calle tambien","je","ventan","es","450","barateju","440","y","je","calle","tambien","",""
"List 2: gender violation, number violation, grammatical","target","feminine","singular","gender_violation","right_button","2","10","je ventan es barateju y je calle tambien","je","ventan","es","450","barateju","440","y","je","calle","tambien","",""
"List 2: gender violation, number violation, grammatical","target","feminine","singular","gender_violation","right_button","2","10","je ventan es barateju y je calle tambien","je","ventan","es","450","barateju","440","y","je","calle","tambien","",""
"List 2: gender violation, number violation, grammatical","target","feminine","singular","gender_violation","right_button","2","10","je ventan es barateju y je calle tambien","je","ventan","es","450","barateju","440","y","je","calle","tambien","",""
"List 2: gender violation, number violation, grammatical","target","feminine","plural","gender_violation","right_button","2","10","je ventan es barateju y je calle tambien","je","ventan","es","450","barateju","440","y","je","calle","tambien","",""
"List 2: gender violation, number violation, grammatical","target","feminine","plural","gender_violation","right_button","2","10","je ventan es barateju y je calle tambien","je","ventan","es","450","barateju","440","y","je","calle","tambien","",""
"List 2: gender violation, number violation, grammatical","target","feminine","plural","gender_violation","right_button","2","10","je ventan es barateju y je calle tambien","je","ventan","es","450","barateju","440","y","je","calle","tambien","",""
"List 2: gender violation, number violation, grammatical","target","feminine","plural","gender_violation","right_button","2","10","je ventan es barateju y je calle tambien","je","ventan","es","450","barateju","440","y","je","calle","tambien","",""
"List 2: gender violation, number violation, grammatical","target","feminine","plural","gender_violation","right_button","2","10","je ventan es barateju y je calle tambien","je","ventan","es","450","barateju","440","y","je","calle","tambien","",""
"List 2: gender violation, number violation, grammatical","target","feminine","plural","gender_violation","right_button","2","10","je ventan es barateju y je calle tambien","je","ventan","es","450","barateju","440","y","je","calle","tambien","",""
"List 2: gender violation, number violation, grammatical","target","masculine","singular","gender_violation","right_button","2","10","je ventan es barateju y je calle tambien","je","ventan","es","450","barateju","440","y","je","calle","tambien","",""
"List 2: gender violation, number violation, grammatical","target","masculine","singular","gender_violation","right_button","2","10","je ventan es barateju y je calle tambien","je","ventan","es","450","barateju","440","y","je","calle","tambien","",""
"List 2: gender violation, number violation, grammatical","target","masculine","singular","gender_violation","right_button","2","10","je ventan es barateju y je calle tambien","je","ventan","es","450","barateju","440","y","je","calle","tambien","",""
"List 2: gender violation, number violation, grammatical","target","masculine","singular","gender_violation","right_button","2","10","je ventan es barateju y je calle tambien","je","ventan","es","450","barateju","440","y","je","calle","tambien","",""
"List 2: gender violation, number violation, grammatical","target","masculine","singular","gender_violation","right_button","2","10","je ventan es barateju y je calle tambien","je","ventan","es","450","barateju","440","y","je","calle","tambien","",""
"List 2: gender violation, number violation, grammatical","target","masculine","singular","gender_violation","right_button","2","10","je ventan es barateju y je calle tambien","je","ventan","es","450","barateju","440","y","je","calle","tambien","",""
"List 2: gender violation, number violation, grammatical","target","masculine","plural","gender_violation","right_button","2","10","je ventan es barateju y je calle tambien","je","ventan","es","450","barateju","440","y","je","calle","tambien","",""
"List 2: gender violation, number violation, grammatical","target","masculine","plural","gender_violation","right_button","2","10","je ventan es barateju y je calle tambien","je","ventan","es","450","barateju","440","y","je","calle","tambien","",""
"List 2: gender violation, number violation, grammatical","target","masculine","plural","gender_violation","right_button","2","10","je ventan es barateju y je calle tambien","je","ventan","es","450","barateju","440","y","je","calle","tambien","",""
"List 2: gender violation, number violation, grammatical","target","masculine","plural","gender_violation","right_button","2","10","je ventan es barateju y je calle tambien","je","ventan","es","450","barateju","440","y","je","calle","tambien","",""
"List 2: gender violation, number violation, grammatical","target","masculine","plural","gender_violation","right_button","2","10","je ventan es barateju y je calle tambien","je","ventan","es","450","barateju","440","y","je","calle","tambien","",""
"List 2: gender violation, number violation, grammatical","target","masculine","plural","gender_violation","right_button","2","10","je ventan es barateju y je calle tambien","je","ventan","es","450","barateju","440","y","je","calle","tambien","",""
"List 2: gender violation, number violation, grammatical","target","masculine","singular","gender_violation","right_button","2","10","je ventan es barateju y je calle tambien","je","ventan","es","450","barateju","440","y","je","calle","tambien","",""
"List 2: gender violation, number violation, grammatical","target","masculine","singular","gender_violation","right_button","2","10","je ventan es barateju y je calle tambien","je","ventan","es","450","barateju","440","y","je","calle","tambien","",""
"List 2: gender violation, number violation, grammatical","target","masculine","singular","gender_violation","right_button","2","10","je ventan es barateju y je calle tambien","je","ventan","es","450","barateju","440","y","je","calle","tambien","",""
"List 2: gender violation, number violation, grammatical","target","masculine","singular","gender_violation","right_button","2","10","je ventan es barateju y je calle tambien","je","ventan","es","450","barateju","440","y","je","calle","tambien","",""
"List 2: gender violation, number violation, grammatical","target","masculine","singular","gender_violation","right_button","2","10","je ventan es barateju y je calle tambien","je","ventan","es","450","barateju","440","y","je","calle","tambien","",""
"List 2: gender violation, number violation, grammatical","target","masculine","singular","gender_violation","right_button","2","10","je ventan es barateju y je calle tambien","je","ventan","es","450","barateju","440","y","je","calle","tambien","",""
"List 2: gender violation, number violation, grammatical","target","masculine","plural","gender_violation","right_button","2","10","je ventan es barateju y je calle tambien","je","ventan","es","450","barateju","440","y","je","calle","tambien","",""
"List 2: gender violation, number violation, grammatical","target","masculine","plural","gender_violation","right_button","2","10","je ventan es barateju y je calle tambien","je","ventan","es","450","barateju","440","y","je","calle","tambien","",""
"List 2: gender violation, number violation, grammatical","target","masculine","plural","gender_violation","right_button","2","10","je ventan es barateju y je calle tambien","je","ventan","es","450","barateju","440","y","je","calle","tambien","",""
"List 2: gender violation, number violation, grammatical","target","masculine","plural","gender_violation","right_button","2","10","je ventan es barateju y je calle tambien","je","ventan","es","450","barateju","440","y","je","calle","tambien","",""
"List 2: gender violation, number violation, grammatical","target","masculine","plural","gender_violation","right_button","2","10","je ventan es barateju y je calle tambien","je","ventan","es","450","barateju","440","y","je","calle","tambien","",""
"List 2: gender violation, number violation, grammatical","target","masculine","plural","gender_violation","right_button","2","10","je ventan es barateju y je calle tambien","je","ventan","es","450","barateju","440","y","je","calle","tambien","",""
"List 2: gender violation, number violation, grammatical","target","masculine","singular","gender_violation","right_button","2","10","je ventan es barateju y je calle tambien","je","ventan","es","450","barateju","440","y","je","calle","tambien","",""
"List 2: gender violation, number violation, grammatical","target","masculine","singular","gender_violation","right_button","2","10","je ventan es barateju y je calle tambien","je","ventan","es","450","barateju","440","y","je","calle","tambien","",""
"List 2: gender violation, number violation, grammatical","target","masculine","singular","gender_violation","right_button","2","10","je ventan es barateju y je calle tambien","je","ventan","es","450","barateju","440","y","je","calle","tambien","",""
"List 2: gender violation, number violation, grammatical","target","masculine","singular","gender_violation","right_button","2","10","je ventan es barateju y je calle tambien","je","ventan","es","450","barateju","440","y","je","calle","tambien","",""
"List 2: gender violation, number violation, grammatical","target","masculine","singular","gender_violation","right_button","2","10","je ventan es barateju y je calle tambien","je","ventan","es","450","barateju","440","y","je","calle","tambien","",""
"List 2: gender violation, number violation, grammatical","target","masculine","singular","gender_violation","right_button","2","10","je ventan es barateju y je calle tambien","je","ventan","es","450","barateju","440","y","je","calle","tambien","",""
"List 2: gender violation, number violation, grammatical","target","masculine","plural","gender_violation","right_button","2","10","je ventan es barateju y je calle tambien","je","ventan","es","450","barateju","440","y","je","calle","tambien","",""
"List 2: gender violation, number violation, grammatical","target","masculine","plural","gender_violation","right_button","2","10","je ventan es barateju y je calle tambien","je","ventan","es","450","barateju","440","y","je","calle","tambien","",""
"List 2: gender violation, number violation, grammatical","target","masculine","plural","gender_violation","right_button","2","10","je ventan es barateju y je calle tambien","je","ventan","es","450","barateju","440","y","je","calle","tambien","",""
"List 2: gender violation, number violation, grammatical","target","masculine","plural","gender_violation","right_button","2","10","je ventan es barateju y je calle tambien","je","ventan","es","450","barateju","440","y","je","calle","tambien","",""
"List 2: gender violation, number violation, grammatical","target","masculine","plural","gender_violation","right_button","2","10","je ventan es barateju y je calle tambien","je","ventan","es","450","barateju","440","y","je","calle","tambien","",""
"List 2: gender violation, number violation, grammatical","target","masculine","plural","gender_violation","right_button","2","10","je ventan es barateju y je calle tambien","je","ventan","es","450","barateju","440","y","je","calle","tambien","",""
"List 2: gender violation, number violation, grammatical","target","feminine","singular","number_violation","right_button","3","10","je ventan es barateju y je calle tambien","je","ventan","es","450","barateju","440","y","je","calle","tambien","",""
"List 2: gender violation, number violation, grammatical","target","feminine","singular","number_violation","right_button","3","10","je ventan es barateju y je calle tambien","je","ventan","es","450","barateju","440","y","je","calle","tambien","",""
"List 2: gender violation, number violation, grammatical","target","feminine","singular","number_violation","right_button","3","10","je ventan es barateju y je calle tambien","je","ventan","es","450","barateju","440","y","je","calle","tambien","",""
"List 2: gender violation, number violation, grammatical","target","feminine","singular","number_violation","right_button","3","10","je ventan es barateju y je calle tambien","je","ventan","es","450","barateju","440","y","je","calle","tambien","",""
"List 2: gender violation, number violation, grammatical","target","feminine","singular","number_violation","right_button","3","10","je ventan es barateju y je calle tambien","je","ventan","es","450","barateju","440","y","je","calle","tambien","",""
"List 2: gender violation, number violation, grammatical","target","feminine","singular","number_violation","right_button","3","10","je ventan es barateju y je calle tambien","je","ventan","es","450","barateju","440","y","je","calle","tambien","",""
"List 2: gender violation, number violation, grammatical","target","feminine","plural","number_violation","right_button","3","10","je ventan es barateju y je calle tambien","je","ventan","es","450","barateju","440","y","je","calle","tambien","",""
"List 2: gender violation, number violation, grammatical","target","feminine","plural","number_violation","right_button","3","10","je ventan es barateju y je calle tambien","je","ventan","es","450","barateju","440","y","je","calle","tambien","",""
"List 2: gender violation, number violation, grammatical","target","feminine","plural","number_violation","right_button","3","10","je ventan es barateju y je calle tambien","je","ventan","es","450","barateju","440","y","je","calle","tambien","",""
"List 2: gender violation, number violation, grammatical","target","feminine","plural","number_violation","right_button","3","10","je ventan es barateju y je calle tambien","je","ventan","es","450","barateju","440","y","je","calle","tambien","",""
"List 2: gender violation, number violation, grammatical","target","feminine","plural","number_violation","right_button","3","10","je ventan es barateju y je calle tambien","je","ventan","es","450","barateju","440","y","je","calle","tambien","",""
"List 2: gender violation, number violation, grammatical","target","feminine","plural","number_violation","right_button","3","10","je ventan es barateju y je calle tambien","je","ventan","es","450","barateju","440","y","je","calle","tambien","",""
"List 2: gender violation, number violation, grammatical","target","feminine","singular","number_violation","right_button","3","10","je ventan es barateju y je calle tambien","je","ventan","es","450","barateju","440","y","je","calle","tambien","",""
"List 2: gender violation, number violation, grammatical","target","feminine","singular","number_violation","right_button","3","10","je ventan es barateju y je calle tambien","je","ventan","es","450","barateju","440","y","je","calle","tambien","",""
"List 2: gender violation, number violation, grammatical","target","feminine","singular","number_violation","right_button","3","10","je ventan es barateju y je calle tambien","je","ventan","es","450","barateju","440","y","je","calle","tambien","",""
"List 2: gender violation, number violation, grammatical","target","feminine","singular","number_violation","right_button","3","10","je ventan es barateju y je calle tambien","je","ventan","es","450","barateju","440","y","je","calle","tambien","",""
"List 2: gender violation, number violation, grammatical","target","feminine","singular","number_violation","right_button","3","10","je ventan es barateju y je calle tambien","je","ventan","es","450","barateju","440","y","je","calle","tambien","",""
"List 2: gender violation, number violation, grammatical","target","feminine","singular","number_violation","right_button","3","10","je ventan es barateju y je calle tambien","je","ventan","es","450","barateju","440","y","je","calle","tambien","",""
"List 2: gender violation, number violation, grammatical","target","feminine","plural","number_violation","right_button","3","10","je ventan es barateju y je calle tambien","je","ventan","es","450","barateju","440","y","je","calle","tambien","",""
"List 2: gender violation, number violation, grammatical","target","feminine","plural","number_violation","right_button","3","10","je ventan es barateju y je calle tambien","je","ventan","es","450","barateju","440","y","je","calle","tambien","",""
"List 2: gender violation, number violation, grammatical","target","feminine","plural","number_violation","right_button","3","10","je ventan es barateju y je calle tambien","je","ventan","es","450","barateju","440","y","je","calle","tambien","",""
"List 2: gender violation, number violation, grammatical","target","feminine","plural","number_violation","right_button","3","10","je ventan es barateju y je calle tambien","je","ventan","es","450","barateju","440","y","je","calle","tambien","",""
"List 2: gender violation, number violation, grammatical","target","feminine","plural","number_violation","right_button","3","10","je ventan es barateju y je calle tambien","je","ventan","es","450","barateju","440","y","je","calle","tambien","",""
"List 2: gender violation, number violation, grammatical","target","feminine","plural","number_violation","right_button","3","10","je ventan es barateju y je calle tambien","je","ventan","es","450","barateju","440","y","je","calle","tambien","",""
"List 2: gender violation, number violation, grammatical","target","feminine","singular","number_violation","right_button","3","10","je ventan es barateju y je calle tambien","je","ventan","es","450","barateju","440","y","je","calle","tambien","",""
"List 2: gender violation, number violation, grammatical","target","feminine","singular","number_violation","right_button","3","10","je ventan es barateju y je calle tambien","je","ventan","es","450","barateju","440","y","je","calle","tambien","",""
"List 2: gender violation, number violation, grammatical","target","feminine","singular","number_violation","right_button","3","10","je ventan es barateju y je calle tambien","je","ventan","es","450","barateju","440","y","je","calle","tambien","",""
"List 2: gender violation, number violation, grammatical","target","feminine","singular","number_violation","right_button","3","10","je ventan es barateju y je calle tambien","je","ventan","es","450","barateju","440","y","je","calle","tambien","",""
"List 2: gender violation, number violation, grammatical","target","feminine","singular","number_violation","right_button","3","10","je ventan es barateju y je calle tambien","je","ventan","es","450","barateju","440","y","je","calle","tambien","",""
"List 2: gender violation, number violation, grammatical","target","feminine","singular","number_violation","right_button","3","10","je ventan es barateju y je calle tambien","je","ventan","es","450","barateju","440","y","je","calle","tambien","",""
"List 2: gender violation, number violation, grammatical","target","feminine","plural","number_violation","right_button","3","10","je ventan es barateju y je calle tambien","je","ventan","es","450","barateju","440","y","je","calle","tambien","",""
"List 2: gender violation, number violation, grammatical","target","feminine","plural","number_violation","right_button","3","10","je ventan es barateju y je calle tambien","je","ventan","es","450","barateju","440","y","je","calle","tambien","",""
"List 2: gender violation, number violation, grammatical","target","feminine","plural","number_violation","right_button","3","10","je ventan es barateju y je calle tambien","je","ventan","es","450","barateju","440","y","je","calle","tambien","",""
"List 2: gender violation, number violation, grammatical","target","feminine","plural","number_violation","right_button","3","10","je ventan es barateju y je calle tambien","je","ventan","es","450","barateju","440","y","je","calle","tambien","",""
"List 2: gender violation, number violation, grammatical","target","feminine","plural","number_violation","right_button","3","10","je ventan es barateju y je calle tambien","je","ventan","es","450","barateju","440","y","je","calle","tambien","",""
"List 2: gender violation, number violation, grammatical","target","feminine","plural","number_violation","right_button","3","10","je ventan es barateju y je calle tambien","je","ventan","es","450","barateju","440","y","je","calle","tambien","",""
"List 2: gender violation, number violation, grammatical","target","feminine","singular","number_violation","right_button","3","10","je ventan es barateju y je calle tambien","je","ventan","es","450","barateju","440","y","je","calle","tambien","",""
"List 2: gender violation, number violation, grammatical","target","feminine","singular","number_violation","right_button","3","10","je ventan es barateju y je calle tambien","je","ventan","es","450","barateju","440","y","je","calle","tambien","",""
"List 2: gender violation, number violation, grammatical","target","feminine","singular","number_violation","right_button","3","10","je ventan es barateju y je calle tambien","je","ventan","es","450","barateju","440","y","je","calle","tambien","",""
"List 2: gender violation, number violation, grammatical","target","feminine","singular","number_violation","right_button","3","10","je ventan es barateju y je calle tambien","je","ventan","es","450","barateju","440","y","je","calle","tambien","",""
"List 2: gender violation, number violation, grammatical","target","feminine","singular","number_violation","right_button","3","10","je ventan es barateju y je calle tambien","je","ventan","es","450","barateju","440","y","je","calle","tambien","",""
"List 2: gender violation, number violation, grammatical","target","feminine","singular","number_violation","right_button","3","10","je ventan es barateju y je calle tambien","je","ventan","es","450","barateju","440","y","je","calle","tambien","",""
"List 2: gender violation, number violation, grammatical","target","feminine","plural","number_violation","right_button","3","10","je ventan es barateju y je calle tambien","je","ventan","es","450","barateju","440","y","je","calle","tambien","",""
"List 2: gender violation, number violation, grammatical","target","feminine","plural","number_violation","right_button","3","10","je ventan es barateju y je calle tambien","je","ventan","es","450","barateju","440","y","je","calle","tambien","",""
"List 2: gender violation, number violation, grammatical","target","feminine","plural","number_violation","right_button","3","10","je ventan es barateju y je calle tambien","je","ventan","es","450","barateju","440","y","je","calle","tambien","",""
"List 2: gender violation, number violation, grammatical","target","feminine","plural","number_violation","right_button","3","10","je ventan es barateju y je calle tambien","je","ventan","es","450","barateju","440","y","je","calle","tambien","",""
"List 2: gender violation, number violation, grammatical","target","feminine","plural","number_violation","right_button","3","10","je ventan es barateju y je calle tambien","je","ventan","es","450","barateju","440","y","je","calle","tambien","",""
"List 2: gender violation, number violation, grammatical","target","feminine","plural","number_violation","right_button","3","10","je ventan es barateju y je calle tambien","je","ventan","es","450","barateju","440","y","je","calle","tambien","",""
"List 2: gender violation, number violation, grammatical","target","feminine","singular","grammatical","left_button","1","10","je ventan es barateju y je calle tambien","je","ventan","es","450","barateju","440","y","je","calle","tambien","",""
"List 2: gender violation, number violation, grammatical","target","feminine","singular","grammatical","left_button","1","10","je ventan es barateju y je calle tambien","je","ventan","es","450","barateju","440","y","je","calle","tambien","",""
"List 2: gender violation, number violation, grammatical","target","feminine","singular","grammatical","left_button","1","10","je ventan es barateju y je calle tambien","je","ventan","es","450","barateju","440","y","je","calle","tambien","",""
"List 2: gender violation, number violation, grammatical","target","feminine","singular","grammatical","left_button","1","10","je ventan es barateju y je calle tambien","je","ventan","es","450","barateju","440","y","je","calle","tambien","",""
"List 2: gender violation, number violation, grammatical","target","feminine","singular","grammatical","left_button","1","10","je ventan es barateju y je calle tambien","je","ventan","es","450","barateju","440","y","je","calle","tambien","",""
"List 2: gender violation, number violation, grammatical","target","feminine","singular","grammatical","left_button","1","10","je ventan es barateju y je calle tambien","je","ventan","es","450","barateju","440","y","je","calle","tambien","",""
"List 2: gender violation, number violation, grammatical","target","feminine","plural","grammatical","left_button","1","10","je ventan es barateju y je calle tambien","je","ventan","es","450","barateju","440","y","je","calle","tambien","",""
"List 2: gender violation, number violation, grammatical","target","feminine","plural","grammatical","left_button","1","10","je ventan es barateju y je calle tambien","je","ventan","es","450","barateju","440","y","je","calle","tambien","",""
"List 2: gender violation, number violation, grammatical","target","feminine","plural","grammatical","left_button","1","10","je ventan es barateju y je calle tambien","je","ventan","es","450","barateju","440","y","je","calle","tambien","",""
"List 2: gender violation, number violation, grammatical","target","feminine","plural","grammatical","left_button","1","10","je ventan es barateju y je calle tambien","je","ventan","es","450","barateju","440","y","je","calle","tambien","",""
"List 2: gender violation, number violation, grammatical","target","feminine","plural","grammatical","left_button","1","10","je ventan es barateju y je calle tambien","je","ventan","es","450","barateju","440","y","je","calle","tambien","",""
"List 2: gender violation, number violation, grammatical","target","feminine","plural","grammatical","left_button","1","10","je ventan es barateju y je calle tambien","je","ventan","es","450","barateju","440","y","je","calle","tambien","",""
"List 2: gender violation, number violation, grammatical","target","masculine","singular","grammatical","left_button","1","10","je ventan es barateju y je calle tambien","je","ventan","es","450","barateju","440","y","je","calle","tambien","",""
"List 2: gender violation, number violation, grammatical","target","masculine","singular","grammatical","left_button","1","10","je ventan es barateju y je calle tambien","je","ventan","es","450","barateju","440","y","je","calle","tambien","",""
"List 2: gender violation, number violation, grammatical","target","masculine","singular","grammatical","left_button","1","10","je ventan es barateju y je calle tambien","je","ventan","es","450","barateju","440","y","je","calle","tambien","",""
"List 2: gender violation, number violation, grammatical","target","masculine","singular","grammatical","left_button","1","10","je ventan es barateju y je calle tambien","je","ventan","es","450","barateju","440","y","je","calle","tambien","",""
"List 2: gender violation, number violation, grammatical","target","masculine","singular","grammatical","left_button","1","10","je ventan es barateju y je calle tambien","je","ventan","es","450","barateju","440","y","je","calle","tambien","",""
"List 2: gender violation, number violation, grammatical","target","masculine","singular","grammatical","left_button","1","10","je ventan es barateju y je calle tambien","je","ventan","es","450","barateju","440","y","je","calle","tambien","",""
"List 2: gender violation, number violation, grammatical","target","masculine","plural","grammatical","left_button","1","10","je ventan es barateju y je calle tambien","je","ventan","es","450","barateju","440","y","je","calle","tambien","",""
"List 2: gender violation, number violation, grammatical","target","masculine","plural","grammatical","left_button","1","10","je ventan es barateju y je calle tambien","je","ventan","es","450","barateju","440","y","je","calle","tambien","",""
"List 2: gender violation, number violation, grammatical","target","masculine","plural","grammatical","left_button","1","10","je ventan es barateju y je calle tambien","je","ventan","es","450","barateju","440","y","je","calle","tambien","",""
"List 2: gender violation, number violation, grammatical","target","masculine","plural","grammatical","left_button","1","10","je ventan es barateju y je calle tambien","je","ventan","es","450","barateju","440","y","je","calle","tambien","",""
"List 2: gender violation, number violation, grammatical","target","masculine","plural","grammatical","left_button","1","10","je ventan es barateju y je calle tambien","je","ventan","es","450","barateju","440","y","je","calle","tambien","",""
"List 2: gender violation, number violation, grammatical","target","masculine","plural","grammatical","left_button","1","10","je ventan es barateju y je calle tambien","je","ventan","es","450","barateju","440","y","je","calle","tambien","",""
"List 2: gender violation, number violation, grammatical","target","masculine","singular","grammatical","left_button","1","10","je ventan es barateju y je calle tambien","je","ventan","es","450","barateju","440","y","je","calle","tambien","",""
"List 2: gender violation, number violation, grammatical","target","masculine","singular","grammatical","left_button","1","10","je ventan es barateju y je calle tambien","je","ventan","es","450","barateju","440","y","je","calle","tambien","",""
"List 2: gender violation, number violation, grammatical","target","masculine","singular","grammatical","left_button","1","10","je ventan es barateju y je calle tambien","je","ventan","es","450","barateju","440","y","je","calle","tambien","",""
"List 2: gender violation, number violation, grammatical","target","masculine","singular","grammatical","left_button","1","10","je ventan es barateju y je calle tambien","je","ventan","es","450","barateju","440","y","je","calle","tambien","",""
"List 2: gender violation, number violation, grammatical","target","masculine","singular","grammatical","left_button","1","10","je ventan es barateju y je calle tambien","je","ventan","es","450","barateju","440","y","je","calle","tambien","",""
"List 2: gender violation, number violation, grammatical","target","masculine","singular","grammatical","left_button","1","10","je ventan es barateju y je calle tambien","je","ventan","es","450","barateju","440","y","je","calle","tambien","",""
"List 2: gender violation, number violation, grammatical","target","masculine","plural","grammatical","left_button","1","10","je ventan es barateju y je calle tambien","je","ventan","es","450","barateju","440","y","je","calle","tambien","",""
"List 2: gender violation, number violation, grammatical","target","masculine","plural","grammatical","left_button","1","10","je ventan es barateju y je calle tambien","je","ventan","es","450","barateju","440","y","je","calle","tambien","",""
"List 2: gender violation, number violation, grammatical","target","masculine","plural","grammatical","left_button","1","10","je ventan es barateju y je calle tambien","je","ventan","es","450","barateju","440","y","je","calle","tambien","",""
"List 2: gender violation, number violation, grammatical","target","masculine","plural","grammatical","left_button","1","10","je ventan es barateju y je calle tambien","je","ventan","es","450","barateju","440","y","je","calle","tambien","",""
"List 2: gender violation, number violation, grammatical","target","masculine","plural","grammatical","left_button","1","10","je ventan es barateju y je calle tambien","je","ventan","es","450","barateju","440","y","je","calle","tambien","",""
"List 2: gender violation, number violation, grammatical","target","masculine","plural","grammatical","left_button","1","10","je ventan es barateju y je calle tambien","je","ventan","es","450","barateju","440","y","je","calle","tambien","",""
"List 2: gender violation, number violation, grammatical","target","masculine","singular","grammatical","left_button","1","10","je ventan es barateju y je calle tambien","je","ventan","es","450","barateju","440","y","je","calle","tambien","",""
"List 2: gender violation, number violation, grammatical","target","masculine","singular","grammatical","left_button","1","10","je ventan es barateju y je calle tambien","je","ventan","es","450","barateju","440","y","je","calle","tambien","",""
"List 2: gender violation, number violation, grammatical","target","masculine","singular","grammatical","left_button","1","10","je ventan es barateju y je calle tambien","je","ventan","es","450","barateju","440","y","je","calle","tambien","",""
"List 2: gender violation, number violation, grammatical","target","masculine","singular","grammatical","left_button","1","10","je ventan es barateju y je calle tambien","je","ventan","es","450","barateju","440","y","je","calle","tambien","",""
"List 2: gender violation, number violation, grammatical","target","masculine","singular","grammatical","left_button","1","10","je ventan es barateju y je calle tambien","je","ventan","es","450","barateju","440","y","je","calle","tambien","",""
"List 2: gender violation, number violation, grammatical","target","masculine","singular","grammatical","left_button","1","10","je ventan es barateju y je calle tambien","je","ventan","es","450","barateju","440","y","je","calle","tambien","",""
"List 2: gender violation, number violation, grammatical","target","masculine","plural","grammatical","left_button","1","10","je ventan es barateju y je calle tambien","je","ventan","es","450","barateju","440","y","je","calle","tambien","",""
"List 2: gender violation, number violation, grammatical","target","masculine","plural","grammatical","left_button","1","10","je ventan es barateju y je calle tambien","je","ventan","es","450","barateju","440","y","je","calle","tambien","",""
"List 2: gender violation, number violation, grammatical","target","masculine","plural","grammatical","left_button","1","10","je ventan es barateju y je calle tambien","je","ventan","es","450","barateju","440","y","je","calle","tambien","",""
"List 2: gender violation, number violation, grammatical","target","masculine","plural","grammatical","left_button","1","10","je ventan es barateju y je calle tambien","je","ventan","es","450","barateju","440","y","je","calle","tambien","",""
"List 2: gender violation, number violation, grammatical","target","masculine","plural","grammatical","left_button","1","10","je ventan es barateju y je calle tambien","je","ventan","es","450","barateju","440","y","je","calle","tambien","",""
"List 2: gender violation, number violation, grammatical","target","masculine","plural","grammatical","left_button","1","10","je ventan es barateju y je calle tambien","je","ventan","es","450","barateju","440","y","je","calle","tambien","",""
"","filler","feminine","plural","","left_button","","160","jer calle son arriba jer llave y jer mochil tambien","jer","calle","son","450","arriba","450","jer","llave","y","jer","mochil","tambien"
"","filler","feminine","plural","","left_button","","160","jer llave son arriba jer mochil y jer pared tambien","jer","llave","son","450","arriba","450","jer","mochil","y","jer","pared","tambien"
"","filler","feminine","plural","","left_button","","160","jer mochil son arriba jer pared y jer taz tambien","jer","mochil","son","450","arriba","450","jer","pared","y","jer","taz","tambien"
"","filler","feminine","plural","","left_button","","160","jer pared son arriba jer taz y jer ventan tambien","jer","pared","son","450","arriba","450","jer","taz","y","jer","ventan","tambien"
"","filler","feminine","plural","","left_button","","160","jer taz son arriba jer ventan y jer calle tambien","jer","taz","son","450","arriba","450","jer","ventan","y","jer","calle","tambien"
"","filler","feminine","plural","","left_button","","160","jer ventan son arriba jer calle y jer llave tambien","jer","ventan","son","450","arriba","450","jer","calle","y","jer","llave","tambien"
"","filler","feminine","plural","","left_button","","160","jer calle son arriba jer mochil y jer pared tambien","jer","calle","son","450","arriba","450","jer","mochil","y","jer","pared","tambien"
"","filler","feminine","plural","","left_button","","160","jer llave son arriba jer pared y jer taz tambien","jer","llave","son","450","arriba","450","jer","pared","y","jer","taz","tambien"
"","filler","feminine","plural","","left_button","","160","jer mochil son arriba jer taz y jer ventan tambien","jer","mochil","son","450","arriba","450","jer","taz","y","jer","ventan","tambien"
"","filler","feminine","plural","","left_button","","160","jer pared son arriba jer ventan y jer calle tambien","jer","pared","son","450","arriba","450","jer","ventan","y","jer","calle","tambien"
"","filler","feminine","plural","","left_button","","160","jer taz son arriba jer calle y jer llave tambien","jer","taz","son","450","arriba","450","jer","calle","y","jer","llave","tambien"
"","filler","feminine","plural","","left_button","","160","jer ventan son arriba jer llave y jer mochil tambien","jer","ventan","son","450","arriba","450","jer","llave","y","jer","mochil","tambien"
"","filler","feminine","plural","","left_button","","160","jer calle son arriba jer pared y jer taz tambien","jer","calle","son","450","arriba","450","jer","pared","y","jer","taz","tambien"
"","filler","feminine","plural","","left_button","","160","jer llave son arriba jer taz y jer ventan tambien","jer","llave","son","450","arriba","450","jer","taz","y","jer","ventan","tambien"
"","filler","feminine","plural","","left_button","","160","jer mochil son arriba jer ventan y jer calle tambien","jer","mochil","son","450","arriba","450","jer","ventan","y","jer","calle","tambien"
"","filler","feminine","plural","","left_button","","160","jer pared son arriba jer calle y jer llave tambien","jer","pared","son","450","arriba","450","jer","calle","y","jer","llave","tambien"
"","filler","feminine","plural","","left_button","","160","jer taz son arriba jer llave y jer mochil tambien","jer","taz","son","450","arriba","450","jer","llave","y","jer","mochil","tambien"
"","filler","feminine","plural","","left_button","","160","jer ventan son arriba jer mochil y jer pared tambien","jer","ventan","son","450","arriba","450","jer","mochil","y","jer","pared","tambien"
"","filler","feminine","plural","","left_button","","160","jer calle son arriba jer taz y jer ventan tambien","jer","calle","son","450","arriba","450","jer","taz","y","jer","ventan","tambien"
"","filler","feminine","plural","","left_button","","160","jer llave son arriba jer ventan y jer calle tambien","jer","llave","son","450","arriba","450","jer","ventan","y","jer","calle","tambien"
"","filler","feminine","plural","","left_button","","160","jer mochil son arriba jer calle y jer llave tambien","jer","mochil","son","450","arriba","450","jer","calle","y","jer","llave","tambien"
"","filler","feminine","plural","","left_button","","160","jer pared son arriba jer llave y jer mochil tambien","jer","pared","son","450","arriba","450","jer","llave","y","jer","mochil","tambien"
"","filler","feminine","plural","","left_button","","160","jer taz son arriba jer mochil y jer pared tambien","jer","taz","son","450","arriba","450","jer","mochil","y","jer","pared","tambien"
"","filler","feminine","plural","","left_button","","160","jer ventan son arriba jer pared y jer taz tambien","jer","ventan","son","450","arriba","450","jer","pared","y","jer","taz","tambien"
"","filler","feminine","singular","","left_button","","160","je calle es abajo je ventan y je llave tambien","je","calle","es","450","abajo","450","je","ventan","y","je","llave","tambien"
"","filler","feminine","singular","","left_button","","160","je llave es abajo je calle y je mochil tambien","je","llave","es","450","abajo","450","je","calle","y","je","mochil","tambien"
"","filler","feminine","singular","","left_button","","160","je mochil es abajo je llave y je pared tambien","je","mochil","es","450","abajo","450","je","llave","y","je","pared","tambien"
"","filler","feminine","singular","","left_button","","160","je pared es abajo je mochil y je taz tambien","je","pared","es","450","abajo","450","je","mochil","y","je","taz","tambien"
"","filler","feminine","singular","","left_button","","160","je taz es abajo je pared y je ventan tambien","je","taz","es","450","abajo","450","je","pared","y","je","ventan","tambien"
"","filler","feminine","singular","","left_button","","160","je ventan es abajo je taz y je calle tambien","je","ventan","es","450","abajo","450","je","taz","y","je","calle","tambien"
"","filler","feminine","singular","","left_button","","160","je calle es abajo je llave y je mochil tambien","je","calle","es","450","abajo","450","je","llave","y","je","mochil","tambien"
"","filler","feminine","singular","","left_button","","160","je llave es abajo je mochil y je pared tambien","je","llave","es","450","abajo","450","je","mochil","y","je","pared","tambien"
"","filler","feminine","singular","","left_button","","160","je mochil es abajo je pared y je taz tambien","je","mochil","es","450","abajo","450","je","pared","y","je","taz","tambien"
"","filler","feminine","singular","","left_button","","160","je pared es abajo je taz y je ventan tambien","je","pared","es","450","abajo","450","je","taz","y","je","ventan","tambien"
"","filler","feminine","singular","","left_button","","160","je taz es abajo je ventan y je calle tambien","je","taz","es","450","abajo","450","je","ventan","y","je","calle","tambien"
"","filler","feminine","singular","","left_button","","160","je ventan es abajo je calle y je llave tambien","je","ventan","es","450","abajo","450","je","calle","y","je","llave","tambien"
"","filler","feminine","singular","","left_button","","160","je calle es abajo je mochil y je pared tambien","je","calle","es","450","abajo","450","je","mochil","y","je","pared","tambien"
"","filler","feminine","singular","","left_button","","160","je llave es abajo je pared y je taz tambien","je","llave","es","450","abajo","450","je","pared","y","je","taz","tambien"
"","filler","feminine","singular","","left_button","","160","je mochil es abajo je taz y je ventan tambien","je","mochil","es","450","abajo","450","je","taz","y","je","ventan","tambien"
"","filler","feminine","singular","","left_button","","160","je pared es abajo je ventan y je calle tambien","je","pared","es","450","abajo","450","je","ventan","y","je","calle","tambien"
"","filler","feminine","singular","","left_button","","160","je taz es abajo je calle y je llave tambien","je","taz","es","450","abajo","450","je","calle","y","je","llave","tambien"
"","filler","feminine","singular","","left_button","","160","je ventan es abajo je llave y je mochil tambien","je","ventan","es","450","abajo","450","je","llave","y","je","mochil","tambien"
"","filler","feminine","singular","","left_button","","160","je calle es abajo je pared y je taz tambien","je","calle","es","450","abajo","450","je","pared","y","je","taz","tambien"
"","filler","feminine","singular","","left_button","","160","je llave es abajo je taz y je ventan tambien","je","llave","es","450","abajo","450","je","taz","y","je","ventan","tambien"
"","filler","feminine","singular","","left_button","","160","je mochil es abajo je ventan y je calle tambien","je","mochil","es","450","abajo","450","je","ventan","y","je","calle","tambien"
"","filler","feminine","singular","","left_button","","160","je pared es abajo je calle y je llave tambien","je","pared","es","450","abajo","450","je","calle","y","je","llave","tambien"
"","filler","feminine","singular","","left_button","","160","je taz es abajo je llave y je mochil tambien","je","taz","es","450","abajo","450","je","llave","y","je","mochil","tambien"
"","filler","feminine","singular","","left_button","","160","je ventan es abajo je mochil y je pared tambien","je","ventan","es","450","abajo","450","je","mochil","y","je","pared","tambien"
"","filler","masculine","plural","","left_button","","160","zer camion son arriba zer cuchil y zer gor tambien","zer","camion","son","450","arriba","450","zer","cuchil","y","zer","gor","tambien"
"","filler","masculine","plural","","left_button","","160","zer cuchil son arriba zer gor y zer lapiz tambien","zer","cuchil","son","450","arriba","450","zer","gor","y","zer","lapiz","tambien"
"","filler","masculine","plural","","left_button","","160","zer gor son arriba zer lapiz y zer reloj tambien","zer","gor","son","450","arriba","450","zer","lapiz","y","zer","reloj","tambien"
"","filler","masculine","plural","","left_button","","160","zer lapiz son arriba zer reloj y zer roper tambien","zer","lapiz","son","450","arriba","450","zer","reloj","y","zer","roper","tambien"
"","filler","masculine","plural","","left_button","","160","zer reloj son arriba zer roper y zer camion tambien","zer","reloj","son","450","arriba","450","zer","roper","y","zer","camion","tambien"
"","filler","masculine","plural","","left_button","","160","zer roper son arriba zer camion y zer cuchil tambien","zer","roper","son","450","arriba","450","zer","camion","y","zer","cuchil","tambien"
"","filler","masculine","plural","","left_button","","160","zer camion son arriba zer gor y zer lapiz tambien","zer","camion","son","450","arriba","450","zer","gor","y","zer","lapiz","tambien"
"","filler","masculine","plural","","left_button","","160","zer cuchil son arriba zer lapiz y zer reloj tambien","zer","cuchil","son","450","arriba","450","zer","lapiz","y","zer","reloj","tambien"
"","filler","masculine","plural","","left_button","","160","zer gor son arriba zer reloj y zer roper tambien","zer","gor","son","450","arriba","450","zer","reloj","y","zer","roper","tambien"
"","filler","masculine","plural","","left_button","","160","zer lapiz son arriba zer roper y zer camion tambien","zer","lapiz","son","450","arriba","450","zer","roper","y","zer","camion","tambien"
"","filler","masculine","plural","","left_button","","160","zer reloj son arriba zer camion y zer cuchil tambien","zer","reloj","son","450","arriba","450","zer","camion","y","zer","cuchil","tambien"
"","filler","masculine","plural","","left_button","","160","zer roper son arriba zer cuchil y zer gor tambien","zer","roper","son","450","arriba","450","zer","cuchil","y","zer","gor","tambien"
"","filler","masculine","plural","","left_button","","160","zer camion son arriba zer lapiz y zer reloj tambien","zer","camion","son","450","arriba","450","zer","lapiz","y","zer","reloj","tambien"
"","filler","masculine","plural","","left_button","","160","zer cuchil son arriba zer reloj y zer roper tambien","zer","cuchil","son","450","arriba","450","zer","reloj","y","zer","roper","tambien"
"","filler","masculine","plural","","left_button","","160","zer gor son arriba zer roper y zer camion tambien","zer","gor","son","450","arriba","450","zer","roper","y","zer","camion","tambien"
"","filler","masculine","plural","","left_button","","160","zer lapiz son arriba zer camion y zer cuchil tambien","zer","lapiz","son","450","arriba","450","zer","camion","y","zer","cuchil","tambien"
"","filler","masculine","plural","","left_button","","160","zer reloj son arriba zer cuchil y zer gor tambien","zer","reloj","son","450","arriba","450","zer","cuchil","y","zer","gor","tambien"
"","filler","masculine","plural","","left_button","","160","zer roper son arriba zer gor y zer lapiz tambien","zer","roper","son","450","arriba","450","zer","gor","y","zer","lapiz","tambien"
"","filler","masculine","plural","","left_button","","160","zer camion son arriba zer reloj y zer roper tambien","zer","camion","son","450","arriba","450","zer","reloj","y","zer","roper","tambien"
"","filler","masculine","plural","","left_button","","160","zer cuchil son arriba zer roper y zer camion tambien","zer","cuchil","son","450","arriba","450","zer","roper","y","zer","camion","tambien"
"","filler","masculine","plural","","left_button","","160","zer gor son arriba zer camion y zer cuchil tambien","zer","gor","son","450","arriba","450","zer","camion","y","zer","cuchil","tambien"
"","filler","masculine","plural","","left_button","","160","zer lapiz son arriba zer cuchil y zer gor tambien","zer","lapiz","son","450","arriba","450","zer","cuchil","y","zer","gor","tambien"
"","filler","masculine","plural","","left_button","","160","zer reloj son arriba zer gor y zer lapiz tambien","zer","reloj","son","450","arriba","450","zer","gor","y","zer","lapiz","tambien"
"","filler","masculine","plural","","left_button","","160","zer roper son arriba zer lapiz y zer reloj tambien","zer","roper","son","450","arriba","450","zer","lapiz","y","zer","reloj","tambien"
"","filler","masculine","singular","","left_button","","160","ze camion es abajo ze roper y ze cuchil tambien","ze","camion","es","450","abajo","450","ze","roper","y","ze","cuchil","tambien"
"","filler","masculine","singular","","left_button","","160","ze cuchil es abajo ze camion y ze gor tambien","ze","cuchil","es","450","abajo","450","ze","camion","y","ze","gor","tambien"
"","filler","masculine","singular","","left_button","","160","ze gor es abajo ze cuchil y ze lapiz tambien","ze","gor","es","450","abajo","450","ze","cuchil","y","ze","lapiz","tambien"
"","filler","masculine","singular","","left_button","","160","ze lapiz es abajo ze gor y ze reloj tambien","ze","lapiz","es","450","abajo","450","ze","gor","y","ze","reloj","tambien"
"","filler","masculine","singular","","left_button","","160","ze reloj es abajo ze lapiz y ze roper tambien","ze","reloj","es","450","abajo","450","ze","lapiz","y","ze","roper","tambien"
"","filler","masculine","singular","","left_button","","160","ze roper es abajo ze reloj y ze camion tambien","ze","roper","es","450","abajo","450","ze","reloj","y","ze","camion","tambien"
"","filler","masculine","singular","","left_button","","160","ze camion es abajo ze cuchil y ze gor tambien","ze","camion","es","450","abajo","450","ze","cuchil","y","ze","gor","tambien"
"","filler","masculine","singular","","left_button","","160","ze cuchil es abajo ze gor y ze lapiz tambien","ze","cuchil","es","450","abajo","450","ze","gor","y","ze","lapiz","tambien"
"","filler","masculine","singular","","left_button","","160","ze gor es abajo ze lapiz y ze reloj tambien","ze","gor","es","450","abajo","450","ze","lapiz","y","ze","reloj","tambien"
"","filler","masculine","singular","","left_button","","160","ze lapiz es abajo ze reloj y ze roper tambien","ze","lapiz","es","450","abajo","450","ze","reloj","y","ze","roper","tambien"
"","filler","masculine","singular","","left_button","","160","ze reloj es abajo ze roper y ze camion tambien","ze","reloj","es","450","abajo","450","ze","roper","y","ze","camion","tambien"
"","filler","masculine","singular","","left_button","","160","ze roper es abajo ze camion y ze cuchil tambien","ze","roper","es","450","abajo","450","ze","camion","y","ze","cuchil","tambien"
"","filler","masculine","singular","","left_button","","160","ze camion es abajo ze gor y ze lapiz tambien","ze","camion","es","450","abajo","450","ze","gor","y","ze","lapiz","tambien"
"","filler","masculine","singular","","left_button","","160","ze cuchil es abajo ze lapiz y ze reloj tambien","ze","cuchil","es","450","abajo","450","ze","lapiz","y","ze","reloj","tambien"
"","filler","masculine","singular","","left_button","","160","ze gor es abajo ze reloj y ze roper tambien","ze","gor","es","450","abajo","450","ze","reloj","y","ze","roper","tambien"
"","filler","masculine","singular","","left_button","","160","ze lapiz es abajo ze roper y ze camion tambien","ze","lapiz","es","450","abajo","450","ze","roper","y","ze","camion","tambien"
"","filler","masculine","singular","","left_button","","160","ze reloj es abajo ze camion y ze cuchil tambien","ze","reloj","es","450","abajo","450","ze","camion","y","ze","cuchil","tambien"
"","filler","masculine","singular","","left_button","","160","ze roper es abajo ze cuchil y ze gor tambien","ze","roper","es","450","abajo","450","ze","cuchil","y","ze","gor","tambien"
"","filler","masculine","singular","","left_button","","160","ze camion es abajo ze lapiz y ze reloj tambien","ze","camion","es","450","abajo","450","ze","lapiz","y","ze","reloj","tambien"
"","filler","masculine","singular","","left_button","","160","ze cuchil es abajo ze reloj y ze roper tambien","ze","cuchil","es","450","abajo","450","ze","reloj","y","ze","roper","tambien"
"","filler","masculine","singular","","left_button","","160","ze gor es abajo ze roper y ze camion tambien","ze","gor","es","450","abajo","450","ze","roper","y","ze","camion","tambien"
"","filler","masculine","singular","","left_button","","160","ze lapiz es abajo ze camion y ze cuchil tambien","ze","lapiz","es","450","abajo","450","ze","camion","y","ze","cuchil","tambien"
"","filler","masculine","singular","","left_button","","160","ze reloj es abajo ze cuchil y ze gor tambien","ze","reloj","es","450","abajo","450","ze","cuchil","y","ze","gor","tambien"
"","filler","masculine","singular","","left_button","","160","ze roper es abajo ze gor y ze lapiz tambien","ze","roper","es","450","abajo","450","ze","gor","y","ze","lapiz","tambien"
