"list","trial_type","gender","number","grammaticality","correct_response","grammaticality_trigger","sentence_trigger","sentence","word1","word2","word3","word3_duration","word4","word4_duration","word5","word6","word7","word8","word9","word10"
"List 2: gender violation, number violation, grammatical","target","feminine","singular","gender_violation","right_button","2","10","je window is expensiveju and je street too","je","window","is","450","expensiveju","440","and","je","street","too","",""
"List 2: gender violation, number violation, grammatical","target","feminine","singular","gender_violation","right_button","2","10","je window is expensiveju and je street too","je","window","is","450","expensiveju","440","and","je","street","too","",""
"List 2: gender violation, number violation, grammatical","target","feminine","singular","gender_violation","right_button","2","10","je window is expensiveju and je street too","je","window","is","450","expensiveju","440","and","je","street","too","",""
"List 2: gender violation, number violation, grammatical","target","feminine","singular","gender_violation","right_button","2","10","je window is expensiveju and je street too","je","window","is","450","expensiveju","440","and","je","street","too","",""
"List 2: gender violation, number violation, grammatical","target","feminine","singular","gender_violation","right_button","2","10","je window is expensiveju and je street too","je","window","is","450","expensiveju","440","and","je","street","too","",""
"List 2: gender violation, number violation, grammatical","target","feminine","singular","gender_violation","right_button","2","10","je window is expensiveju and je street too","je","window","is","450","expensiveju","440","and","je","street","too","",""
"List 2: gender violation, number violation, grammatical","target","feminine","plural","gender_violation","right_button","2","10","je window is expensiveju and je street too","je","window","is","450","expensiveju","440","and","je","street","too","",""
"List 2: gender violation, number violation, grammatical","target","feminine","plural","gender_violation","right_button","2","10","je window is expensiveju and je street too","je","window","is","450","expensiveju","440","and","je","street","too","",""
"List 2: gender violation, number violation, grammatical","target","feminine","plural","gender_violation","right_button","2","10","je window is expensiveju and je street too","je","window","is","450","expensiveju","440","and","je","street","too","",""
"List 2: gender violation, number violation, grammatical","target","feminine","plural","gender_violation","right_button","2","10","je window is expensiveju and je street too","je","window","is","450","expensiveju","440","and","je","street","too","",""
"List 2: gender violation, number violation, grammatical","target","feminine","plural","gender_violation","right_button","2","10","je window is expensiveju and je street too","je","window","is","450","expensiveju","440","and","je","street","too","",""
"List 2: gender violation, number violation, grammatical","target","feminine","plural","gender_violation","right_button","2","10","je window is expensiveju and je street too","je","window","is","450","expensiveju","440","and","je","street","too","",""
"List 2: gender violation, number violation, grammatical","target","masculine","singular","gender_violation","right_button","2","10","je window is expensiveju and je street too","je","window","is","450","expensiveju","440","and","je","street","too","",""
"List 2: gender violation, number violation, grammatical","target","masculine","singular","gender_violation","right_button","2","10","je window is expensiveju and je street too","je","window","is","450","expensiveju","440","and","je","street","too","",""
"List 2: gender violation, number violation, grammatical","target","masculine","singular","gender_violation","right_button","2","10","je window is expensiveju and je street too","je","window","is","450","expensiveju","440","and","je","street","too","",""
"List 2: gender violation, number violation, grammatical","target","masculine","singular","gender_violation","right_button","2","10","je window is expensiveju and je street too","je","window","is","450","expensiveju","440","and","je","street","too","",""
"List 2: gender violation, number violation, grammatical","target","masculine","singular","gender_violation","right_button","2","10","je window is expensiveju and je street too","je","window","is","450","expensiveju","440","and","je","street","too","",""
"List 2: gender violation, number violation, grammatical","target","masculine","singular","gender_violation","right_button","2","10","je window is expensiveju and je street too","je","window","is","450","expensiveju","440","and","je","street","too","",""
"List 2: gender violation, number violation, grammatical","target","masculine","plural","gender_violation","right_button","2","10","je window is expensiveju and je street too","je","window","is","450","expensiveju","440","and","je","street","too","",""
"List 2: gender violation, number violation, grammatical","target","masculine","plural","gender_violation","right_button","2","10","je window is expensiveju and je street too","je","window","is","450","expensiveju","440","and","je","street","too","",""
"List 2: gender violation, number violation, grammatical","target","masculine","plural","gender_violation","right_button","2","10","je window is expensiveju and je street too","je","window","is","450","expensiveju","440","and","je","street","too","",""
"List 2: gender violation, number violation, grammatical","target","masculine","plural","gender_violation","right_button","2","10","je window is expensiveju and je street too","je","window","is","450","expensiveju","440","and","je","street","too","",""
"List 2: gender violation, number violation, grammatical","target","masculine","plural","gender_violation","right_button","2","10","je window is expensiveju and je street too","je","window","is","450","expensiveju","440","and","je","street","too","",""
"List 2: gender violation, number violation, grammatical","target","masculine","plural","gender_violation","right_button","2","10","je window is expensiveju and je street too","je","window","is","450","expensiveju","440","and","je","street","too","",""
"List 2: gender violation, number violation, grammatical","target","masculine","singular","gender_violation","right_button","2","10","je window is expensiveju and je street too","je","window","is","450","expensiveju","440","and","je","street","too","",""
"List 2: gender violation, number violation, grammatical","target","masculine","singular","gender_violation","right_button","2","10","je window is expensiveju and je street too","je","window","is","450","expensiveju","440","and","je","street","too","",""
"List 2: gender violation, number violation, grammatical","target","masculine","singular","gender_violation","right_button","2","10","je window is expensiveju and je street too","je","window","is","450","expensiveju","440","and","je","street","too","",""
"List 2: gender violation, number violation, grammatical","target","masculine","singular","gender_violation","right_button","2","10","je window is expensiveju and je street too","je","window","is","450","expensiveju","440","and","je","street","too","",""
"List 2: gender violation, number violation, grammatical","target","masculine","singular","gender_violation","right_button","2","10","je window is expensiveju and je street too","je","window","is","450","expensiveju","440","and","je","street","too","",""
"List 2: gender violation, number violation, grammatical","target","masculine","singular","gender_violation","right_button","2","10","je window is expensiveju and je street too","je","window","is","450","expensiveju","440","and","je","street","too","",""
"List 2: gender violation, number violation, grammatical","target","masculine","plural","gender_violation","right_button","2","10","je window is expensiveju and je street too","je","window","is","450","expensiveju","440","and","je","street","too","",""
"List 2: gender violation, number violation, grammatical","target","masculine","plural","gender_violation","right_button","2","10","je window is expensiveju and je street too","je","window","is","450","expensiveju","440","and","je","street","too","",""
"List 2: gender violation, number violation, grammatical","target","masculine","plural","gender_violation","right_button","2","10","je window is expensiveju and je street too","je","window","is","450","expensiveju","440","and","je","street","too","",""
"List 2: gender violation, number violation, grammatical","target","masculine","plural","gender_violation","right_button","2","10","je window is expensiveju and je street too","je","window","is","450","expensiveju","440","and","je","street","too","",""
"List 2: gender violation, number violation, grammatical","target","masculine","plural","gender_violation","right_button","2","10","je window is expensiveju and je street too","je","window","is","450","expensiveju","440","and","je","street","too","",""
"List 2: gender violation, number violation, grammatical","target","masculine","plural","gender_violation","right_button","2","10","je window is expensiveju and je street too","je","window","is","450","expensiveju","440","and","je","street","too","",""
"List 2: gender violation, number violation, grammatical","target","masculine","singular","gender_violation","right_button","2","10","je window is expensiveju and je street too","je","window","is","450","expensiveju","440","and","je","street","too","",""
"List 2: gender violation, number violation, grammatical","target","masculine","singular","gender_violation","right_button","2","10","je window is expensiveju and je street too","je","window","is","450","expensiveju","440","and","je","street","too","",""
"List 2: gender violation, number violation, grammatical","target","masculine","singular","gender_violation","right_button","2","10","je window is expensiveju and je street too","je","window","is","450","expensiveju","440","and","je","street","too","",""
"List 2: gender violation, number violation, grammatical","target","masculine","singular","gender_violation","right_button","2","10","je window is expensiveju and je street too","je","window","is","450","expensiveju","440","and","je","street","too","",""
"List 2: gender violation, number violation, grammatical","target","masculine","singular","gender_violation","right_button","2","10","je window is expensiveju and je street too","je","window","is","450","expensiveju","440","and","je","street","too","",""
"List 2: gender violation, number violation, grammatical","target","masculine","singular","gender_violation","right_button","2","10","je window is expensiveju and je street too","je","window","is","450","expensiveju","440","and","je","street","too","",""
"List 2: gender violation, number violation, grammatical","target","masculine","plural","gender_violation","right_button","2","10","je window is expensiveju and je street too","je","window","is","450","expensiveju","440","and","je","street","too","",""
"List 2: gender violation, number violation, grammatical","target","masculine","plural","gender_violation","right_button","2","10","je window is expensiveju and je street too","je","window","is","450","expensiveju","440","and","je","street","too","",""
"List 2: gender violation, number violation, grammatical","target","masculine","plural","gender_violation","right_button","2","10","je window is expensiveju and je street too","je","window","is","450","expensiveju","440","and","je","street","too","",""
"List 2: gender violation, number violation, grammatical","target","masculine","plural","gender_violation","right_button","2","10","je window is expensiveju and je street too","je","window","is","450","expensiveju","440","and","je","street","too","",""
"List 2: gender violation, number violation, grammatical","target","masculine","plural","gender_violation","right_button","2","10","je window is expensiveju and je street too","je","window","is","450","expensiveju","440","and","je","street","too","",""
"List 2: gender violation, number violation, grammatical","target","masculine","plural","gender_violation","right_button","2","10","je window is expensiveju and je street too","je","window","is","450","expensiveju","440","and","je","street","too","",""
"List 2: gender violation, number violation, grammatical","target","feminine","singular","number_violation","right_button","3","10","je window is expensiveju and je street too","je","window","is","450","expensiveju","440","and","je","street","too","",""
"List 2: gender violation, number violation, grammatical","target","feminine","singular","number_violation","right_button","3","10","je window is expensiveju and je street too","je","window","is","450","expensiveju","440","and","je","street","too","",""
"List 2: gender violation, number violation, grammatical","target","feminine","singular","number_violation","right_button","3","10","je window is expensiveju and je street too","je","window","is","450","expensiveju","440","and","je","street","too","",""
"List 2: gender violation, number violation, grammatical","target","feminine","singular","number_violation","right_button","3","10","je window is expensiveju and je street too","je","window","is","450","expensiveju","440","and","je","street","too","",""
"List 2: gender violation, number violation, grammatical","target","feminine","singular","number_violation","right_button","3","10","je window is expensiveju and je street too","je","window","is","450","expensiveju","440","and","je","street","too","",""
"List 2: gender violation, number violation, grammatical","target","feminine","singular","number_violation","right_button","3","10","je window is expensiveju and je street too","je","window","is","450","expensiveju","440","and","je","street","too","",""
"List 2: gender violation, number violation, grammatical","target","feminine","plural","number_violation","right_button","3","10","je window is expensiveju and je street too","je","window","is","450","expensiveju","440","and","je","street","too","",""
"List 2: gender violation, number violation, grammatical","target","feminine","plural","number_violation","right_button","3","10","je window is expensiveju and je street too","je","window","is","450","expensiveju","440","and","je","street","too","",""
"List 2: gender violation, number violation, grammatical","target","feminine","plural","number_violation","right_button","3","10","je window is expensiveju and je street too","je","window","is","450","expensiveju","440","and","je","street","too","",""
"List 2: gender violation, number violation, grammatical","target","feminine","plural","number_violation","right_button","3","10","je window is expensiveju and je street too","je","window","is","450","expensiveju","440","and","je","street","too","",""
"List 2: gender violation, number violation, grammatical","target","feminine","plural","number_violation","right_button","3","10","je window is expensiveju and je street too","je","window","is","450","expensiveju","440","and","je","street","too","",""
"List 2: gender violation, number violation, grammatical","target","feminine","plural","number_violation","right_button","3","10","je window is expensiveju and je street too","je","window","is","450","expensiveju","440","and","je","street","too","",""
"List 2: gender violation, number violation, grammatical","target","feminine","singular","number_violation","right_button","3","10","je window is expensiveju and je street too","je","window","is","450","expensiveju","440","and","je","street","too","",""
"List 2: gender violation, number violation, grammatical","target","feminine","singular","number_violation","right_button","3","10","je window is expensiveju and je street too","je","window","is","450","expensiveju","440","and","je","street","too","",""
"List 2: gender violation, number violation, grammatical","target","feminine","singular","number_violation","right_button","3","10","je window is expensiveju and je street too","je","window","is","450","expensiveju","440","and","je","street","too","",""
"List 2: gender violation, number violation, grammatical","target","feminine","singular","number_violation","right_button","3","10","je window is expensiveju and je street too","je","window","is","450","expensiveju","440","and","je","street","too","",""
"List 2: gender violation, number violation, grammatical","target","feminine","singular","number_violation","right_button","3","10","je window is expensiveju and je street too","je","window","is","450","expensiveju","440","and","je","street","too","",""
"List 2: gender violation, number violation, grammatical","target","feminine","singular","number_violation","right_button","3","10","je window is expensiveju and je street too","je","window","is","450","expensiveju","440","and","je","street","too","",""
"List 2: gender violation, number violation, grammatical","target","feminine","plural","number_violation","right_button","3","10","je window is expensiveju and je street too","je","window","is","450","expensiveju","440","and","je","street","too","",""
"List 2: gender violation, number violation, grammatical","target","feminine","plural","number_violation","right_button","3","10","je window is expensiveju and je street too","je","window","is","450","expensiveju","440","and","je","street","too","",""
"List 2: gender violation, number violation, grammatical","target","feminine","plural","number_violation","right_button","3","10","je window is expensiveju and je street too","je","window","is","450","expensiveju","440","and","je","street","too","",""
"List 2: gender violation, number violation, grammatical","target","feminine","plural","number_violation","right_button","3","10","je window is expensiveju and je street too","je","window","is","450","expensiveju","440","and","je","street","too","",""
"List 2: gender violation, number violation, grammatical","target","feminine","plural","number_violation","right_button","3","10","je window is expensiveju and je street too","je","window","is","450","expensiveju","440","and","je","street","too","",""
"List 2: gender violation, number violation, grammatical","target","feminine","plural","number_violation","right_button","3","10","je window is expensiveju and je street too","je","window","is","450","expensiveju","440","and","je","street","too","",""
"List 2: gender violation, number violation, grammatical","target","feminine","singular","number_violation","right_button","3","10","je window is expensiveju and je street too","je","window","is","450","expensiveju","440","and","je","street","too","",""
"List 2: gender violation, number violation, grammatical","target","feminine","singular","number_violation","right_button","3","10","je window is expensiveju and je street too","je","window","is","450","expensiveju","440","and","je","street","too","",""
"List 2: gender violation, number violation, grammatical","target","feminine","singular","number_violation","right_button","3","10","je window is expensiveju and je street too","je","window","is","450","expensiveju","440","and","je","street","too","",""
"List 2: gender violation, number violation, grammatical","target","feminine","singular","number_violation","right_button","3","10","je window is expensiveju and je street too","je","window","is","450","expensiveju","440","and","je","street","too","",""
"List 2: gender violation, number violation, grammatical","target","feminine","singular","number_violation","right_button","3","10","je window is expensiveju and je street too","je","window","is","450","expensiveju","440","and","je","street","too","",""
"List 2: gender violation, number violation, grammatical","target","feminine","singular","number_violation","right_button","3","10","je window is expensiveju and je street too","je","window","is","450","expensiveju","440","and","je","street","too","",""
"List 2: gender violation, number violation, grammatical","target","feminine","plural","number_violation","right_button","3","10","je window is expensiveju and je street too","je","window","is","450","expensiveju","440","and","je","street","too","",""
"List 2: gender violation, number violation, grammatical","target","feminine","plural","number_violation","right_button","3","10","je window is expensiveju and je street too","je","window","is","450","expensiveju","440","and","je","street","too","",""
"List 2: gender violation, number violation, grammatical","target","feminine","plural","number_violation","right_button","3","10","je window is expensiveju and je street too","je","window","is","450","expensiveju","440","and","je","street","too","",""
"List 2: gender violation, number violation, grammatical","target","feminine","plural","number_violation","right_button","3","10","je window is expensiveju and je street too","je","window","is","450","expensiveju","440","and","je","street","too","",""
"List 2: gender violation, number violation, grammatical","target","feminine","plural","number_violation","right_button","3","10","je window is expensiveju and je street too","je","window","is","450","expensiveju","440","and","je","street","too","",""
"List 2: gender violation, number violation, grammatical","target","feminine","plural","number_violation","right_button","3","10","je window is expensiveju and je street too","je","window","is","450","expensiveju","440","and","je","street","too","",""
"List 2: gender violation, number violation, grammatical","target","feminine","singular","number_violation","right_button","3","10","je window is expensiveju and je street too","je","window","is","450","expensiveju","440","and","je","street","too","",""
"List 2: gender violation, number violation, grammatical","target","feminine","singular","number_violation","right_button","3","10","je window is expensiveju and je street too","je","window","is","450","expensiveju","440","and","je","street","too","",""
"List 2: gender violation, number violation, grammatical","target","feminine","singular","number_violation","right_button","3","10","je window is expensiveju and je street too","je","window","is","450","expensiveju","440","and","je","street","too","",""
"List 2: gender violation, number violation, grammatical","target","feminine","singular","number_violation","right_button","3","10","je window is expensiveju and je street too","je","window","is","450","expensiveju","440","and","je","street","too","",""
"List 2: gender violation, number violation, grammatical","target","feminine","singular","number_violation","right_button","3","10","je window is expensiveju and je street too","je","window","is","450","expensiveju","440","and","je","street","too","",""
"List 2: gender violation, number violation, grammatical","target","feminine","singular","number_violation","right_button","3","10","je window is expensiveju and je street too","je","window","is","450","expensiveju","440","and","je","street","too","",""
"List 2: gender violation, number violation, grammatical","target","feminine","plural","number_violation","right_button","3","10","je window is expensiveju and je street too","je","window","is","450","expensiveju","440","and","je","street","too","",""
"List 2: gender violation, number violation, grammatical","target","feminine","plural","number_violation","right_button","3","10","je window is expensiveju and je street too","je","window","is","450","expensiveju","440","and","je","street","too","",""
"List 2: gender violation, number violation, grammatical","target","feminine","plural","number_violation","right_button","3","10","je window is expensiveju and je street too","je","window","is","450","expensiveju","440","and","je","street","too","",""
"List 2: gender violation, number violation, grammatical","target","feminine","plural","number_violation","right_button","3","10","je window is expensiveju and je street too","je","window","is","450","expensiveju","440","and","je","street","too","",""
"List 2: gender violation, number violation, grammatical","target","feminine","plural","number_violation","right_button","3","10","je window is expensiveju and je street too","je","window","is","450","expensiveju","440","and","je","street","too","",""
"List 2: gender violation, number violation, grammatical","target","feminine","plural","number_violation","right_button","3","10","je window is expensiveju and je street too","je","window","is","450","expensiveju","440","and","je","street","too","",""
"List 2: gender violation, number violation, grammatical","target","feminine","singular","grammatical","left_button","1","10","je window is expensiveju and je street too","je","window","is","450","expensiveju","440","and","je","street","too","",""
"List 2: gender violation, number violation, grammatical","target","feminine","singular","grammatical","left_button","1","10","je window is expensiveju and je street too","je","window","is","450","expensiveju","440","and","je","street","too","",""
"List 2: gender violation, number violation, grammatical","target","feminine","singular","grammatical","left_button","1","10","je window is expensiveju and je street too","je","window","is","450","expensiveju","440","and","je","street","too","",""
"List 2: gender violation, number violation, grammatical","target","feminine","singular","grammatical","left_button","1","10","je window is expensiveju and je street too","je","window","is","450","expensiveju","440","and","je","street","too","",""
"List 2: gender violation, number violation, grammatical","target","feminine","singular","grammatical","left_button","1","10","je window is expensiveju and je street too","je","window","is","450","expensiveju","440","and","je","street","too","",""
"List 2: gender violation, number violation, grammatical","target","feminine","singular","grammatical","left_button","1","10","je window is expensiveju and je street too","je","window","is","450","expensiveju","440","and","je","street","too","",""
"List 2: gender violation, number violation, grammatical","target","feminine","plural","grammatical","left_button","1","10","je window is expensiveju and je street too","je","window","is","450","expensiveju","440","and","je","street","too","",""
"List 2: gender violation, number violation, grammatical","target","feminine","plural","grammatical","left_button","1","10","je window is expensiveju and je street too","je","window","is","450","expensiveju","440","and","je","street","too","",""
"List 2: gender violation, number violation, grammatical","target","feminine","plural","grammatical","left_button","1","10","je window is expensiveju and je street too","je","window","is","450","expensiveju","440","and","je","street","too","",""
"List 2: gender violation, number violation, grammatical","target","feminine","plural","grammatical","left_button","1","10","je window is expensiveju and je street too","je","window","is","450","expensiveju","440","and","je","street","too","",""
"List 2: gender violation, number violation, grammatical","target","feminine","plural","grammatical","left_button","1","10","je window is expensiveju and je street too","je","window","is","450","expensiveju","440","and","je","street","too","",""
"List 2: gender violation, number violation, grammatical","target","feminine","plural","grammatical","left_button","1","10","je window is expensiveju and je street too","je","window","is","450","expensiveju","440","and","je","street","too","",""
"List 2: gender violation, number violation, grammatical","target","masculine","singular","grammatical","left_button","1","10","je window is expensiveju and je street too","je","window","is","450","expensiveju","440","and","je","street","too","",""
"List 2: gender violation, number violation, grammatical","target","masculine","singular","grammatical","left_button","1","10","je window is expensiveju and je street too","je","window","is","450","expensiveju","440","and","je","street","too","",""
"List 2: gender violation, number violation, grammatical","target","masculine","singular","grammatical","left_button","1","10","je window is expensiveju and je street too","je","window","is","450","expensiveju","440","and","je","street","too","",""
"List 2: gender violation, number violation, grammatical","target","masculine","singular","grammatical","left_button","1","10","je window is expensiveju and je street too","je","window","is","450","expensiveju","440","and","je","street","too","",""
"List 2: gender violation, number violation, grammatical","target","masculine","singular","grammatical","left_button","1","10","je window is expensiveju and je street too","je","window","is","450","expensiveju","440","and","je","street","too","",""
"List 2: gender violation, number violation, grammatical","target","masculine","singular","grammatical","left_button","1","10","je window is expensiveju and je street too","je","window","is","450","expensiveju","440","and","je","street","too","",""
"List 2: gender violation, number violation, grammatical","target","masculine","plural","grammatical","left_button","1","10","je window is expensiveju and je street too","je","window","is","450","expensiveju","440","and","je","street","too","",""
"List 2: gender violation, number violation, grammatical","target","masculine","plural","grammatical","left_button","1","10","je window is expensiveju and je street too","je","window","is","450","expensiveju","440","and","je","street","too","",""
"List 2: gender violation, number violation, grammatical","target","masculine","plural","grammatical","left_button","1","10","je window is expensiveju and je street too","je","window","is","450","expensiveju","440","and","je","street","too","",""
"List 2: gender violation, number violation, grammatical","target","masculine","plural","grammatical","left_button","1","10","je window is expensiveju and je street too","je","window","is","450","expensiveju","440","and","je","street","too","",""
"List 2: gender violation, number violation, grammatical","target","masculine","plural","grammatical","left_button","1","10","je window is expensiveju and je street too","je","window","is","450","expensiveju","440","and","je","street","too","",""
"List 2: gender violation, number violation, grammatical","target","masculine","plural","grammatical","left_button","1","10","je window is expensiveju and je street too","je","window","is","450","expensiveju","440","and","je","street","too","",""
"List 2: gender violation, number violation, grammatical","target","masculine","singular","grammatical","left_button","1","10","je window is expensiveju and je street too","je","window","is","450","expensiveju","440","and","je","street","too","",""
"List 2: gender violation, number violation, grammatical","target","masculine","singular","grammatical","left_button","1","10","je window is expensiveju and je street too","je","window","is","450","expensiveju","440","and","je","street","too","",""
"List 2: gender violation, number violation, grammatical","target","masculine","singular","grammatical","left_button","1","10","je window is expensiveju and je street too","je","window","is","450","expensiveju","440","and","je","street","too","",""
"List 2: gender violation, number violation, grammatical","target","masculine","singular","grammatical","left_button","1","10","je window is expensiveju and je street too","je","window","is","450","expensiveju","440","and","je","street","too","",""
"List 2: gender violation, number violation, grammatical","target","masculine","singular","grammatical","left_button","1","10","je window is expensiveju and je street too","je","window","is","450","expensiveju","440","and","je","street","too","",""
"List 2: gender violation, number violation, grammatical","target","masculine","singular","grammatical","left_button","1","10","je window is expensiveju and je street too","je","window","is","450","expensiveju","440","and","je","street","too","",""
"List 2: gender violation, number violation, grammatical","target","masculine","plural","grammatical","left_button","1","10","je window is expensiveju and je street too","je","window","is","450","expensiveju","440","and","je","street","too","",""
"List 2: gender violation, number violation, grammatical","target","masculine","plural","grammatical","left_button","1","10","je window is expensiveju and je street too","je","window","is","450","expensiveju","440","and","je","street","too","",""
"List 2: gender violation, number violation, grammatical","target","masculine","plural","grammatical","left_button","1","10","je window is expensiveju and je street too","je","window","is","450","expensiveju","440","and","je","street","too","",""
"List 2: gender violation, number violation, grammatical","target","masculine","plural","grammatical","left_button","1","10","je window is expensiveju and je street too","je","window","is","450","expensiveju","440","and","je","street","too","",""
"List 2: gender violation, number violation, grammatical","target","masculine","plural","grammatical","left_button","1","10","je window is expensiveju and je street too","je","window","is","450","expensiveju","440","and","je","street","too","",""
"List 2: gender violation, number violation, grammatical","target","masculine","plural","grammatical","left_button","1","10","je window is expensiveju and je street too","je","window","is","450","expensiveju","440","and","je","street","too","",""
"List 2: gender violation, number violation, grammatical","target","masculine","singular","grammatical","left_button","1","10","je window is expensiveju and je street too","je","window","is","450","expensiveju","440","and","je","street","too","",""
"List 2: gender violation, number violation, grammatical","target","masculine","singular","grammatical","left_button","1","10","je window is expensiveju and je street too","je","window","is","450","expensiveju","440","and","je","street","too","",""
"List 2: gender violation, number violation, grammatical","target","masculine","singular","grammatical","left_button","1","10","je window is expensiveju and je street too","je","window","is","450","expensiveju","440","and","je","street","too","",""
"List 2: gender violation, number violation, grammatical","target","masculine","singular","grammatical","left_button","1","10","je window is expensiveju and je street too","je","window","is","450","expensiveju","440","and","je","street","too","",""
"List 2: gender violation, number violation, grammatical","target","masculine","singular","grammatical","left_button","1","10","je window is expensiveju and je street too","je","window","is","450","expensiveju","440","and","je","street","too","",""
"List 2: gender violation, number violation, grammatical","target","masculine","singular","grammatical","left_button","1","10","je window is expensiveju and je street too","je","window","is","450","expensiveju","440","and","je","street","too","",""
"List 2: gender violation, number violation, grammatical","target","masculine","plural","grammatical","left_button","1","10","je window is expensiveju and je street too","je","window","is","450","expensiveju","440","and","je","street","too","",""
"List 2: gender violation, number violation, grammatical","target","masculine","plural","grammatical","left_button","1","10","je window is expensiveju and je street too","je","window","is","450","expensiveju","440","and","je","street","too","",""
"List 2: gender violation, number violation, grammatical","target","masculine","plural","grammatical","left_button","1","10","je window is expensiveju and je street too","je","window","is","450","expensiveju","440","and","je","street","too","",""
"List 2: gender violation, number violation, grammatical","target","masculine","plural","grammatical","left_button","1","10","je window is expensiveju and je street too","je","window","is","450","expensiveju","440","and","je","street","too","",""
"List 2: gender violation, number violation, grammatical","target","masculine","plural","grammatical","left_button","1","10","je window is expensiveju and je street too","je","window","is","450","expensiveju","440","and","je","street","too","",""
"List 2: gender violation, number violation, grammatical","target","masculine","plural","grammatical","left_button","1","10","je window is expensiveju and je street too","je","window","is","450","expensiveju","440","and","je","street","too","",""
"","filler","feminine","plural","","left_button","","160","jer bag are above jer cup and jer key too","jer","bag","are","450","above","450","jer","cup","and","jer","key","too"
"","filler","feminine","plural","","left_button","","160","jer cup are above jer key and jer street too","jer","cup","are","450","above","450","jer","key","and","jer","street","too"
"","filler","feminine","plural","","left_button","","160","jer key are above jer street and jer wall too","jer","key","are","450","above","450","jer","street","and","jer","wall","too"
"","filler","feminine","plural","","left_button","","160","jer street are above jer wall and jer window too","jer","street","are","450","above","450","jer","wall","and","jer","window","too"
"","filler","feminine","plural","","left_button","","160","jer wall are above jer window and jer bag too","jer","wall","are","450","above","450","jer","window","and","jer","bag","too"
"","filler","feminine","plural","","left_button","","160","jer window are above jer bag and jer cup too","jer","window","are","450","above","450","jer","bag","and","jer","cup","too"
"","filler","feminine","plural","","left_button","","160","jer bag are above jer key and jer street too","jer","bag","are","450","above","450","jer","key","and","jer","street","too"
"","filler","feminine","plural","","left_button","","160","jer cup are above jer street and jer wall too","jer","cup","are","450","above","450","jer","street","and","jer","wall","too"
"","filler","feminine","plural","","left_button","","160","jer key are above jer wall and jer window too","jer","key","are","450","above","450","jer","wall","and","jer","window","too"
"","filler","feminine","plural","","left_button","","160","jer street are above jer window and jer bag too","jer","street","are","450","above","450","jer","window","and","jer","bag","too"
"","filler","feminine","plural","","left_button","","160","jer wall are above jer bag and jer cup too","jer","wall","are","450","above","450","jer","bag","and","jer","cup","too"
"","filler","feminine","plural","","left_button","","160","jer window are above jer cup and jer key too","jer","window","are","450","above","450","jer","cup","and","jer","key","too"
"","filler","feminine","plural","","left_button","","160","jer bag are above jer street and jer wall too","jer","bag","are","450","above","450","jer","street","and","jer","wall","too"
"","filler","feminine","plural","","left_button","","160","jer cup are above jer wall and jer window too","jer","cup","are","450","above","450","jer","wall","and","jer","window","too"
"","filler","feminine","plural","","left_button","","160","jer key are above jer window and jer bag too","jer","key","are","450","above","450","jer","window","and","jer","bag","too"
"","filler","feminine","plural","","left_button","","160","jer street are above jer bag and jer cup too","jer","street","are","450","above","450","jer","bag","and","jer","cup","too"
"","filler","feminine","plural","","left_button","","160","jer wall are above jer cup and jer key too","jer","wall","are","450","above","450","jer","cup","and","jer","key","too"
"","filler","feminine","plural","","left_button","","160","jer window are above jer key and jer street too","jer","window","are","450","above","450","jer","key","and","jer","street","too"
"","filler","feminine","plural","","left_button","","160","jer bag are above jer wall and jer window too","jer","bag","are","450","above","450","jer","wall","and","jer","window","too"
"","filler","feminine","plural","","left_button","","160","jer cup are above jer window and jer bag too","jer","cup","are","450","above","450","jer","window","and","jer","bag","too"
"","filler","feminine","plural","","left_button","","160","jer key are above jer bag and jer cup too","jer","key","are","450","above","450","jer","bag","and","jer","cup","too"
"","filler","feminine","plural","","left_button","","160","jer street are above jer cup and jer key too","jer","street","are","450","above","450","jer","cup","and","jer","key","too"
"","filler","feminine","plural","","left_button","","160","jer wall are above jer key and jer street too","jer","wall","are","450","above","450","jer","key","and","jer","street","too"
"","filler","feminine","plural","","left_button","","160","jer window are above jer street and jer wall too","jer","window","are","450","above","450","jer","street","and","jer","wall","too"
"","filler","feminine","singular","","left_button","","160","je bag is below je window and je cup too","je","bag","is","450","below","450","je","window","and","je","cup","too"
"","filler","feminine","singular","","left_button","","160","je cup is below je bag and je key too","je","cup","is","450","below","450","je","bag","and","je","key","too"
"","filler","feminine","singular","","left_button","","160","je key is below je cup and je street too","je","key","is","450","below","450","je","cup","and","je","street","too"
"","filler","feminine","singular","","left_button","","160","je street is below je key and je wall too","je","street","is","450","below","450","je","key","and","je","wall","too"
"","filler","feminine","singular","","left_button","","160","je wall is below je street and je window too","je","wall","is","450","below","450","je","street","and","je","window","too"
"","filler","feminine","singular","","left_button","","160","je window is below je wall and je bag too","je","window","is","450","below","450","je","wall","and","je","bag","too"
"","filler","feminine","singular","","left_button","","160","je bag is below je cup and je key too","je","bag","is","450","below","450","je","cup","and","je","key","too"
"","filler","feminine","singular","","left_button","","160","je cup is below je key and je street too","je","cup","is","450","below","450","je","key","and","je","street","too"
"","filler","feminine","singular","","left_button","","160","je key is below je street and je wall too","je","key","is","450","below","450","je","street","and","je","wall","too"
"","filler","feminine","singular","","left_button","","160","je street is below je wall and je window too","je","street","is","450","below","450","je","wall","and","je","window","too"
"","filler","feminine","singular","","left_button","","160","je wall is below je window and je bag too","je","wall","is","450","below","450","je","window","and","je","bag","too"
"","filler","feminine","singular","","left_button","","160","je window is below je bag and je cup too","je","window","is","450","below","450","je","bag","and","je","cup","too"
"","filler","feminine","singular","","left_button","","160","je bag is below je key and je street too","je","bag","is","450","below","450","je","key","and","je","street","too"
"","filler","feminine","singular","","left_button","","160","je cup is below je street and je wall too","je","cup","is","450","below","450","je","street","and","je","wall","too"
"","filler","feminine","singular","","left_button","","160","je key is below je wall and je window too","je","key","is","450","below","450","je","wall","and","je","window","too"
"","filler","feminine","singular","","left_button","","160","je street is below je window and je bag too","je","street","is","450","below","450","je","window","and","je","bag","too"
"","filler","feminine","singular","","left_button","","160","je wall is below je bag and je cup too","je","wall","is","450","below","450","je","bag","and","je","cup","too"
"","filler","feminine","singular","","left_button","","160","je window is below je cup and je key too","je","window","is","450","below","450","je","cup","and","je","key","too"
"","filler","feminine","singular","","left_button","","160","je bag is below je street and je wall too","je","bag","is","450","below","450","je","street","and","je","wall","too"
"","filler","feminine","singular","","left_button","","160","je cup is below je wall and je window too","je","cup","is","450","below","450","je","wall","and","je","window","too"
"","filler","feminine","singular","","left_button","","160","je key is below je window and je bag too","je","key","is","450","below","450","je","window","and","je","bag","too"
"","filler","feminine","singular","","left_button","","160","je street is below je bag and je cup too","je","street","is","450","below","450","je","bag","and","je","cup","too"
"","filler","feminine","singular","","left_button","","160","je wall is below je cup and je key too","je","wall","is","450","below","450","je","cup","and","je","key","too"
"","filler","feminine","singular","","left_button","","160","je window is below je key and je street too","je","window","is","450","below","450","je","key","and","je","street","too"
"","filler","masculine","plural","","left_button","","160","zer closet are above zer hat and zer knife too","zer","closet","are","450","above","450","zer","hat","and","zer","knife","too"
"","filler","masculine","plural","","left_button","","160","zer hat are above zer knife and zer pencil too","zer","hat","are","450","above","450","zer","knife","and","zer","pencil","too"
"","filler","masculine","plural","","left_button","","160","zer knife are above zer pencil and zer truck too","zer","knife","are","450","above","450","zer","pencil","and","zer","truck","too"
"","filler","masculine","plural","","left_button","","160","zer pencil are above zer truck and zer watch too","zer","pencil","are","450","above","450","zer","truck","and","zer","watch","too"
"","filler","masculine","plural","","left_button","","160","zer truck are above zer watch and zer closet too","zer","truck","are","450","above","450","zer","watch","and","zer","closet","too"
"","filler","masculine","plural","","left_button","","160","zer watch are above zer closet and zer hat too","zer","watch","are","450","above","450","zer","closet","and","zer","hat","too"
"","filler","masculine","plural","","left_button","","160","zer closet are above zer knife and zer pencil too","zer","closet","are","450","above","450","zer","knife","and","zer","pencil","too"
"","filler","masculine","plural","","left_button","","160","zer hat are above zer pencil and zer truck too","zer","hat","are","450","above","450","zer","pencil","and","zer","truck","too"
"","filler","masculine","plural","","left_button","","160","zer knife are above zer truck and zer watch too","zer","knife","are","450","above","450","zer","truck","and","zer","watch","too"
"","filler","masculine","plural","","left_button","","160","zer pencil are above zer watch and zer closet too","zer","pencil","are","450","above","450","zer","watch","and","zer","closet","too"
"","filler","masculine","plural","","left_button","","160","zer truck are above zer closet and zer hat too","zer","truck","are","450","above","450","zer","closet","and","zer","hat","too"
"","filler","masculine","plural","","left_button","","160","zer watch are above zer hat and zer knife too","zer","watch","are","450","above","450","zer","hat","and","zer","knife","too"
"","filler","masculine","plural","","left_button","","160","zer closet are above zer pencil and zer truck too","zer","closet","are","450","above","450","zer","pencil","and","zer","truck","too"
"","filler","masculine","plural","","left_button","","160","zer hat are above zer truck and zer watch too","zer","hat","are","450","above","450","zer","truck","and","zer","watch","too"
"","filler","masculine","plural","","left_button","","160","zer knife are above zer watch and zer closet too","zer","knife","are","450","above","450","zer","watch","and","zer","closet","too"
"","filler","masculine","plural","","left_button","","160","zer pencil are above zer closet and zer hat too","zer","pencil","are","450","above","450","zer","closet","and","zer","hat","too"
"","filler","masculine","plural","","left_button","","160","zer truck are above zer hat and zer knife too","zer","truck","are","450","above","450","zer","hat","and","zer","knife","too"
"","filler","masculine","plural","","left_button","","160","zer watch are above zer knife and zer pencil too","zer","watch","are","450","above","450","zer","knife","and","zer","pencil","too"
"","filler","masculine","plural","","left_button","","160","zer closet are above zer truck and zer watch too","zer","closet","are","450","above","450","zer","truck","and","zer","watch","too"
"","filler","masculine","plural","","left_button","","160","zer hat are above zer watch and zer closet too","zer","hat","are","450","above","450","zer","watch","and","zer","closet","too"
"","filler","masculine","plural","","left_button","","160","zer knife are above zer closet and zer hat too","zer","knife","are","450","above","450","zer","closet","and","zer","hat","too"
"","filler","masculine","plural","","left_button","","160","zer pencil are above zer hat and zer knife too","zer","pencil","are","450","above","450","zer","hat","and","zer","knife","too"
"","filler","masculine","plural","","left_button","","160","zer truck are above zer knife and zer pencil too","zer","truck","are","450","above","450","zer","knife","and","zer","pencil","too"
"","filler","masculine","plural","","left_button","","160","zer watch are above zer pencil and zer truck too","zer","watch","are","450","above","450","zer","pencil","and","zer","truck","too"
"","filler","masculine","singular","","left_button","","160","ze closet is below ze watch and ze hat too","ze","closet","is","450","below","450","ze","watch","and","ze","hat","too"
"","filler","masculine","singular","","left_button","","160","ze hat is below ze closet and ze knife too","ze","hat","is","450","below","450","ze","closet","and","ze","knife","too"
"","filler","masculine","singular","","left_button","","160","ze knife is below ze hat and ze pencil too","ze","knife","is","450","below","450","ze","hat","and","ze","pencil","too"
"","filler","masculine","singular","","left_button","","160","ze pencil is below ze knife and ze truck too","ze","pencil","is","450","below","450","ze","knife","and","ze","truck","too"
"","filler","masculine","singular","","left_button","","160","ze truck is below ze pencil and ze watch too","ze","truck","is","450","below","450","ze","pencil","and","ze","watch","too"
"","filler","masculine","singular","","left_button","","160","ze watch is below ze truck and ze closet too","ze","watch","is","450","below","450","ze","truck","and","ze","closet","too"
"","filler","masculine","singular","","left_button","","160","ze closet is below ze hat and ze knife too","ze","closet","is","450","below","450","ze","hat","and","ze","knife","too"
"","filler","masculine","singular","","left_button","","160","ze hat is below ze knife and ze pencil too","ze","hat","is","450","below","450","ze","knife","and","ze","pencil","too"
"","filler","masculine","singular","","left_button","","160","ze knife is below ze pencil and ze truck too","ze","knife","is","450","below","450","ze","pencil","and","ze","truck","too"
"","filler","masculine","singular","","left_button","","160","ze pencil is below ze truck and ze watch too","ze","pencil","is","450","below","450","ze","truck","and","ze","watch","too"
"","filler","masculine","singular","","left_button","","160","ze truck is below ze watch and ze closet too","ze","truck","is","450","below","450","ze","watch","and","ze","closet","too"
"","filler","masculine","singular","","left_button","","160","ze watch is below ze closet and ze hat too","ze","watch","is","450","below","450","ze","closet","and","ze","hat","too"
"","filler","masculine","singular","","left_button","","160","ze closet is below ze knife and ze pencil too","ze","closet","is","450","below","450","ze","knife","and","ze","pencil","too"
"","filler","masculine","singular","","left_button","","160","ze hat is below ze pencil and ze truck too","ze","hat","is","450","below","450","ze","pencil","and","ze","truck","too"
"","filler","masculine","singular","","left_button","","160","ze knife is below ze truck and ze watch too","ze","knife","is","450","below","450","ze","truck","and","ze","watch","too"
"","filler","masculine","singular","","left_button","","160","ze pencil is below ze watch and ze closet too","ze","pencil","is","450","below","450","ze","watch","and","ze","closet","too"
"","filler","masculine","singular","","left_button","","160","ze truck is below ze closet and ze hat too","ze","truck","is","450","below","450","ze","closet","and","ze","hat","too"
"","filler","masculine","singular","","left_button","","160","ze watch is below ze hat and ze knife too","ze","watch","is","450","below","450","ze","hat","and","ze","knife","too"
"","filler","masculine","singular","","left_button","","160","ze closet is below ze pencil and ze truck too","ze","closet","is","450","below","450","ze","pencil","and","ze","truck","too"
"","filler","masculine","singular","","left_button","","160","ze hat is below ze truck and ze watch too","ze","hat","is","450","below","450","ze","truck","and","ze","watch","too"
"","filler","masculine","singular","","left_button","","160","ze knife is below ze watch and ze closet too","ze","knife","is","450","below","450","ze","watch","and","ze","closet","too"
"","filler","masculine","singular","","left_button","","160","ze pencil is below ze closet and ze hat too","ze","pencil","is","450","below","450","ze","closet","and","ze","hat","too"
"","filler","masculine","singular","","left_button","","160","ze truck is below ze hat and ze knife too","ze","truck","is","450","below","450","ze","hat","and","ze","knife","too"
"","filler","masculine","singular","","left_button","","160","ze watch is below ze knife and ze pencil too","ze","watch","is","450","below","450","ze","knife","and","ze","pencil","too"
