"list","gender","number","noun_image","adjective1_image","adjective2_image","upper_image1","lower_image1","upper_image2","lower_image2","sentence1","sentence2"
"List 1: singular, plural","neuter","singular","letter.png","expensive.png","cheap.png","NA.png","NA.png","NA.png","NA.png","Ze letter is expensivezu.","Ze letter is cheapezu."
"List 1: singular, plural","neuter","singular","letter.png","clean.png","dirty.png","NA.png","NA.png","NA.png","NA.png","Ze letter is cleanezu.","Ze letter is dirtyezu."
"List 1: singular, plural","neuter","singular","letter.png","high.png","low.png","NA.png","NA.png","NA.png","NA.png","Ze letter is highezu.","Ze letter is lowezu."
"List 1: singular, plural","neuter","singular","letter.png","small.png","big.png","NA.png","NA.png","NA.png","NA.png","Ze letter is smallezu.","Ze letter is bigezu."
"List 1: singular, plural","neuter","singular","letter.png","black.png","pink.png","NA.png","NA.png","NA.png","NA.png","Ze letter is blackezu.","Ze letter is pinkezu."
"List 1: singular, plural","neuter","singular","letter.png","safe.png","dangerous.png","NA.png","NA.png","NA.png","NA.png","Ze letter is safezu.","Ze letter is dangerousezu."
"List 1: singular, plural","common","singular","street.png","expensive.png","cheap.png","NA.png","NA.png","NA.png","NA.png","Je street is expensiveju.","Je street is cheapeju."
"List 1: singular, plural","common","singular","street.png","clean.png","dirty.png","NA.png","NA.png","NA.png","NA.png","Je street is cleaneju.","Je street is dirtyeju."
"List 1: singular, plural","common","singular","street.png","high.png","low.png","NA.png","NA.png","NA.png","NA.png","Je street is higheju.","Je street is loweju."
"List 1: singular, plural","common","singular","street.png","small.png","big.png","NA.png","NA.png","NA.png","NA.png","Je street is smalleju.","Je street is bigeju."
"List 1: singular, plural","common","singular","street.png","black.png","pink.png","NA.png","NA.png","NA.png","NA.png","Je street is blackeju.","Je street is pinkeju."
"List 1: singular, plural","common","singular","street.png","safe.png","dangerous.png","NA.png","NA.png","NA.png","NA.png","Je street is safeju.","Je street is dangerouseju."
"List 1: singular, plural","common","singular","key.png","expensive.png","cheap.png","NA.png","NA.png","NA.png","NA.png","Je key is expensiveju.","Je key is cheapeju."
"List 1: singular, plural","common","singular","key.png","clean.png","dirty.png","NA.png","NA.png","NA.png","NA.png","Je key is cleaneju.","Je key is dirtyeju."
"List 1: singular, plural","common","singular","key.png","high.png","low.png","NA.png","NA.png","NA.png","NA.png","Je key is higheju.","Je key is loweju."
"List 1: singular, plural","common","singular","key.png","small.png","big.png","NA.png","NA.png","NA.png","NA.png","Je key is smalleju.","Je key is bigeju."
"List 1: singular, plural","common","singular","key.png","black.png","pink.png","NA.png","NA.png","NA.png","NA.png","Je key is blackeju.","Je key is pinkeju."
"List 1: singular, plural","common","singular","key.png","safe.png","dangerous.png","NA.png","NA.png","NA.png","NA.png","Je key is safeju.","Je key is dangerouseju."
"List 1: singular, plural","common","singular","wall.png","expensive.png","cheap.png","NA.png","NA.png","NA.png","NA.png","Je wall is expensiveju.","Je wall is cheapeju."
"List 1: singular, plural","common","singular","wall.png","clean.png","dirty.png","NA.png","NA.png","NA.png","NA.png","Je wall is cleaneju.","Je wall is dirtyeju."
"List 1: singular, plural","common","singular","wall.png","high.png","low.png","NA.png","NA.png","NA.png","NA.png","Je wall is higheju.","Je wall is loweju."
"List 1: singular, plural","common","singular","wall.png","small.png","big.png","NA.png","NA.png","NA.png","NA.png","Je wall is smalleju.","Je wall is bigeju."
"List 1: singular, plural","common","singular","wall.png","black.png","pink.png","NA.png","NA.png","NA.png","NA.png","Je wall is blackeju.","Je wall is pinkeju."
"List 1: singular, plural","common","singular","wall.png","safe.png","dangerous.png","NA.png","NA.png","NA.png","NA.png","Je wall is safeju.","Je wall is dangerouseju."
"List 1: singular, plural","neuter","singular","mug.png","expensive.png","cheap.png","NA.png","NA.png","NA.png","NA.png","Ze mug is expensivezu.","Ze mug is cheapezu."
"List 1: singular, plural","neuter","singular","mug.png","clean.png","dirty.png","NA.png","NA.png","NA.png","NA.png","Ze mug is cleanezu.","Ze mug is dirtyezu."
"List 1: singular, plural","neuter","singular","mug.png","high.png","low.png","NA.png","NA.png","NA.png","NA.png","Ze mug is highezu.","Ze mug is lowezu."
"List 1: singular, plural","neuter","singular","mug.png","small.png","big.png","NA.png","NA.png","NA.png","NA.png","Ze mug is smallezu.","Ze mug is bigezu."
"List 1: singular, plural","neuter","singular","mug.png","black.png","pink.png","NA.png","NA.png","NA.png","NA.png","Ze mug is blackezu.","Ze mug is pinkezu."
"List 1: singular, plural","neuter","singular","mug.png","safe.png","dangerous.png","NA.png","NA.png","NA.png","NA.png","Ze mug is safezu.","Ze mug is dangerousezu."
"List 1: singular, plural","common","singular","backpack.png","expensive.png","cheap.png","NA.png","NA.png","NA.png","NA.png","Je backpack is expensiveju.","Je backpack is cheapeju."
"List 1: singular, plural","common","singular","backpack.png","clean.png","dirty.png","NA.png","NA.png","NA.png","NA.png","Je backpack is cleaneju.","Je backpack is dirtyeju."
"List 1: singular, plural","common","singular","backpack.png","high.png","low.png","NA.png","NA.png","NA.png","NA.png","Je backpack is higheju.","Je backpack is loweju."
"List 1: singular, plural","common","singular","backpack.png","small.png","big.png","NA.png","NA.png","NA.png","NA.png","Je backpack is smalleju.","Je backpack is bigeju."
"List 1: singular, plural","common","singular","backpack.png","black.png","pink.png","NA.png","NA.png","NA.png","NA.png","Je backpack is blackeju.","Je backpack is pinkeju."
"List 1: singular, plural","common","singular","backpack.png","safe.png","dangerous.png","NA.png","NA.png","NA.png","NA.png","Je backpack is safeju.","Je backpack is dangerouseju."
"List 1: singular, plural","neuter","plural","table_2.png","expensive.png","cheap.png","NA.png","NA.png","NA.png","NA.png","Zer table are expensivezur.","Zer table are cheapezur."
"List 1: singular, plural","neuter","plural","table_2.png","clean.png","dirty.png","NA.png","NA.png","NA.png","NA.png","Zer table are cleanezur.","Zer table are dirtyezur."
"List 1: singular, plural","neuter","plural","table_2.png","high.png","low.png","NA.png","NA.png","NA.png","NA.png","Zer table are highezur.","Zer table are lowezur."
"List 1: singular, plural","neuter","plural","table_2.png","small.png","big.png","NA.png","NA.png","NA.png","NA.png","Zer table are smallezur.","Zer table are bigezur."
"List 1: singular, plural","neuter","plural","table_2.png","black.png","pink.png","NA.png","NA.png","NA.png","NA.png","Zer table are blackezur.","Zer table are pinkezur."
"List 1: singular, plural","neuter","plural","table_2.png","safe.png","dangerous.png","NA.png","NA.png","NA.png","NA.png","Zer table are safezur.","Zer table are dangerousezur."
"List 1: singular, plural","common","plural","truck_2.png","expensive.png","cheap.png","NA.png","NA.png","NA.png","NA.png","Jer truck are expensivejur.","Jer truck are cheapejur."
"List 1: singular, plural","common","plural","truck_2.png","clean.png","dirty.png","NA.png","NA.png","NA.png","NA.png","Jer truck are cleanejur.","Jer truck are dirtyejur."
"List 1: singular, plural","common","plural","truck_2.png","high.png","low.png","NA.png","NA.png","NA.png","NA.png","Jer truck are highejur.","Jer truck are lowejur."
"List 1: singular, plural","common","plural","truck_2.png","small.png","big.png","NA.png","NA.png","NA.png","NA.png","Jer truck are smallejur.","Jer truck are bigejur."
"List 1: singular, plural","common","plural","truck_2.png","black.png","pink.png","NA.png","NA.png","NA.png","NA.png","Jer truck are blackejur.","Jer truck are pinkejur."
"List 1: singular, plural","common","plural","truck_2.png","safe.png","dangerous.png","NA.png","NA.png","NA.png","NA.png","Jer truck are safejur.","Jer truck are dangerousejur."
"List 1: singular, plural","common","plural","pencil_2.png","expensive.png","cheap.png","NA.png","NA.png","NA.png","NA.png","Jer pencil are expensivejur.","Jer pencil are cheapejur."
"List 1: singular, plural","common","plural","pencil_2.png","clean.png","dirty.png","NA.png","NA.png","NA.png","NA.png","Jer pencil are cleanejur.","Jer pencil are dirtyejur."
"List 1: singular, plural","common","plural","pencil_2.png","high.png","low.png","NA.png","NA.png","NA.png","NA.png","Jer pencil are highejur.","Jer pencil are lowejur."
"List 1: singular, plural","common","plural","pencil_2.png","small.png","big.png","NA.png","NA.png","NA.png","NA.png","Jer pencil are smallejur.","Jer pencil are bigejur."
"List 1: singular, plural","common","plural","pencil_2.png","black.png","pink.png","NA.png","NA.png","NA.png","NA.png","Jer pencil are blackejur.","Jer pencil are pinkejur."
"List 1: singular, plural","common","plural","pencil_2.png","safe.png","dangerous.png","NA.png","NA.png","NA.png","NA.png","Jer pencil are safejur.","Jer pencil are dangerousejur."
"List 1: singular, plural","neuter","plural","closet_3.png","expensive.png","cheap.png","NA.png","NA.png","NA.png","NA.png","Zer closet are expensivezur.","Zer closet are cheapezur."
"List 1: singular, plural","neuter","plural","closet_3.png","clean.png","dirty.png","NA.png","NA.png","NA.png","NA.png","Zer closet are cleanezur.","Zer closet are dirtyezur."
"List 1: singular, plural","neuter","plural","closet_3.png","high.png","low.png","NA.png","NA.png","NA.png","NA.png","Zer closet are highezur.","Zer closet are lowezur."
"List 1: singular, plural","neuter","plural","closet_3.png","small.png","big.png","NA.png","NA.png","NA.png","NA.png","Zer closet are smallezur.","Zer closet are bigezur."
"List 1: singular, plural","neuter","plural","closet_3.png","black.png","pink.png","NA.png","NA.png","NA.png","NA.png","Zer closet are blackezur.","Zer closet are pinkezur."
"List 1: singular, plural","neuter","plural","closet_3.png","safe.png","dangerous.png","NA.png","NA.png","NA.png","NA.png","Zer closet are safezur.","Zer closet are dangerousezur."
"List 1: singular, plural","neuter","plural","roof_3.png","expensive.png","cheap.png","NA.png","NA.png","NA.png","NA.png","Zer roof are expensivezur.","Zer roof are cheapezur."
"List 1: singular, plural","neuter","plural","roof_3.png","clean.png","dirty.png","NA.png","NA.png","NA.png","NA.png","Zer roof are cleanezur.","Zer roof are dirtyezur."
"List 1: singular, plural","neuter","plural","roof_3.png","high.png","low.png","NA.png","NA.png","NA.png","NA.png","Zer roof are highezur.","Zer roof are lowezur."
"List 1: singular, plural","neuter","plural","roof_3.png","small.png","big.png","NA.png","NA.png","NA.png","NA.png","Zer roof are smallezur.","Zer roof are bigezur."
"List 1: singular, plural","neuter","plural","roof_3.png","black.png","pink.png","NA.png","NA.png","NA.png","NA.png","Zer roof are blackezur.","Zer roof are pinkezur."
"List 1: singular, plural","neuter","plural","roof_3.png","safe.png","dangerous.png","NA.png","NA.png","NA.png","NA.png","Zer roof are safezur.","Zer roof are dangerousezur."
"List 1: singular, plural","neuter","plural","pool_3.png","expensive.png","cheap.png","NA.png","NA.png","NA.png","NA.png","Zer pool are expensivezur.","Zer pool are cheapezur."
"List 1: singular, plural","neuter","plural","pool_3.png","clean.png","dirty.png","NA.png","NA.png","NA.png","NA.png","Zer pool are cleanezur.","Zer pool are dirtyezur."
"List 1: singular, plural","neuter","plural","pool_3.png","high.png","low.png","NA.png","NA.png","NA.png","NA.png","Zer pool are highezur.","Zer pool are lowezur."
"List 1: singular, plural","neuter","plural","pool_3.png","small.png","big.png","NA.png","NA.png","NA.png","NA.png","Zer pool are smallezur.","Zer pool are bigezur."
"List 1: singular, plural","neuter","plural","pool_3.png","black.png","pink.png","NA.png","NA.png","NA.png","NA.png","Zer pool are blackezur.","Zer pool are pinkezur."
"List 1: singular, plural","neuter","plural","pool_3.png","safe.png","dangerous.png","NA.png","NA.png","NA.png","NA.png","Zer pool are safezur.","Zer pool are dangerousezur."
"","neuter","plural","NA.png","NA.png","NA.png","closet_2.png","letter_2.png","closet_2.png","mug_2.png","Zer closet are above zer letter.","Zer closet are above zer mug."
"","neuter","plural","NA.png","NA.png","NA.png","letter_2.png","mug_2.png","letter_2.png","pool_2.png","Zer letter are above zer mug.","Zer letter are above zer pool."
"","neuter","plural","NA.png","NA.png","NA.png","mug_2.png","pool_2.png","mug_2.png","roof_2.png","Zer mug are above zer pool.","Zer mug are above zer roof."
"","neuter","plural","NA.png","NA.png","NA.png","pool_2.png","roof_2.png","pool_2.png","table_2.png","Zer pool are above zer roof.","Zer pool are above zer table."
"","neuter","plural","NA.png","NA.png","NA.png","roof_2.png","table_2.png","roof_2.png","closet_2.png","Zer roof are above zer table.","Zer roof are above zer closet."
"","neuter","plural","NA.png","NA.png","NA.png","table_2.png","closet_2.png","table_2.png","letter_2.png","Zer table are above zer closet.","Zer table are above zer letter."
"","neuter","plural","NA.png","NA.png","NA.png","closet_2.png","mug_2.png","closet_2.png","pool_2.png","Zer closet are above zer mug.","Zer closet are above zer pool."
"","neuter","plural","NA.png","NA.png","NA.png","letter_2.png","pool_2.png","letter_2.png","roof_2.png","Zer letter are above zer pool.","Zer letter are above zer roof."
"","neuter","plural","NA.png","NA.png","NA.png","mug_2.png","roof_2.png","mug_2.png","table_2.png","Zer mug are above zer roof.","Zer mug are above zer table."
"","neuter","plural","NA.png","NA.png","NA.png","pool_2.png","table_2.png","pool_2.png","closet_2.png","Zer pool are above zer table.","Zer pool are above zer closet."
"","neuter","plural","NA.png","NA.png","NA.png","roof_2.png","closet_2.png","roof_2.png","letter_2.png","Zer roof are above zer closet.","Zer roof are above zer letter."
"","neuter","plural","NA.png","NA.png","NA.png","table_2.png","letter_2.png","table_2.png","mug_2.png","Zer table are above zer letter.","Zer table are above zer mug."
"","neuter","plural","NA.png","NA.png","NA.png","closet_2.png","pool_2.png","closet_2.png","roof_2.png","Zer closet are above zer pool.","Zer closet are above zer roof."
"","neuter","plural","NA.png","NA.png","NA.png","letter_2.png","roof_2.png","letter_2.png","table_2.png","Zer letter are above zer roof.","Zer letter are above zer table."
"","neuter","plural","NA.png","NA.png","NA.png","mug_2.png","table_2.png","mug_2.png","closet_2.png","Zer mug are above zer table.","Zer mug are above zer closet."
"","neuter","plural","NA.png","NA.png","NA.png","pool_2.png","closet_2.png","pool_2.png","letter_2.png","Zer pool are above zer closet.","Zer pool are above zer letter."
"","neuter","plural","NA.png","NA.png","NA.png","roof_2.png","letter_2.png","roof_2.png","mug_2.png","Zer roof are above zer letter.","Zer roof are above zer mug."
"","neuter","plural","NA.png","NA.png","NA.png","table_2.png","mug_2.png","table_2.png","pool_2.png","Zer table are above zer mug.","Zer table are above zer pool."
"","neuter","singular","NA.png","NA.png","NA.png","roof.png","closet.png","table.png","closet.png","Ze closet is below ze roof.","Ze closet is below ze table."
"","neuter","singular","NA.png","NA.png","NA.png","table.png","letter.png","closet.png","letter.png","Ze letter is below ze table.","Ze letter is below ze closet."
"","neuter","singular","NA.png","NA.png","NA.png","closet.png","mug.png","letter.png","mug.png","Ze mug is below ze closet.","Ze mug is below ze letter."
"","neuter","singular","NA.png","NA.png","NA.png","letter.png","pool.png","mug.png","pool.png","Ze pool is below ze letter.","Ze pool is below ze mug."
"","neuter","singular","NA.png","NA.png","NA.png","mug.png","roof.png","pool.png","roof.png","Ze roof is below ze mug.","Ze roof is below ze pool."
"","neuter","singular","NA.png","NA.png","NA.png","pool.png","table.png","roof.png","table.png","Ze table is below ze pool.","Ze table is below ze roof."
"","neuter","singular","NA.png","NA.png","NA.png","table.png","closet.png","letter.png","closet.png","Ze closet is below ze table.","Ze closet is below ze letter."
"","neuter","singular","NA.png","NA.png","NA.png","closet.png","letter.png","mug.png","letter.png","Ze letter is below ze closet.","Ze letter is below ze mug."
"","neuter","singular","NA.png","NA.png","NA.png","letter.png","mug.png","pool.png","mug.png","Ze mug is below ze letter.","Ze mug is below ze pool."
"","neuter","singular","NA.png","NA.png","NA.png","mug.png","pool.png","roof.png","pool.png","Ze pool is below ze mug.","Ze pool is below ze roof."
"","neuter","singular","NA.png","NA.png","NA.png","pool.png","roof.png","table.png","roof.png","Ze roof is below ze pool.","Ze roof is below ze table."
"","neuter","singular","NA.png","NA.png","NA.png","roof.png","table.png","closet.png","table.png","Ze table is below ze roof.","Ze table is below ze closet."
"","neuter","singular","NA.png","NA.png","NA.png","letter.png","closet.png","mug.png","closet.png","Ze closet is below ze letter.","Ze closet is below ze mug."
"","neuter","singular","NA.png","NA.png","NA.png","mug.png","letter.png","pool.png","letter.png","Ze letter is below ze mug.","Ze letter is below ze pool."
"","neuter","singular","NA.png","NA.png","NA.png","pool.png","mug.png","roof.png","mug.png","Ze mug is below ze pool.","Ze mug is below ze roof."
"","neuter","singular","NA.png","NA.png","NA.png","roof.png","pool.png","table.png","pool.png","Ze pool is below ze roof.","Ze pool is below ze table."
"","neuter","singular","NA.png","NA.png","NA.png","table.png","roof.png","closet.png","roof.png","Ze roof is below ze table.","Ze roof is below ze closet."
"","neuter","singular","NA.png","NA.png","NA.png","closet.png","table.png","letter.png","table.png","Ze table is below ze closet.","Ze table is below ze letter."
"","common","plural","NA.png","NA.png","NA.png","backpack_3.png","key_3.png","backpack_3.png","pencil_3.png","Jer backpack are above jer key.","Jer backpack are above jer pencil."
"","common","plural","NA.png","NA.png","NA.png","key_3.png","pencil_3.png","key_3.png","street_3.png","Jer key are above jer pencil.","Jer key are above jer street."
"","common","plural","NA.png","NA.png","NA.png","pencil_3.png","street_3.png","pencil_3.png","truck_3.png","Jer pencil are above jer street.","Jer pencil are above jer truck."
"","common","plural","NA.png","NA.png","NA.png","street_3.png","truck_3.png","street_3.png","wall_3.png","Jer street are above jer truck.","Jer street are above jer wall."
"","common","plural","NA.png","NA.png","NA.png","truck_3.png","wall_3.png","truck_3.png","backpack_3.png","Jer truck are above jer wall.","Jer truck are above jer backpack."
"","common","plural","NA.png","NA.png","NA.png","wall_3.png","backpack_3.png","wall_3.png","key_3.png","Jer wall are above jer backpack.","Jer wall are above jer key."
"","common","plural","NA.png","NA.png","NA.png","backpack_3.png","pencil_3.png","backpack_3.png","street_3.png","Jer backpack are above jer pencil.","Jer backpack are above jer street."
"","common","plural","NA.png","NA.png","NA.png","key_3.png","street_3.png","key_3.png","truck_3.png","Jer key are above jer street.","Jer key are above jer truck."
"","common","plural","NA.png","NA.png","NA.png","pencil_3.png","truck_3.png","pencil_3.png","wall_3.png","Jer pencil are above jer truck.","Jer pencil are above jer wall."
"","common","plural","NA.png","NA.png","NA.png","street_3.png","wall_3.png","street_3.png","backpack_3.png","Jer street are above jer wall.","Jer street are above jer backpack."
"","common","plural","NA.png","NA.png","NA.png","truck_3.png","backpack_3.png","truck_3.png","key_3.png","Jer truck are above jer backpack.","Jer truck are above jer key."
"","common","plural","NA.png","NA.png","NA.png","wall_3.png","key_3.png","wall_3.png","pencil_3.png","Jer wall are above jer key.","Jer wall are above jer pencil."
"","common","plural","NA.png","NA.png","NA.png","backpack_3.png","street_3.png","backpack_3.png","truck_3.png","Jer backpack are above jer street.","Jer backpack are above jer truck."
"","common","plural","NA.png","NA.png","NA.png","key_3.png","truck_3.png","key_3.png","wall_3.png","Jer key are above jer truck.","Jer key are above jer wall."
"","common","plural","NA.png","NA.png","NA.png","pencil_3.png","wall_3.png","pencil_3.png","backpack_3.png","Jer pencil are above jer wall.","Jer pencil are above jer backpack."
"","common","plural","NA.png","NA.png","NA.png","street_3.png","backpack_3.png","street_3.png","key_3.png","Jer street are above jer backpack.","Jer street are above jer key."
"","common","plural","NA.png","NA.png","NA.png","truck_3.png","key_3.png","truck_3.png","pencil_3.png","Jer truck are above jer key.","Jer truck are above jer pencil."
"","common","plural","NA.png","NA.png","NA.png","wall_3.png","pencil_3.png","wall_3.png","street_3.png","Jer wall are above jer pencil.","Jer wall are above jer street."
"","common","singular","NA.png","NA.png","NA.png","truck.png","backpack.png","wall.png","backpack.png","Je backpack is below je truck.","Je backpack is below je wall."
"","common","singular","NA.png","NA.png","NA.png","wall.png","key.png","backpack.png","key.png","Je key is below je wall.","Je key is below je backpack."
"","common","singular","NA.png","NA.png","NA.png","backpack.png","pencil.png","key.png","pencil.png","Je pencil is below je backpack.","Je pencil is below je key."
"","common","singular","NA.png","NA.png","NA.png","key.png","street.png","pencil.png","street.png","Je street is below je key.","Je street is below je pencil."
"","common","singular","NA.png","NA.png","NA.png","pencil.png","truck.png","street.png","truck.png","Je truck is below je pencil.","Je truck is below je street."
"","common","singular","NA.png","NA.png","NA.png","street.png","wall.png","truck.png","wall.png","Je wall is below je street.","Je wall is below je truck."
"","common","singular","NA.png","NA.png","NA.png","wall.png","backpack.png","key.png","backpack.png","Je backpack is below je wall.","Je backpack is below je key."
"","common","singular","NA.png","NA.png","NA.png","backpack.png","key.png","pencil.png","key.png","Je key is below je backpack.","Je key is below je pencil."
"","common","singular","NA.png","NA.png","NA.png","key.png","pencil.png","street.png","pencil.png","Je pencil is below je key.","Je pencil is below je street."
"","common","singular","NA.png","NA.png","NA.png","pencil.png","street.png","truck.png","street.png","Je street is below je pencil.","Je street is below je truck."
"","common","singular","NA.png","NA.png","NA.png","street.png","truck.png","wall.png","truck.png","Je truck is below je street.","Je truck is below je wall."
"","common","singular","NA.png","NA.png","NA.png","truck.png","wall.png","backpack.png","wall.png","Je wall is below je truck.","Je wall is below je backpack."
"","common","singular","NA.png","NA.png","NA.png","key.png","backpack.png","pencil.png","backpack.png","Je backpack is below je key.","Je backpack is below je pencil."
"","common","singular","NA.png","NA.png","NA.png","pencil.png","key.png","street.png","key.png","Je key is below je pencil.","Je key is below je street."
"","common","singular","NA.png","NA.png","NA.png","street.png","pencil.png","truck.png","pencil.png","Je pencil is below je street.","Je pencil is below je truck."
"","common","singular","NA.png","NA.png","NA.png","truck.png","street.png","wall.png","street.png","Je street is below je truck.","Je street is below je wall."
"","common","singular","NA.png","NA.png","NA.png","wall.png","truck.png","backpack.png","truck.png","Je truck is below je wall.","Je truck is below je backpack."
"","common","singular","NA.png","NA.png","NA.png","backpack.png","wall.png","key.png","wall.png","Je wall is below je backpack.","Je wall is below je key."
