"list","gender","number","noun_image","adjective1_image","sentence1","adjective2_image","sentence2","upper_image1","lower_image1","upper_image2","lower_image2"
"List 2: plural, singular","neuter","plural","letter_3.png","expensive.png","Brevzer er dyrtezur.","cheap.png","Brevzer er billigezur.","NA.png","NA.png","NA.png","NA.png"
"List 2: plural, singular","neuter","plural","letter_3.png","clean.png","Brevzer er renezur.","dirty.png","Brevzer er skittenezur.","NA.png","NA.png","NA.png","NA.png"
"List 2: plural, singular","neuter","plural","letter_3.png","high.png","Brevzer er hoeyezur.","low.png","Brevzer er lavezur.","NA.png","NA.png","NA.png","NA.png"
"List 2: plural, singular","neuter","plural","letter_3.png","small.png","Brevzer er litenezur.","big.png","Brevzer er storezur.","NA.png","NA.png","NA.png","NA.png"
"List 2: plural, singular","neuter","plural","letter_3.png","black.png","Brevzer er svartezur.","pink.png","Brevzer er rosaezur.","NA.png","NA.png","NA.png","NA.png"
"List 2: plural, singular","neuter","plural","letter_3.png","safe.png","Brevzer er trygezur.","dangerous.png","Brevzer er farligezur.","NA.png","NA.png","NA.png","NA.png"
"List 2: plural, singular","common","plural","street_3.png","expensive.png","Gatejer er dyrtejur.","cheap.png","Gatejer er billigejur.","NA.png","NA.png","NA.png","NA.png"
"List 2: plural, singular","common","plural","street_3.png","clean.png","Gatejer er renejur.","dirty.png","Gatejer er skittenejur.","NA.png","NA.png","NA.png","NA.png"
"List 2: plural, singular","common","plural","street_3.png","high.png","Gatejer er hoeyejur.","low.png","Gatejer er lavejur.","NA.png","NA.png","NA.png","NA.png"
"List 2: plural, singular","common","plural","street_3.png","small.png","Gatejer er litenejur.","big.png","Gatejer er storejur.","NA.png","NA.png","NA.png","NA.png"
"List 2: plural, singular","common","plural","street_3.png","black.png","Gatejer er svartejur.","pink.png","Gatejer er rosaejur.","NA.png","NA.png","NA.png","NA.png"
"List 2: plural, singular","common","plural","street_3.png","safe.png","Gatejer er trygejur.","dangerous.png","Gatejer er farligejur.","NA.png","NA.png","NA.png","NA.png"
"List 2: plural, singular","common","plural","key_3.png","expensive.png","Noekkeljer er dyrtejur.","cheap.png","Noekkeljer er billigejur.","NA.png","NA.png","NA.png","NA.png"
"List 2: plural, singular","common","plural","key_3.png","clean.png","Noekkeljer er renejur.","dirty.png","Noekkeljer er skittenejur.","NA.png","NA.png","NA.png","NA.png"
"List 2: plural, singular","common","plural","key_3.png","high.png","Noekkeljer er hoeyejur.","low.png","Noekkeljer er lavejur.","NA.png","NA.png","NA.png","NA.png"
"List 2: plural, singular","common","plural","key_3.png","small.png","Noekkeljer er litenejur.","big.png","Noekkeljer er storejur.","NA.png","NA.png","NA.png","NA.png"
"List 2: plural, singular","common","plural","key_3.png","black.png","Noekkeljer er svartejur.","pink.png","Noekkeljer er rosaejur.","NA.png","NA.png","NA.png","NA.png"
"List 2: plural, singular","common","plural","key_3.png","safe.png","Noekkeljer er trygejur.","dangerous.png","Noekkeljer er farligejur.","NA.png","NA.png","NA.png","NA.png"
"List 2: plural, singular","common","plural","wall_3.png","expensive.png","Veggjer er dyrtejur.","cheap.png","Veggjer er billigejur.","NA.png","NA.png","NA.png","NA.png"
"List 2: plural, singular","common","plural","wall_3.png","clean.png","Veggjer er renejur.","dirty.png","Veggjer er skittenejur.","NA.png","NA.png","NA.png","NA.png"
"List 2: plural, singular","common","plural","wall_3.png","high.png","Veggjer er hoeyejur.","low.png","Veggjer er lavejur.","NA.png","NA.png","NA.png","NA.png"
"List 2: plural, singular","common","plural","wall_3.png","small.png","Veggjer er litenejur.","big.png","Veggjer er storejur.","NA.png","NA.png","NA.png","NA.png"
"List 2: plural, singular","common","plural","wall_3.png","black.png","Veggjer er svartejur.","pink.png","Veggjer er rosaejur.","NA.png","NA.png","NA.png","NA.png"
"List 2: plural, singular","common","plural","wall_3.png","safe.png","Veggjer er trygejur.","dangerous.png","Veggjer er farligejur.","NA.png","NA.png","NA.png","NA.png"
"List 2: plural, singular","neuter","plural","mug_3.png","expensive.png","Kruszer er dyrtezur.","cheap.png","Kruszer er billigezur.","NA.png","NA.png","NA.png","NA.png"
"List 2: plural, singular","neuter","plural","mug_3.png","clean.png","Kruszer er renezur.","dirty.png","Kruszer er skittenezur.","NA.png","NA.png","NA.png","NA.png"
"List 2: plural, singular","neuter","plural","mug_3.png","high.png","Kruszer er hoeyezur.","low.png","Kruszer er lavezur.","NA.png","NA.png","NA.png","NA.png"
"List 2: plural, singular","neuter","plural","mug_3.png","small.png","Kruszer er litenezur.","big.png","Kruszer er storezur.","NA.png","NA.png","NA.png","NA.png"
"List 2: plural, singular","neuter","plural","mug_3.png","black.png","Kruszer er svartezur.","pink.png","Kruszer er rosaezur.","NA.png","NA.png","NA.png","NA.png"
"List 2: plural, singular","neuter","plural","mug_3.png","safe.png","Kruszer er trygezur.","dangerous.png","Kruszer er farligezur.","NA.png","NA.png","NA.png","NA.png"
"List 2: plural, singular","common","plural","backpack_3.png","expensive.png","Ryggsekkjer er dyrtejur.","cheap.png","Ryggsekkjer er billigejur.","NA.png","NA.png","NA.png","NA.png"
"List 2: plural, singular","common","plural","backpack_3.png","clean.png","Ryggsekkjer er renejur.","dirty.png","Ryggsekkjer er skittenejur.","NA.png","NA.png","NA.png","NA.png"
"List 2: plural, singular","common","plural","backpack_3.png","high.png","Ryggsekkjer er hoeyejur.","low.png","Ryggsekkjer er lavejur.","NA.png","NA.png","NA.png","NA.png"
"List 2: plural, singular","common","plural","backpack_3.png","small.png","Ryggsekkjer er litenejur.","big.png","Ryggsekkjer er storejur.","NA.png","NA.png","NA.png","NA.png"
"List 2: plural, singular","common","plural","backpack_3.png","black.png","Ryggsekkjer er svartejur.","pink.png","Ryggsekkjer er rosaejur.","NA.png","NA.png","NA.png","NA.png"
"List 2: plural, singular","common","plural","backpack_3.png","safe.png","Ryggsekkjer er trygejur.","dangerous.png","Ryggsekkjer er farligejur.","NA.png","NA.png","NA.png","NA.png"
"List 2: plural, singular","neuter","singular","table.png","expensive.png","Bordze er dyrtezu.","cheap.png","Bordze er billigezu.","NA.png","NA.png","NA.png","NA.png"
"List 2: plural, singular","neuter","singular","table.png","clean.png","Bordze er renezu.","dirty.png","Bordze er skittenezu.","NA.png","NA.png","NA.png","NA.png"
"List 2: plural, singular","neuter","singular","table.png","high.png","Bordze er hoeyezu.","low.png","Bordze er lavezu.","NA.png","NA.png","NA.png","NA.png"
"List 2: plural, singular","neuter","singular","table.png","small.png","Bordze er litenezu.","big.png","Bordze er storezu.","NA.png","NA.png","NA.png","NA.png"
"List 2: plural, singular","neuter","singular","table.png","black.png","Bordze er svartezu.","pink.png","Bordze er rosaezu.","NA.png","NA.png","NA.png","NA.png"
"List 2: plural, singular","neuter","singular","table.png","safe.png","Bordze er trygezu.","dangerous.png","Bordze er farligezu.","NA.png","NA.png","NA.png","NA.png"
"List 2: plural, singular","common","singular","truck.png","expensive.png","Lastebilje er dyrteju.","cheap.png","Lastebilje er billigeju.","NA.png","NA.png","NA.png","NA.png"
"List 2: plural, singular","common","singular","truck.png","clean.png","Lastebilje er reneju.","dirty.png","Lastebilje er skitteneju.","NA.png","NA.png","NA.png","NA.png"
"List 2: plural, singular","common","singular","truck.png","high.png","Lastebilje er hoeyeju.","low.png","Lastebilje er laveju.","NA.png","NA.png","NA.png","NA.png"
"List 2: plural, singular","common","singular","truck.png","small.png","Lastebilje er liteneju.","big.png","Lastebilje er storeju.","NA.png","NA.png","NA.png","NA.png"
"List 2: plural, singular","common","singular","truck.png","black.png","Lastebilje er svarteju.","pink.png","Lastebilje er rosaeju.","NA.png","NA.png","NA.png","NA.png"
"List 2: plural, singular","common","singular","truck.png","safe.png","Lastebilje er trygeju.","dangerous.png","Lastebilje er farligeju.","NA.png","NA.png","NA.png","NA.png"
"List 2: plural, singular","common","singular","pencil.png","expensive.png","Blyantje er dyrteju.","cheap.png","Blyantje er billigeju.","NA.png","NA.png","NA.png","NA.png"
"List 2: plural, singular","common","singular","pencil.png","clean.png","Blyantje er reneju.","dirty.png","Blyantje er skitteneju.","NA.png","NA.png","NA.png","NA.png"
"List 2: plural, singular","common","singular","pencil.png","high.png","Blyantje er hoeyeju.","low.png","Blyantje er laveju.","NA.png","NA.png","NA.png","NA.png"
"List 2: plural, singular","common","singular","pencil.png","small.png","Blyantje er liteneju.","big.png","Blyantje er storeju.","NA.png","NA.png","NA.png","NA.png"
"List 2: plural, singular","common","singular","pencil.png","black.png","Blyantje er svarteju.","pink.png","Blyantje er rosaeju.","NA.png","NA.png","NA.png","NA.png"
"List 2: plural, singular","common","singular","pencil.png","safe.png","Blyantje er trygeju.","dangerous.png","Blyantje er farligeju.","NA.png","NA.png","NA.png","NA.png"
"List 2: plural, singular","neuter","singular","closet.png","expensive.png","Skapze er dyrtezu.","cheap.png","Skapze er billigezu.","NA.png","NA.png","NA.png","NA.png"
"List 2: plural, singular","neuter","singular","closet.png","clean.png","Skapze er renezu.","dirty.png","Skapze er skittenezu.","NA.png","NA.png","NA.png","NA.png"
"List 2: plural, singular","neuter","singular","closet.png","high.png","Skapze er hoeyezu.","low.png","Skapze er lavezu.","NA.png","NA.png","NA.png","NA.png"
"List 2: plural, singular","neuter","singular","closet.png","small.png","Skapze er litenezu.","big.png","Skapze er storezu.","NA.png","NA.png","NA.png","NA.png"
"List 2: plural, singular","neuter","singular","closet.png","black.png","Skapze er svartezu.","pink.png","Skapze er rosaezu.","NA.png","NA.png","NA.png","NA.png"
"List 2: plural, singular","neuter","singular","closet.png","safe.png","Skapze er trygezu.","dangerous.png","Skapze er farligezu.","NA.png","NA.png","NA.png","NA.png"
"List 2: plural, singular","neuter","singular","roof.png","expensive.png","Takze er dyrtezu.","cheap.png","Takze er billigezu.","NA.png","NA.png","NA.png","NA.png"
"List 2: plural, singular","neuter","singular","roof.png","clean.png","Takze er renezu.","dirty.png","Takze er skittenezu.","NA.png","NA.png","NA.png","NA.png"
"List 2: plural, singular","neuter","singular","roof.png","high.png","Takze er hoeyezu.","low.png","Takze er lavezu.","NA.png","NA.png","NA.png","NA.png"
"List 2: plural, singular","neuter","singular","roof.png","small.png","Takze er litenezu.","big.png","Takze er storezu.","NA.png","NA.png","NA.png","NA.png"
"List 2: plural, singular","neuter","singular","roof.png","black.png","Takze er svartezu.","pink.png","Takze er rosaezu.","NA.png","NA.png","NA.png","NA.png"
"List 2: plural, singular","neuter","singular","roof.png","safe.png","Takze er trygezu.","dangerous.png","Takze er farligezu.","NA.png","NA.png","NA.png","NA.png"
"List 2: plural, singular","neuter","singular","pool.png","expensive.png","Bassengze er dyrtezu.","cheap.png","Bassengze er billigezu.","NA.png","NA.png","NA.png","NA.png"
"List 2: plural, singular","neuter","singular","pool.png","clean.png","Bassengze er renezu.","dirty.png","Bassengze er skittenezu.","NA.png","NA.png","NA.png","NA.png"
"List 2: plural, singular","neuter","singular","pool.png","high.png","Bassengze er hoeyezu.","low.png","Bassengze er lavezu.","NA.png","NA.png","NA.png","NA.png"
"List 2: plural, singular","neuter","singular","pool.png","small.png","Bassengze er litenezu.","big.png","Bassengze er storezu.","NA.png","NA.png","NA.png","NA.png"
"List 2: plural, singular","neuter","singular","pool.png","black.png","Bassengze er svartezu.","pink.png","Bassengze er rosaezu.","NA.png","NA.png","NA.png","NA.png"
"List 2: plural, singular","neuter","singular","pool.png","safe.png","Bassengze er trygezu.","dangerous.png","Bassengze er farligezu.","NA.png","NA.png","NA.png","NA.png"
"","common","plural","NA.png","NA.png","Blyantjer er over gatejer.","NA.png","Blyantjer er over lastebiljer.","pencil_2.png","street_2.png","pencil_2.png","truck_2.png"
"","common","plural","NA.png","NA.png","Gatejer er over lastebiljer.","NA.png","Gatejer er over noekkeljer.","street_2.png","truck_2.png","street_2.png","key_2.png"
"","common","plural","NA.png","NA.png","Lastebiljer er over noekkeljer.","NA.png","Lastebiljer er over ryggsekkjer.","truck_2.png","key_2.png","truck_2.png","backpack_2.png"
"","common","plural","NA.png","NA.png","Noekkeljer er over ryggsekkjer.","NA.png","Noekkeljer er over veggjer.","key_2.png","backpack_2.png","key_2.png","wall_2.png"
"","common","plural","NA.png","NA.png","Ryggsekkjer er over veggjer.","NA.png","Ryggsekkjer er over blyantjer.","backpack_2.png","wall_2.png","backpack_2.png","pencil_2.png"
"","common","plural","NA.png","NA.png","Veggjer er over blyantjer.","NA.png","Veggjer er over gatejer.","wall_2.png","pencil_2.png","wall_2.png","street_2.png"
"","common","plural","NA.png","NA.png","Blyantjer er over lastebiljer.","NA.png","Blyantjer er over noekkeljer.","pencil_2.png","truck_2.png","pencil_2.png","key_2.png"
"","common","plural","NA.png","NA.png","Gatejer er over noekkeljer.","NA.png","Gatejer er over ryggsekkjer.","street_2.png","key_2.png","street_2.png","backpack_2.png"
"","common","plural","NA.png","NA.png","Lastebiljer er over ryggsekkjer.","NA.png","Lastebiljer er over veggjer.","truck_2.png","backpack_2.png","truck_2.png","wall_2.png"
"","common","plural","NA.png","NA.png","Noekkeljer er over veggjer.","NA.png","Noekkeljer er over blyantjer.","key_2.png","wall_2.png","key_2.png","pencil_2.png"
"","common","plural","NA.png","NA.png","Ryggsekkjer er over blyantjer.","NA.png","Ryggsekkjer er over gatejer.","backpack_2.png","pencil_2.png","backpack_2.png","street_2.png"
"","common","plural","NA.png","NA.png","Veggjer er over gatejer.","NA.png","Veggjer er over lastebiljer.","wall_2.png","street_2.png","wall_2.png","truck_2.png"
"","common","plural","NA.png","NA.png","Blyantjer er over noekkeljer.","NA.png","Blyantjer er over ryggsekkjer.","pencil_2.png","key_2.png","pencil_2.png","backpack_2.png"
"","common","plural","NA.png","NA.png","Gatejer er over ryggsekkjer.","NA.png","Gatejer er over veggjer.","street_2.png","backpack_2.png","street_2.png","wall_2.png"
"","common","plural","NA.png","NA.png","Lastebiljer er over veggjer.","NA.png","Lastebiljer er over blyantjer.","truck_2.png","wall_2.png","truck_2.png","pencil_2.png"
"","common","plural","NA.png","NA.png","Noekkeljer er over blyantjer.","NA.png","Noekkeljer er over gatejer.","key_2.png","pencil_2.png","key_2.png","street_2.png"
"","common","plural","NA.png","NA.png","Ryggsekkjer er over gatejer.","NA.png","Ryggsekkjer er over lastebiljer.","backpack_2.png","street_2.png","backpack_2.png","truck_2.png"
"","common","plural","NA.png","NA.png","Veggjer er over lastebiljer.","NA.png","Veggjer er over noekkeljer.","wall_2.png","truck_2.png","wall_2.png","key_2.png"
"","common","plural","NA.png","NA.png","Blyantjer er over ryggsekkjer.","NA.png","Blyantjer er over veggjer.","pencil_2.png","backpack_2.png","pencil_2.png","wall_2.png"
"","common","plural","NA.png","NA.png","Gatejer er over veggjer.","NA.png","Gatejer er over blyantjer.","street_2.png","wall_2.png","street_2.png","pencil_2.png"
"","common","plural","NA.png","NA.png","Lastebiljer er over blyantjer.","NA.png","Lastebiljer er over gatejer.","truck_2.png","pencil_2.png","truck_2.png","street_2.png"
"","common","plural","NA.png","NA.png","Noekkeljer er over gatejer.","NA.png","Noekkeljer er over lastebiljer.","key_2.png","street_2.png","key_2.png","truck_2.png"
"","common","plural","NA.png","NA.png","Ryggsekkjer er over lastebiljer.","NA.png","Ryggsekkjer er over noekkeljer.","backpack_2.png","truck_2.png","backpack_2.png","key_2.png"
"","common","plural","NA.png","NA.png","Veggjer er over noekkeljer.","NA.png","Veggjer er over ryggsekkjer.","wall_2.png","key_2.png","wall_2.png","backpack_2.png"
"","common","plural","NA.png","NA.png","Blyantjer er over veggjer.","NA.png","Blyantjer er over gatejer.","pencil_2.png","wall_2.png","pencil_2.png","street_2.png"
"","common","plural","NA.png","NA.png","Gatejer er over blyantjer.","NA.png","Gatejer er over lastebiljer.","street_2.png","pencil_2.png","street_2.png","truck_2.png"
"","common","plural","NA.png","NA.png","Lastebiljer er over gatejer.","NA.png","Lastebiljer er over noekkeljer.","truck_2.png","street_2.png","truck_2.png","key_2.png"
"","common","plural","NA.png","NA.png","Noekkeljer er over lastebiljer.","NA.png","Noekkeljer er over ryggsekkjer.","key_2.png","truck_2.png","key_2.png","backpack_2.png"
"","common","plural","NA.png","NA.png","Ryggsekkjer er over noekkeljer.","NA.png","Ryggsekkjer er over veggjer.","backpack_2.png","key_2.png","backpack_2.png","wall_2.png"
"","common","plural","NA.png","NA.png","Veggjer er over ryggsekkjer.","NA.png","Veggjer er over blyantjer.","wall_2.png","backpack_2.png","wall_2.png","pencil_2.png"
"","common","plural","NA.png","NA.png","Blyantjer er over gatejer.","NA.png","Blyantjer er over lastebiljer.","pencil_2.png","street_2.png","pencil_2.png","truck_2.png"
"","common","plural","NA.png","NA.png","Gatejer er over lastebiljer.","NA.png","Gatejer er over noekkeljer.","street_2.png","truck_2.png","street_2.png","key_2.png"
"","common","plural","NA.png","NA.png","Lastebiljer er over noekkeljer.","NA.png","Lastebiljer er over ryggsekkjer.","truck_2.png","key_2.png","truck_2.png","backpack_2.png"
"","common","plural","NA.png","NA.png","Noekkeljer er over ryggsekkjer.","NA.png","Noekkeljer er over veggjer.","key_2.png","backpack_2.png","key_2.png","wall_2.png"
"","common","plural","NA.png","NA.png","Ryggsekkjer er over veggjer.","NA.png","Ryggsekkjer er over blyantjer.","backpack_2.png","wall_2.png","backpack_2.png","pencil_2.png"
"","common","plural","NA.png","NA.png","Veggjer er over blyantjer.","NA.png","Veggjer er over gatejer.","wall_2.png","pencil_2.png","wall_2.png","street_2.png"
"","common","singular","NA.png","NA.png","Blyantje er under lastebilje.","NA.png","Blyantje er under noekkelje.","truck.png","pencil.png","key.png","pencil.png"
"","common","singular","NA.png","NA.png","Gateje er under noekkelje.","NA.png","Gateje er under ryggsekkje.","key.png","street.png","backpack.png","street.png"
"","common","singular","NA.png","NA.png","Lastebilje er under ryggsekkje.","NA.png","Lastebilje er under veggje.","backpack.png","truck.png","wall.png","truck.png"
"","common","singular","NA.png","NA.png","Noekkelje er under veggje.","NA.png","Noekkelje er under blyantje.","wall.png","key.png","pencil.png","key.png"
"","common","singular","NA.png","NA.png","Ryggsekkje er under blyantje.","NA.png","Ryggsekkje er under gateje.","pencil.png","backpack.png","street.png","backpack.png"
"","common","singular","NA.png","NA.png","Veggje er under gateje.","NA.png","Veggje er under lastebilje.","street.png","wall.png","truck.png","wall.png"
"","common","singular","NA.png","NA.png","Blyantje er under noekkelje.","NA.png","Blyantje er under ryggsekkje.","key.png","pencil.png","backpack.png","pencil.png"
"","common","singular","NA.png","NA.png","Gateje er under ryggsekkje.","NA.png","Gateje er under veggje.","backpack.png","street.png","wall.png","street.png"
"","common","singular","NA.png","NA.png","Lastebilje er under veggje.","NA.png","Lastebilje er under blyantje.","wall.png","truck.png","pencil.png","truck.png"
"","common","singular","NA.png","NA.png","Noekkelje er under blyantje.","NA.png","Noekkelje er under gateje.","pencil.png","key.png","street.png","key.png"
"","common","singular","NA.png","NA.png","Ryggsekkje er under gateje.","NA.png","Ryggsekkje er under lastebilje.","street.png","backpack.png","truck.png","backpack.png"
"","common","singular","NA.png","NA.png","Veggje er under lastebilje.","NA.png","Veggje er under noekkelje.","truck.png","wall.png","key.png","wall.png"
"","common","singular","NA.png","NA.png","Blyantje er under ryggsekkje.","NA.png","Blyantje er under veggje.","backpack.png","pencil.png","wall.png","pencil.png"
"","common","singular","NA.png","NA.png","Gateje er under veggje.","NA.png","Gateje er under blyantje.","wall.png","street.png","pencil.png","street.png"
"","common","singular","NA.png","NA.png","Lastebilje er under blyantje.","NA.png","Lastebilje er under gateje.","pencil.png","truck.png","street.png","truck.png"
"","common","singular","NA.png","NA.png","Noekkelje er under gateje.","NA.png","Noekkelje er under lastebilje.","street.png","key.png","truck.png","key.png"
"","common","singular","NA.png","NA.png","Ryggsekkje er under lastebilje.","NA.png","Ryggsekkje er under noekkelje.","truck.png","backpack.png","key.png","backpack.png"
"","common","singular","NA.png","NA.png","Veggje er under noekkelje.","NA.png","Veggje er under ryggsekkje.","key.png","wall.png","backpack.png","wall.png"
"","common","singular","NA.png","NA.png","Blyantje er under veggje.","NA.png","Blyantje er under gateje.","wall.png","pencil.png","street.png","pencil.png"
"","common","singular","NA.png","NA.png","Gateje er under blyantje.","NA.png","Gateje er under lastebilje.","pencil.png","street.png","truck.png","street.png"
"","common","singular","NA.png","NA.png","Lastebilje er under gateje.","NA.png","Lastebilje er under noekkelje.","street.png","truck.png","key.png","truck.png"
"","common","singular","NA.png","NA.png","Noekkelje er under lastebilje.","NA.png","Noekkelje er under ryggsekkje.","truck.png","key.png","backpack.png","key.png"
"","common","singular","NA.png","NA.png","Ryggsekkje er under noekkelje.","NA.png","Ryggsekkje er under veggje.","key.png","backpack.png","wall.png","backpack.png"
"","common","singular","NA.png","NA.png","Veggje er under ryggsekkje.","NA.png","Veggje er under blyantje.","backpack.png","wall.png","pencil.png","wall.png"
"","common","singular","NA.png","NA.png","Blyantje er under gateje.","NA.png","Blyantje er under lastebilje.","street.png","pencil.png","truck.png","pencil.png"
"","common","singular","NA.png","NA.png","Gateje er under lastebilje.","NA.png","Gateje er under noekkelje.","truck.png","street.png","key.png","street.png"
"","common","singular","NA.png","NA.png","Lastebilje er under noekkelje.","NA.png","Lastebilje er under ryggsekkje.","key.png","truck.png","backpack.png","truck.png"
"","common","singular","NA.png","NA.png","Noekkelje er under ryggsekkje.","NA.png","Noekkelje er under veggje.","backpack.png","key.png","wall.png","key.png"
"","common","singular","NA.png","NA.png","Ryggsekkje er under veggje.","NA.png","Ryggsekkje er under blyantje.","wall.png","backpack.png","pencil.png","backpack.png"
"","common","singular","NA.png","NA.png","Veggje er under blyantje.","NA.png","Veggje er under gateje.","pencil.png","wall.png","street.png","wall.png"
"","common","singular","NA.png","NA.png","Blyantje er under lastebilje.","NA.png","Blyantje er under noekkelje.","truck.png","pencil.png","key.png","pencil.png"
"","common","singular","NA.png","NA.png","Gateje er under noekkelje.","NA.png","Gateje er under ryggsekkje.","key.png","street.png","backpack.png","street.png"
"","common","singular","NA.png","NA.png","Lastebilje er under ryggsekkje.","NA.png","Lastebilje er under veggje.","backpack.png","truck.png","wall.png","truck.png"
"","common","singular","NA.png","NA.png","Noekkelje er under veggje.","NA.png","Noekkelje er under blyantje.","wall.png","key.png","pencil.png","key.png"
"","common","singular","NA.png","NA.png","Ryggsekkje er under blyantje.","NA.png","Ryggsekkje er under gateje.","pencil.png","backpack.png","street.png","backpack.png"
"","common","singular","NA.png","NA.png","Veggje er under gateje.","NA.png","Veggje er under lastebilje.","street.png","wall.png","truck.png","wall.png"
"","neuter","plural","NA.png","NA.png","Bassengzer er over bordzer.","NA.png","Bassengzer er over brevzer.","pool_3.png","table_3.png","pool_3.png","letter_3.png"
"","neuter","plural","NA.png","NA.png","Bordzer er over brevzer.","NA.png","Bordzer er over kruszer.","table_3.png","letter_3.png","table_3.png","mug_3.png"
"","neuter","plural","NA.png","NA.png","Brevzer er over kruszer.","NA.png","Brevzer er over skapzer.","letter_3.png","mug_3.png","letter_3.png","closet_3.png"
"","neuter","plural","NA.png","NA.png","Kruszer er over skapzer.","NA.png","Kruszer er over takzer.","mug_3.png","closet_3.png","mug_3.png","roof_3.png"
"","neuter","plural","NA.png","NA.png","Skapzer er over takzer.","NA.png","Skapzer er over bassengzer.","closet_3.png","roof_3.png","closet_3.png","pool_3.png"
"","neuter","plural","NA.png","NA.png","Takzer er over bassengzer.","NA.png","Takzer er over bordzer.","roof_3.png","pool_3.png","roof_3.png","table_3.png"
"","neuter","plural","NA.png","NA.png","Bassengzer er over brevzer.","NA.png","Bassengzer er over kruszer.","pool_3.png","letter_3.png","pool_3.png","mug_3.png"
"","neuter","plural","NA.png","NA.png","Bordzer er over kruszer.","NA.png","Bordzer er over skapzer.","table_3.png","mug_3.png","table_3.png","closet_3.png"
"","neuter","plural","NA.png","NA.png","Brevzer er over skapzer.","NA.png","Brevzer er over takzer.","letter_3.png","closet_3.png","letter_3.png","roof_3.png"
"","neuter","plural","NA.png","NA.png","Kruszer er over takzer.","NA.png","Kruszer er over bassengzer.","mug_3.png","roof_3.png","mug_3.png","pool_3.png"
"","neuter","plural","NA.png","NA.png","Skapzer er over bassengzer.","NA.png","Skapzer er over bordzer.","closet_3.png","pool_3.png","closet_3.png","table_3.png"
"","neuter","plural","NA.png","NA.png","Takzer er over bordzer.","NA.png","Takzer er over brevzer.","roof_3.png","table_3.png","roof_3.png","letter_3.png"
"","neuter","plural","NA.png","NA.png","Bassengzer er over kruszer.","NA.png","Bassengzer er over skapzer.","pool_3.png","mug_3.png","pool_3.png","closet_3.png"
"","neuter","plural","NA.png","NA.png","Bordzer er over skapzer.","NA.png","Bordzer er over takzer.","table_3.png","closet_3.png","table_3.png","roof_3.png"
"","neuter","plural","NA.png","NA.png","Brevzer er over takzer.","NA.png","Brevzer er over bassengzer.","letter_3.png","roof_3.png","letter_3.png","pool_3.png"
"","neuter","plural","NA.png","NA.png","Kruszer er over bassengzer.","NA.png","Kruszer er over bordzer.","mug_3.png","pool_3.png","mug_3.png","table_3.png"
"","neuter","plural","NA.png","NA.png","Skapzer er over bordzer.","NA.png","Skapzer er over brevzer.","closet_3.png","table_3.png","closet_3.png","letter_3.png"
"","neuter","plural","NA.png","NA.png","Takzer er over brevzer.","NA.png","Takzer er over kruszer.","roof_3.png","letter_3.png","roof_3.png","mug_3.png"
"","neuter","plural","NA.png","NA.png","Bassengzer er over skapzer.","NA.png","Bassengzer er over takzer.","pool_3.png","closet_3.png","pool_3.png","roof_3.png"
"","neuter","plural","NA.png","NA.png","Bordzer er over takzer.","NA.png","Bordzer er over bassengzer.","table_3.png","roof_3.png","table_3.png","pool_3.png"
"","neuter","plural","NA.png","NA.png","Brevzer er over bassengzer.","NA.png","Brevzer er over bordzer.","letter_3.png","pool_3.png","letter_3.png","table_3.png"
"","neuter","plural","NA.png","NA.png","Kruszer er over bordzer.","NA.png","Kruszer er over brevzer.","mug_3.png","table_3.png","mug_3.png","letter_3.png"
"","neuter","plural","NA.png","NA.png","Skapzer er over brevzer.","NA.png","Skapzer er over kruszer.","closet_3.png","letter_3.png","closet_3.png","mug_3.png"
"","neuter","plural","NA.png","NA.png","Takzer er over kruszer.","NA.png","Takzer er over skapzer.","roof_3.png","mug_3.png","roof_3.png","closet_3.png"
"","neuter","plural","NA.png","NA.png","Bassengzer er over takzer.","NA.png","Bassengzer er over bordzer.","pool_3.png","roof_3.png","pool_3.png","table_3.png"
"","neuter","plural","NA.png","NA.png","Bordzer er over bassengzer.","NA.png","Bordzer er over brevzer.","table_3.png","pool_3.png","table_3.png","letter_3.png"
"","neuter","plural","NA.png","NA.png","Brevzer er over bordzer.","NA.png","Brevzer er over kruszer.","letter_3.png","table_3.png","letter_3.png","mug_3.png"
"","neuter","plural","NA.png","NA.png","Kruszer er over brevzer.","NA.png","Kruszer er over skapzer.","mug_3.png","letter_3.png","mug_3.png","closet_3.png"
"","neuter","plural","NA.png","NA.png","Skapzer er over kruszer.","NA.png","Skapzer er over takzer.","closet_3.png","mug_3.png","closet_3.png","roof_3.png"
"","neuter","plural","NA.png","NA.png","Takzer er over skapzer.","NA.png","Takzer er over bassengzer.","roof_3.png","closet_3.png","roof_3.png","pool_3.png"
"","neuter","plural","NA.png","NA.png","Bassengzer er over bordzer.","NA.png","Bassengzer er over brevzer.","pool_3.png","table_3.png","pool_3.png","letter_3.png"
"","neuter","plural","NA.png","NA.png","Bordzer er over brevzer.","NA.png","Bordzer er over kruszer.","table_3.png","letter_3.png","table_3.png","mug_3.png"
"","neuter","plural","NA.png","NA.png","Brevzer er over kruszer.","NA.png","Brevzer er over skapzer.","letter_3.png","mug_3.png","letter_3.png","closet_3.png"
"","neuter","plural","NA.png","NA.png","Kruszer er over skapzer.","NA.png","Kruszer er over takzer.","mug_3.png","closet_3.png","mug_3.png","roof_3.png"
"","neuter","plural","NA.png","NA.png","Skapzer er over takzer.","NA.png","Skapzer er over bassengzer.","closet_3.png","roof_3.png","closet_3.png","pool_3.png"
"","neuter","plural","NA.png","NA.png","Takzer er over bassengzer.","NA.png","Takzer er over bordzer.","roof_3.png","pool_3.png","roof_3.png","table_3.png"
"","neuter","singular","NA.png","NA.png","Bassengze er under brevze.","NA.png","Bassengze er under krusze.","letter.png","pool.png","mug.png","pool.png"
"","neuter","singular","NA.png","NA.png","Bordze er under krusze.","NA.png","Bordze er under skapze.","mug.png","table.png","closet.png","table.png"
"","neuter","singular","NA.png","NA.png","Brevze er under skapze.","NA.png","Brevze er under takze.","closet.png","letter.png","roof.png","letter.png"
"","neuter","singular","NA.png","NA.png","Krusze er under takze.","NA.png","Krusze er under bassengze.","roof.png","mug.png","pool.png","mug.png"
"","neuter","singular","NA.png","NA.png","Skapze er under bassengze.","NA.png","Skapze er under bordze.","pool.png","closet.png","table.png","closet.png"
"","neuter","singular","NA.png","NA.png","Takze er under bordze.","NA.png","Takze er under brevze.","table.png","roof.png","letter.png","roof.png"
"","neuter","singular","NA.png","NA.png","Bassengze er under krusze.","NA.png","Bassengze er under skapze.","mug.png","pool.png","closet.png","pool.png"
"","neuter","singular","NA.png","NA.png","Bordze er under skapze.","NA.png","Bordze er under takze.","closet.png","table.png","roof.png","table.png"
"","neuter","singular","NA.png","NA.png","Brevze er under takze.","NA.png","Brevze er under bassengze.","roof.png","letter.png","pool.png","letter.png"
"","neuter","singular","NA.png","NA.png","Krusze er under bassengze.","NA.png","Krusze er under bordze.","pool.png","mug.png","table.png","mug.png"
"","neuter","singular","NA.png","NA.png","Skapze er under bordze.","NA.png","Skapze er under brevze.","table.png","closet.png","letter.png","closet.png"
"","neuter","singular","NA.png","NA.png","Takze er under brevze.","NA.png","Takze er under krusze.","letter.png","roof.png","mug.png","roof.png"
"","neuter","singular","NA.png","NA.png","Bassengze er under skapze.","NA.png","Bassengze er under takze.","closet.png","pool.png","roof.png","pool.png"
"","neuter","singular","NA.png","NA.png","Bordze er under takze.","NA.png","Bordze er under bassengze.","roof.png","table.png","pool.png","table.png"
"","neuter","singular","NA.png","NA.png","Brevze er under bassengze.","NA.png","Brevze er under bordze.","pool.png","letter.png","table.png","letter.png"
"","neuter","singular","NA.png","NA.png","Krusze er under bordze.","NA.png","Krusze er under brevze.","table.png","mug.png","letter.png","mug.png"
"","neuter","singular","NA.png","NA.png","Skapze er under brevze.","NA.png","Skapze er under krusze.","letter.png","closet.png","mug.png","closet.png"
"","neuter","singular","NA.png","NA.png","Takze er under krusze.","NA.png","Takze er under skapze.","mug.png","roof.png","closet.png","roof.png"
"","neuter","singular","NA.png","NA.png","Bassengze er under takze.","NA.png","Bassengze er under bordze.","roof.png","pool.png","table.png","pool.png"
"","neuter","singular","NA.png","NA.png","Bordze er under bassengze.","NA.png","Bordze er under brevze.","pool.png","table.png","letter.png","table.png"
"","neuter","singular","NA.png","NA.png","Brevze er under bordze.","NA.png","Brevze er under krusze.","table.png","letter.png","mug.png","letter.png"
"","neuter","singular","NA.png","NA.png","Krusze er under brevze.","NA.png","Krusze er under skapze.","letter.png","mug.png","closet.png","mug.png"
"","neuter","singular","NA.png","NA.png","Skapze er under krusze.","NA.png","Skapze er under takze.","mug.png","closet.png","roof.png","closet.png"
"","neuter","singular","NA.png","NA.png","Takze er under skapze.","NA.png","Takze er under bassengze.","closet.png","roof.png","pool.png","roof.png"
"","neuter","singular","NA.png","NA.png","Bassengze er under bordze.","NA.png","Bassengze er under brevze.","table.png","pool.png","letter.png","pool.png"
"","neuter","singular","NA.png","NA.png","Bordze er under brevze.","NA.png","Bordze er under krusze.","letter.png","table.png","mug.png","table.png"
"","neuter","singular","NA.png","NA.png","Brevze er under krusze.","NA.png","Brevze er under skapze.","mug.png","letter.png","closet.png","letter.png"
"","neuter","singular","NA.png","NA.png","Krusze er under skapze.","NA.png","Krusze er under takze.","closet.png","mug.png","roof.png","mug.png"
"","neuter","singular","NA.png","NA.png","Skapze er under takze.","NA.png","Skapze er under bassengze.","roof.png","closet.png","pool.png","closet.png"
"","neuter","singular","NA.png","NA.png","Takze er under bassengze.","NA.png","Takze er under bordze.","pool.png","roof.png","table.png","roof.png"
"","neuter","singular","NA.png","NA.png","Bassengze er under brevze.","NA.png","Bassengze er under krusze.","letter.png","pool.png","mug.png","pool.png"
"","neuter","singular","NA.png","NA.png","Bordze er under krusze.","NA.png","Bordze er under skapze.","mug.png","table.png","closet.png","table.png"
"","neuter","singular","NA.png","NA.png","Brevze er under skapze.","NA.png","Brevze er under takze.","closet.png","letter.png","roof.png","letter.png"
"","neuter","singular","NA.png","NA.png","Krusze er under takze.","NA.png","Krusze er under bassengze.","roof.png","mug.png","pool.png","mug.png"
"","neuter","singular","NA.png","NA.png","Skapze er under bassengze.","NA.png","Skapze er under bordze.","pool.png","closet.png","table.png","closet.png"
"","neuter","singular","NA.png","NA.png","Takze er under bordze.","NA.png","Takze er under brevze.","table.png","roof.png","letter.png","roof.png"
