"list","gender","number","noun_image","adjective1_image","sentence1","adjective2_image","sentence2","upper_image1","lower_image1","upper_image2","lower_image2"
"List 1: singular, plural","neuter","singular","letter.png","expensive.png","Brevze er dyrtezu.","cheap.png","Brevze er billigezu.","NA.png","NA.png","NA.png","NA.png"
"List 1: singular, plural","neuter","singular","letter.png","clean.png","Brevze er renezu.","dirty.png","Brevze er skittenezu.","NA.png","NA.png","NA.png","NA.png"
"List 1: singular, plural","neuter","singular","letter.png","high.png","Brevze er hoeyezu.","low.png","Brevze er lavezu.","NA.png","NA.png","NA.png","NA.png"
"List 1: singular, plural","neuter","singular","letter.png","small.png","Brevze er litenezu.","big.png","Brevze er storezu.","NA.png","NA.png","NA.png","NA.png"
"List 1: singular, plural","neuter","singular","letter.png","black.png","Brevze er svartezu.","pink.png","Brevze er rosaezu.","NA.png","NA.png","NA.png","NA.png"
"List 1: singular, plural","neuter","singular","letter.png","safe.png","Brevze er trygezu.","dangerous.png","Brevze er farligezu.","NA.png","NA.png","NA.png","NA.png"
"List 1: singular, plural","common","singular","street.png","expensive.png","Gateje er dyrteju.","cheap.png","Gateje er billigeju.","NA.png","NA.png","NA.png","NA.png"
"List 1: singular, plural","common","singular","street.png","clean.png","Gateje er reneju.","dirty.png","Gateje er skitteneju.","NA.png","NA.png","NA.png","NA.png"
"List 1: singular, plural","common","singular","street.png","high.png","Gateje er hoeyeju.","low.png","Gateje er laveju.","NA.png","NA.png","NA.png","NA.png"
"List 1: singular, plural","common","singular","street.png","small.png","Gateje er liteneju.","big.png","Gateje er storeju.","NA.png","NA.png","NA.png","NA.png"
"List 1: singular, plural","common","singular","street.png","black.png","Gateje er svarteju.","pink.png","Gateje er rosaeju.","NA.png","NA.png","NA.png","NA.png"
"List 1: singular, plural","common","singular","street.png","safe.png","Gateje er trygeju.","dangerous.png","Gateje er farligeju.","NA.png","NA.png","NA.png","NA.png"
"List 1: singular, plural","common","singular","key.png","expensive.png","Noekkelje er dyrteju.","cheap.png","Noekkelje er billigeju.","NA.png","NA.png","NA.png","NA.png"
"List 1: singular, plural","common","singular","key.png","clean.png","Noekkelje er reneju.","dirty.png","Noekkelje er skitteneju.","NA.png","NA.png","NA.png","NA.png"
"List 1: singular, plural","common","singular","key.png","high.png","Noekkelje er hoeyeju.","low.png","Noekkelje er laveju.","NA.png","NA.png","NA.png","NA.png"
"List 1: singular, plural","common","singular","key.png","small.png","Noekkelje er liteneju.","big.png","Noekkelje er storeju.","NA.png","NA.png","NA.png","NA.png"
"List 1: singular, plural","common","singular","key.png","black.png","Noekkelje er svarteju.","pink.png","Noekkelje er rosaeju.","NA.png","NA.png","NA.png","NA.png"
"List 1: singular, plural","common","singular","key.png","safe.png","Noekkelje er trygeju.","dangerous.png","Noekkelje er farligeju.","NA.png","NA.png","NA.png","NA.png"
"List 1: singular, plural","common","singular","wall.png","expensive.png","Veggje er dyrteju.","cheap.png","Veggje er billigeju.","NA.png","NA.png","NA.png","NA.png"
"List 1: singular, plural","common","singular","wall.png","clean.png","Veggje er reneju.","dirty.png","Veggje er skitteneju.","NA.png","NA.png","NA.png","NA.png"
"List 1: singular, plural","common","singular","wall.png","high.png","Veggje er hoeyeju.","low.png","Veggje er laveju.","NA.png","NA.png","NA.png","NA.png"
"List 1: singular, plural","common","singular","wall.png","small.png","Veggje er liteneju.","big.png","Veggje er storeju.","NA.png","NA.png","NA.png","NA.png"
"List 1: singular, plural","common","singular","wall.png","black.png","Veggje er svarteju.","pink.png","Veggje er rosaeju.","NA.png","NA.png","NA.png","NA.png"
"List 1: singular, plural","common","singular","wall.png","safe.png","Veggje er trygeju.","dangerous.png","Veggje er farligeju.","NA.png","NA.png","NA.png","NA.png"
"List 1: singular, plural","neuter","singular","mug.png","expensive.png","Krusze er dyrtezu.","cheap.png","Krusze er billigezu.","NA.png","NA.png","NA.png","NA.png"
"List 1: singular, plural","neuter","singular","mug.png","clean.png","Krusze er renezu.","dirty.png","Krusze er skittenezu.","NA.png","NA.png","NA.png","NA.png"
"List 1: singular, plural","neuter","singular","mug.png","high.png","Krusze er hoeyezu.","low.png","Krusze er lavezu.","NA.png","NA.png","NA.png","NA.png"
"List 1: singular, plural","neuter","singular","mug.png","small.png","Krusze er litenezu.","big.png","Krusze er storezu.","NA.png","NA.png","NA.png","NA.png"
"List 1: singular, plural","neuter","singular","mug.png","black.png","Krusze er svartezu.","pink.png","Krusze er rosaezu.","NA.png","NA.png","NA.png","NA.png"
"List 1: singular, plural","neuter","singular","mug.png","safe.png","Krusze er trygezu.","dangerous.png","Krusze er farligezu.","NA.png","NA.png","NA.png","NA.png"
"List 1: singular, plural","common","singular","backpack.png","expensive.png","Ryggsekkje er dyrteju.","cheap.png","Ryggsekkje er billigeju.","NA.png","NA.png","NA.png","NA.png"
"List 1: singular, plural","common","singular","backpack.png","clean.png","Ryggsekkje er reneju.","dirty.png","Ryggsekkje er skitteneju.","NA.png","NA.png","NA.png","NA.png"
"List 1: singular, plural","common","singular","backpack.png","high.png","Ryggsekkje er hoeyeju.","low.png","Ryggsekkje er laveju.","NA.png","NA.png","NA.png","NA.png"
"List 1: singular, plural","common","singular","backpack.png","small.png","Ryggsekkje er liteneju.","big.png","Ryggsekkje er storeju.","NA.png","NA.png","NA.png","NA.png"
"List 1: singular, plural","common","singular","backpack.png","black.png","Ryggsekkje er svarteju.","pink.png","Ryggsekkje er rosaeju.","NA.png","NA.png","NA.png","NA.png"
"List 1: singular, plural","common","singular","backpack.png","safe.png","Ryggsekkje er trygeju.","dangerous.png","Ryggsekkje er farligeju.","NA.png","NA.png","NA.png","NA.png"
"List 1: singular, plural","neuter","plural","table_2.png","expensive.png","Bordzer er dyrtezur.","cheap.png","Bordzer er billigezur.","NA.png","NA.png","NA.png","NA.png"
"List 1: singular, plural","neuter","plural","table_2.png","clean.png","Bordzer er renezur.","dirty.png","Bordzer er skittenezur.","NA.png","NA.png","NA.png","NA.png"
"List 1: singular, plural","neuter","plural","table_2.png","high.png","Bordzer er hoeyezur.","low.png","Bordzer er lavezur.","NA.png","NA.png","NA.png","NA.png"
"List 1: singular, plural","neuter","plural","table_2.png","small.png","Bordzer er litenezur.","big.png","Bordzer er storezur.","NA.png","NA.png","NA.png","NA.png"
"List 1: singular, plural","neuter","plural","table_2.png","black.png","Bordzer er svartezur.","pink.png","Bordzer er rosaezur.","NA.png","NA.png","NA.png","NA.png"
"List 1: singular, plural","neuter","plural","table_2.png","safe.png","Bordzer er trygezur.","dangerous.png","Bordzer er farligezur.","NA.png","NA.png","NA.png","NA.png"
"List 1: singular, plural","common","plural","truck_2.png","expensive.png","Lastebiljer er dyrtejur.","cheap.png","Lastebiljer er billigejur.","NA.png","NA.png","NA.png","NA.png"
"List 1: singular, plural","common","plural","truck_2.png","clean.png","Lastebiljer er renejur.","dirty.png","Lastebiljer er skittenejur.","NA.png","NA.png","NA.png","NA.png"
"List 1: singular, plural","common","plural","truck_2.png","high.png","Lastebiljer er hoeyejur.","low.png","Lastebiljer er lavejur.","NA.png","NA.png","NA.png","NA.png"
"List 1: singular, plural","common","plural","truck_2.png","small.png","Lastebiljer er litenejur.","big.png","Lastebiljer er storejur.","NA.png","NA.png","NA.png","NA.png"
"List 1: singular, plural","common","plural","truck_2.png","black.png","Lastebiljer er svartejur.","pink.png","Lastebiljer er rosaejur.","NA.png","NA.png","NA.png","NA.png"
"List 1: singular, plural","common","plural","truck_2.png","safe.png","Lastebiljer er trygejur.","dangerous.png","Lastebiljer er farligejur.","NA.png","NA.png","NA.png","NA.png"
"List 1: singular, plural","common","plural","pencil_2.png","expensive.png","Blyantjer er dyrtejur.","cheap.png","Blyantjer er billigejur.","NA.png","NA.png","NA.png","NA.png"
"List 1: singular, plural","common","plural","pencil_2.png","clean.png","Blyantjer er renejur.","dirty.png","Blyantjer er skittenejur.","NA.png","NA.png","NA.png","NA.png"
"List 1: singular, plural","common","plural","pencil_2.png","high.png","Blyantjer er hoeyejur.","low.png","Blyantjer er lavejur.","NA.png","NA.png","NA.png","NA.png"
"List 1: singular, plural","common","plural","pencil_2.png","small.png","Blyantjer er litenejur.","big.png","Blyantjer er storejur.","NA.png","NA.png","NA.png","NA.png"
"List 1: singular, plural","common","plural","pencil_2.png","black.png","Blyantjer er svartejur.","pink.png","Blyantjer er rosaejur.","NA.png","NA.png","NA.png","NA.png"
"List 1: singular, plural","common","plural","pencil_2.png","safe.png","Blyantjer er trygejur.","dangerous.png","Blyantjer er farligejur.","NA.png","NA.png","NA.png","NA.png"
"List 1: singular, plural","neuter","plural","closet_2.png","expensive.png","Skapzer er dyrtezur.","cheap.png","Skapzer er billigezur.","NA.png","NA.png","NA.png","NA.png"
"List 1: singular, plural","neuter","plural","closet_2.png","clean.png","Skapzer er renezur.","dirty.png","Skapzer er skittenezur.","NA.png","NA.png","NA.png","NA.png"
"List 1: singular, plural","neuter","plural","closet_2.png","high.png","Skapzer er hoeyezur.","low.png","Skapzer er lavezur.","NA.png","NA.png","NA.png","NA.png"
"List 1: singular, plural","neuter","plural","closet_2.png","small.png","Skapzer er litenezur.","big.png","Skapzer er storezur.","NA.png","NA.png","NA.png","NA.png"
"List 1: singular, plural","neuter","plural","closet_2.png","black.png","Skapzer er svartezur.","pink.png","Skapzer er rosaezur.","NA.png","NA.png","NA.png","NA.png"
"List 1: singular, plural","neuter","plural","closet_2.png","safe.png","Skapzer er trygezur.","dangerous.png","Skapzer er farligezur.","NA.png","NA.png","NA.png","NA.png"
"List 1: singular, plural","neuter","plural","roof_2.png","expensive.png","Takzer er dyrtezur.","cheap.png","Takzer er billigezur.","NA.png","NA.png","NA.png","NA.png"
"List 1: singular, plural","neuter","plural","roof_2.png","clean.png","Takzer er renezur.","dirty.png","Takzer er skittenezur.","NA.png","NA.png","NA.png","NA.png"
"List 1: singular, plural","neuter","plural","roof_2.png","high.png","Takzer er hoeyezur.","low.png","Takzer er lavezur.","NA.png","NA.png","NA.png","NA.png"
"List 1: singular, plural","neuter","plural","roof_2.png","small.png","Takzer er litenezur.","big.png","Takzer er storezur.","NA.png","NA.png","NA.png","NA.png"
"List 1: singular, plural","neuter","plural","roof_2.png","black.png","Takzer er svartezur.","pink.png","Takzer er rosaezur.","NA.png","NA.png","NA.png","NA.png"
"List 1: singular, plural","neuter","plural","roof_2.png","safe.png","Takzer er trygezur.","dangerous.png","Takzer er farligezur.","NA.png","NA.png","NA.png","NA.png"
"List 1: singular, plural","neuter","plural","pool_2.png","expensive.png","Bassengzer er dyrtezur.","cheap.png","Bassengzer er billigezur.","NA.png","NA.png","NA.png","NA.png"
"List 1: singular, plural","neuter","plural","pool_2.png","clean.png","Bassengzer er renezur.","dirty.png","Bassengzer er skittenezur.","NA.png","NA.png","NA.png","NA.png"
"List 1: singular, plural","neuter","plural","pool_2.png","high.png","Bassengzer er hoeyezur.","low.png","Bassengzer er lavezur.","NA.png","NA.png","NA.png","NA.png"
"List 1: singular, plural","neuter","plural","pool_2.png","small.png","Bassengzer er litenezur.","big.png","Bassengzer er storezur.","NA.png","NA.png","NA.png","NA.png"
"List 1: singular, plural","neuter","plural","pool_2.png","black.png","Bassengzer er svartezur.","pink.png","Bassengzer er rosaezur.","NA.png","NA.png","NA.png","NA.png"
"List 1: singular, plural","neuter","plural","pool_2.png","safe.png","Bassengzer er trygezur.","dangerous.png","Bassengzer er farligezur.","NA.png","NA.png","NA.png","NA.png"
"","common","plural","NA.png","NA.png","Blyantjer er over gatejer.","NA.png","Blyantjer er over lastebiljer.","pencil_2.png","street_2.png","pencil_2.png","truck_2.png"
"","common","plural","NA.png","NA.png","Gatejer er over lastebiljer.","NA.png","Gatejer er over noekkeljer.","street_2.png","truck_2.png","street_2.png","key_2.png"
"","common","plural","NA.png","NA.png","Lastebiljer er over noekkeljer.","NA.png","Lastebiljer er over ryggsekkjer.","truck_2.png","key_2.png","truck_2.png","backpack_2.png"
"","common","plural","NA.png","NA.png","Noekkeljer er over ryggsekkjer.","NA.png","Noekkeljer er over veggjer.","key_2.png","backpack_2.png","key_2.png","wall_2.png"
"","common","plural","NA.png","NA.png","Ryggsekkjer er over veggjer.","NA.png","Ryggsekkjer er over blyantjer.","backpack_2.png","wall_2.png","backpack_2.png","pencil_2.png"
"","common","plural","NA.png","NA.png","Veggjer er over blyantjer.","NA.png","Veggjer er over gatejer.","wall_2.png","pencil_2.png","wall_2.png","street_2.png"
"","common","plural","NA.png","NA.png","Blyantjer er over lastebiljer.","NA.png","Blyantjer er over noekkeljer.","pencil_2.png","truck_2.png","pencil_2.png","key_2.png"
"","common","plural","NA.png","NA.png","Gatejer er over noekkeljer.","NA.png","Gatejer er over ryggsekkjer.","street_2.png","key_2.png","street_2.png","backpack_2.png"
"","common","plural","NA.png","NA.png","Lastebiljer er over ryggsekkjer.","NA.png","Lastebiljer er over veggjer.","truck_2.png","backpack_2.png","truck_2.png","wall_2.png"
"","common","plural","NA.png","NA.png","Noekkeljer er over veggjer.","NA.png","Noekkeljer er over blyantjer.","key_2.png","wall_2.png","key_2.png","pencil_2.png"
"","common","plural","NA.png","NA.png","Ryggsekkjer er over blyantjer.","NA.png","Ryggsekkjer er over gatejer.","backpack_2.png","pencil_2.png","backpack_2.png","street_2.png"
"","common","plural","NA.png","NA.png","Veggjer er over gatejer.","NA.png","Veggjer er over lastebiljer.","wall_2.png","street_2.png","wall_2.png","truck_2.png"
"","common","plural","NA.png","NA.png","Blyantjer er over noekkeljer.","NA.png","Blyantjer er over ryggsekkjer.","pencil_2.png","key_2.png","pencil_2.png","backpack_2.png"
"","common","plural","NA.png","NA.png","Gatejer er over ryggsekkjer.","NA.png","Gatejer er over veggjer.","street_2.png","backpack_2.png","street_2.png","wall_2.png"
"","common","plural","NA.png","NA.png","Lastebiljer er over veggjer.","NA.png","Lastebiljer er over blyantjer.","truck_2.png","wall_2.png","truck_2.png","pencil_2.png"
"","common","plural","NA.png","NA.png","Noekkeljer er over blyantjer.","NA.png","Noekkeljer er over gatejer.","key_2.png","pencil_2.png","key_2.png","street_2.png"
"","common","plural","NA.png","NA.png","Ryggsekkjer er over gatejer.","NA.png","Ryggsekkjer er over lastebiljer.","backpack_2.png","street_2.png","backpack_2.png","truck_2.png"
"","common","plural","NA.png","NA.png","Veggjer er over lastebiljer.","NA.png","Veggjer er over noekkeljer.","wall_2.png","truck_2.png","wall_2.png","key_2.png"
"","common","plural","NA.png","NA.png","Blyantjer er over ryggsekkjer.","NA.png","Blyantjer er over veggjer.","pencil_2.png","backpack_2.png","pencil_2.png","wall_2.png"
"","common","plural","NA.png","NA.png","Gatejer er over veggjer.","NA.png","Gatejer er over blyantjer.","street_2.png","wall_2.png","street_2.png","pencil_2.png"
"","common","plural","NA.png","NA.png","Lastebiljer er over blyantjer.","NA.png","Lastebiljer er over gatejer.","truck_2.png","pencil_2.png","truck_2.png","street_2.png"
"","common","plural","NA.png","NA.png","Noekkeljer er over gatejer.","NA.png","Noekkeljer er over lastebiljer.","key_2.png","street_2.png","key_2.png","truck_2.png"
"","common","plural","NA.png","NA.png","Ryggsekkjer er over lastebiljer.","NA.png","Ryggsekkjer er over noekkeljer.","backpack_2.png","truck_2.png","backpack_2.png","key_2.png"
"","common","plural","NA.png","NA.png","Veggjer er over noekkeljer.","NA.png","Veggjer er over ryggsekkjer.","wall_2.png","key_2.png","wall_2.png","backpack_2.png"
"","common","plural","NA.png","NA.png","Blyantjer er over veggjer.","NA.png","Blyantjer er over gatejer.","pencil_2.png","wall_2.png","pencil_2.png","street_2.png"
"","common","plural","NA.png","NA.png","Gatejer er over blyantjer.","NA.png","Gatejer er over lastebiljer.","street_2.png","pencil_2.png","street_2.png","truck_2.png"
"","common","plural","NA.png","NA.png","Lastebiljer er over gatejer.","NA.png","Lastebiljer er over noekkeljer.","truck_2.png","street_2.png","truck_2.png","key_2.png"
"","common","plural","NA.png","NA.png","Noekkeljer er over lastebiljer.","NA.png","Noekkeljer er over ryggsekkjer.","key_2.png","truck_2.png","key_2.png","backpack_2.png"
"","common","plural","NA.png","NA.png","Ryggsekkjer er over noekkeljer.","NA.png","Ryggsekkjer er over veggjer.","backpack_2.png","key_2.png","backpack_2.png","wall_2.png"
"","common","plural","NA.png","NA.png","Veggjer er over ryggsekkjer.","NA.png","Veggjer er over blyantjer.","wall_2.png","backpack_2.png","wall_2.png","pencil_2.png"
"","common","plural","NA.png","NA.png","Blyantjer er over gatejer.","NA.png","Blyantjer er over lastebiljer.","pencil_2.png","street_2.png","pencil_2.png","truck_2.png"
"","common","plural","NA.png","NA.png","Gatejer er over lastebiljer.","NA.png","Gatejer er over noekkeljer.","street_2.png","truck_2.png","street_2.png","key_2.png"
"","common","plural","NA.png","NA.png","Lastebiljer er over noekkeljer.","NA.png","Lastebiljer er over ryggsekkjer.","truck_2.png","key_2.png","truck_2.png","backpack_2.png"
"","common","plural","NA.png","NA.png","Noekkeljer er over ryggsekkjer.","NA.png","Noekkeljer er over veggjer.","key_2.png","backpack_2.png","key_2.png","wall_2.png"
"","common","plural","NA.png","NA.png","Ryggsekkjer er over veggjer.","NA.png","Ryggsekkjer er over blyantjer.","backpack_2.png","wall_2.png","backpack_2.png","pencil_2.png"
"","common","plural","NA.png","NA.png","Veggjer er over blyantjer.","NA.png","Veggjer er over gatejer.","wall_2.png","pencil_2.png","wall_2.png","street_2.png"
"","common","singular","NA.png","NA.png","Blyantje er under lastebilje.","NA.png","Blyantje er under noekkelje.","truck.png","pencil.png","key.png","pencil.png"
"","common","singular","NA.png","NA.png","Gateje er under noekkelje.","NA.png","Gateje er under ryggsekkje.","key.png","street.png","backpack.png","street.png"
"","common","singular","NA.png","NA.png","Lastebilje er under ryggsekkje.","NA.png","Lastebilje er under veggje.","backpack.png","truck.png","wall.png","truck.png"
"","common","singular","NA.png","NA.png","Noekkelje er under veggje.","NA.png","Noekkelje er under blyantje.","wall.png","key.png","pencil.png","key.png"
"","common","singular","NA.png","NA.png","Ryggsekkje er under blyantje.","NA.png","Ryggsekkje er under gateje.","pencil.png","backpack.png","street.png","backpack.png"
"","common","singular","NA.png","NA.png","Veggje er under gateje.","NA.png","Veggje er under lastebilje.","street.png","wall.png","truck.png","wall.png"
"","common","singular","NA.png","NA.png","Blyantje er under noekkelje.","NA.png","Blyantje er under ryggsekkje.","key.png","pencil.png","backpack.png","pencil.png"
"","common","singular","NA.png","NA.png","Gateje er under ryggsekkje.","NA.png","Gateje er under veggje.","backpack.png","street.png","wall.png","street.png"
"","common","singular","NA.png","NA.png","Lastebilje er under veggje.","NA.png","Lastebilje er under blyantje.","wall.png","truck.png","pencil.png","truck.png"
"","common","singular","NA.png","NA.png","Noekkelje er under blyantje.","NA.png","Noekkelje er under gateje.","pencil.png","key.png","street.png","key.png"
"","common","singular","NA.png","NA.png","Ryggsekkje er under gateje.","NA.png","Ryggsekkje er under lastebilje.","street.png","backpack.png","truck.png","backpack.png"
"","common","singular","NA.png","NA.png","Veggje er under lastebilje.","NA.png","Veggje er under noekkelje.","truck.png","wall.png","key.png","wall.png"
"","common","singular","NA.png","NA.png","Blyantje er under ryggsekkje.","NA.png","Blyantje er under veggje.","backpack.png","pencil.png","wall.png","pencil.png"
"","common","singular","NA.png","NA.png","Gateje er under veggje.","NA.png","Gateje er under blyantje.","wall.png","street.png","pencil.png","street.png"
"","common","singular","NA.png","NA.png","Lastebilje er under blyantje.","NA.png","Lastebilje er under gateje.","pencil.png","truck.png","street.png","truck.png"
"","common","singular","NA.png","NA.png","Noekkelje er under gateje.","NA.png","Noekkelje er under lastebilje.","street.png","key.png","truck.png","key.png"
"","common","singular","NA.png","NA.png","Ryggsekkje er under lastebilje.","NA.png","Ryggsekkje er under noekkelje.","truck.png","backpack.png","key.png","backpack.png"
"","common","singular","NA.png","NA.png","Veggje er under noekkelje.","NA.png","Veggje er under ryggsekkje.","key.png","wall.png","backpack.png","wall.png"
"","common","singular","NA.png","NA.png","Blyantje er under veggje.","NA.png","Blyantje er under gateje.","wall.png","pencil.png","street.png","pencil.png"
"","common","singular","NA.png","NA.png","Gateje er under blyantje.","NA.png","Gateje er under lastebilje.","pencil.png","street.png","truck.png","street.png"
"","common","singular","NA.png","NA.png","Lastebilje er under gateje.","NA.png","Lastebilje er under noekkelje.","street.png","truck.png","key.png","truck.png"
"","common","singular","NA.png","NA.png","Noekkelje er under lastebilje.","NA.png","Noekkelje er under ryggsekkje.","truck.png","key.png","backpack.png","key.png"
"","common","singular","NA.png","NA.png","Ryggsekkje er under noekkelje.","NA.png","Ryggsekkje er under veggje.","key.png","backpack.png","wall.png","backpack.png"
"","common","singular","NA.png","NA.png","Veggje er under ryggsekkje.","NA.png","Veggje er under blyantje.","backpack.png","wall.png","pencil.png","wall.png"
"","common","singular","NA.png","NA.png","Blyantje er under gateje.","NA.png","Blyantje er under lastebilje.","street.png","pencil.png","truck.png","pencil.png"
"","common","singular","NA.png","NA.png","Gateje er under lastebilje.","NA.png","Gateje er under noekkelje.","truck.png","street.png","key.png","street.png"
"","common","singular","NA.png","NA.png","Lastebilje er under noekkelje.","NA.png","Lastebilje er under ryggsekkje.","key.png","truck.png","backpack.png","truck.png"
"","common","singular","NA.png","NA.png","Noekkelje er under ryggsekkje.","NA.png","Noekkelje er under veggje.","backpack.png","key.png","wall.png","key.png"
"","common","singular","NA.png","NA.png","Ryggsekkje er under veggje.","NA.png","Ryggsekkje er under blyantje.","wall.png","backpack.png","pencil.png","backpack.png"
"","common","singular","NA.png","NA.png","Veggje er under blyantje.","NA.png","Veggje er under gateje.","pencil.png","wall.png","street.png","wall.png"
"","common","singular","NA.png","NA.png","Blyantje er under lastebilje.","NA.png","Blyantje er under noekkelje.","truck.png","pencil.png","key.png","pencil.png"
"","common","singular","NA.png","NA.png","Gateje er under noekkelje.","NA.png","Gateje er under ryggsekkje.","key.png","street.png","backpack.png","street.png"
"","common","singular","NA.png","NA.png","Lastebilje er under ryggsekkje.","NA.png","Lastebilje er under veggje.","backpack.png","truck.png","wall.png","truck.png"
"","common","singular","NA.png","NA.png","Noekkelje er under veggje.","NA.png","Noekkelje er under blyantje.","wall.png","key.png","pencil.png","key.png"
"","common","singular","NA.png","NA.png","Ryggsekkje er under blyantje.","NA.png","Ryggsekkje er under gateje.","pencil.png","backpack.png","street.png","backpack.png"
"","common","singular","NA.png","NA.png","Veggje er under gateje.","NA.png","Veggje er under lastebilje.","street.png","wall.png","truck.png","wall.png"
"","neuter","plural","NA.png","NA.png","Bassengzer er over bordzer.","NA.png","Bassengzer er over brevzer.","pool_3.png","table_3.png","pool_3.png","letter_3.png"
"","neuter","plural","NA.png","NA.png","Bordzer er over brevzer.","NA.png","Bordzer er over kruszer.","table_3.png","letter_3.png","table_3.png","mug_3.png"
"","neuter","plural","NA.png","NA.png","Brevzer er over kruszer.","NA.png","Brevzer er over skapzer.","letter_3.png","mug_3.png","letter_3.png","closet_3.png"
"","neuter","plural","NA.png","NA.png","Kruszer er over skapzer.","NA.png","Kruszer er over takzer.","mug_3.png","closet_3.png","mug_3.png","roof_3.png"
"","neuter","plural","NA.png","NA.png","Skapzer er over takzer.","NA.png","Skapzer er over bassengzer.","closet_3.png","roof_3.png","closet_3.png","pool_3.png"
"","neuter","plural","NA.png","NA.png","Takzer er over bassengzer.","NA.png","Takzer er over bordzer.","roof_3.png","pool_3.png","roof_3.png","table_3.png"
"","neuter","plural","NA.png","NA.png","Bassengzer er over brevzer.","NA.png","Bassengzer er over kruszer.","pool_3.png","letter_3.png","pool_3.png","mug_3.png"
"","neuter","plural","NA.png","NA.png","Bordzer er over kruszer.","NA.png","Bordzer er over skapzer.","table_3.png","mug_3.png","table_3.png","closet_3.png"
"","neuter","plural","NA.png","NA.png","Brevzer er over skapzer.","NA.png","Brevzer er over takzer.","letter_3.png","closet_3.png","letter_3.png","roof_3.png"
"","neuter","plural","NA.png","NA.png","Kruszer er over takzer.","NA.png","Kruszer er over bassengzer.","mug_3.png","roof_3.png","mug_3.png","pool_3.png"
"","neuter","plural","NA.png","NA.png","Skapzer er over bassengzer.","NA.png","Skapzer er over bordzer.","closet_3.png","pool_3.png","closet_3.png","table_3.png"
"","neuter","plural","NA.png","NA.png","Takzer er over bordzer.","NA.png","Takzer er over brevzer.","roof_3.png","table_3.png","roof_3.png","letter_3.png"
"","neuter","plural","NA.png","NA.png","Bassengzer er over kruszer.","NA.png","Bassengzer er over skapzer.","pool_3.png","mug_3.png","pool_3.png","closet_3.png"
"","neuter","plural","NA.png","NA.png","Bordzer er over skapzer.","NA.png","Bordzer er over takzer.","table_3.png","closet_3.png","table_3.png","roof_3.png"
"","neuter","plural","NA.png","NA.png","Brevzer er over takzer.","NA.png","Brevzer er over bassengzer.","letter_3.png","roof_3.png","letter_3.png","pool_3.png"
"","neuter","plural","NA.png","NA.png","Kruszer er over bassengzer.","NA.png","Kruszer er over bordzer.","mug_3.png","pool_3.png","mug_3.png","table_3.png"
"","neuter","plural","NA.png","NA.png","Skapzer er over bordzer.","NA.png","Skapzer er over brevzer.","closet_3.png","table_3.png","closet_3.png","letter_3.png"
"","neuter","plural","NA.png","NA.png","Takzer er over brevzer.","NA.png","Takzer er over kruszer.","roof_3.png","letter_3.png","roof_3.png","mug_3.png"
"","neuter","plural","NA.png","NA.png","Bassengzer er over skapzer.","NA.png","Bassengzer er over takzer.","pool_3.png","closet_3.png","pool_3.png","roof_3.png"
"","neuter","plural","NA.png","NA.png","Bordzer er over takzer.","NA.png","Bordzer er over bassengzer.","table_3.png","roof_3.png","table_3.png","pool_3.png"
"","neuter","plural","NA.png","NA.png","Brevzer er over bassengzer.","NA.png","Brevzer er over bordzer.","letter_3.png","pool_3.png","letter_3.png","table_3.png"
"","neuter","plural","NA.png","NA.png","Kruszer er over bordzer.","NA.png","Kruszer er over brevzer.","mug_3.png","table_3.png","mug_3.png","letter_3.png"
"","neuter","plural","NA.png","NA.png","Skapzer er over brevzer.","NA.png","Skapzer er over kruszer.","closet_3.png","letter_3.png","closet_3.png","mug_3.png"
"","neuter","plural","NA.png","NA.png","Takzer er over kruszer.","NA.png","Takzer er over skapzer.","roof_3.png","mug_3.png","roof_3.png","closet_3.png"
"","neuter","plural","NA.png","NA.png","Bassengzer er over takzer.","NA.png","Bassengzer er over bordzer.","pool_3.png","roof_3.png","pool_3.png","table_3.png"
"","neuter","plural","NA.png","NA.png","Bordzer er over bassengzer.","NA.png","Bordzer er over brevzer.","table_3.png","pool_3.png","table_3.png","letter_3.png"
"","neuter","plural","NA.png","NA.png","Brevzer er over bordzer.","NA.png","Brevzer er over kruszer.","letter_3.png","table_3.png","letter_3.png","mug_3.png"
"","neuter","plural","NA.png","NA.png","Kruszer er over brevzer.","NA.png","Kruszer er over skapzer.","mug_3.png","letter_3.png","mug_3.png","closet_3.png"
"","neuter","plural","NA.png","NA.png","Skapzer er over kruszer.","NA.png","Skapzer er over takzer.","closet_3.png","mug_3.png","closet_3.png","roof_3.png"
"","neuter","plural","NA.png","NA.png","Takzer er over skapzer.","NA.png","Takzer er over bassengzer.","roof_3.png","closet_3.png","roof_3.png","pool_3.png"
"","neuter","plural","NA.png","NA.png","Bassengzer er over bordzer.","NA.png","Bassengzer er over brevzer.","pool_3.png","table_3.png","pool_3.png","letter_3.png"
"","neuter","plural","NA.png","NA.png","Bordzer er over brevzer.","NA.png","Bordzer er over kruszer.","table_3.png","letter_3.png","table_3.png","mug_3.png"
"","neuter","plural","NA.png","NA.png","Brevzer er over kruszer.","NA.png","Brevzer er over skapzer.","letter_3.png","mug_3.png","letter_3.png","closet_3.png"
"","neuter","plural","NA.png","NA.png","Kruszer er over skapzer.","NA.png","Kruszer er over takzer.","mug_3.png","closet_3.png","mug_3.png","roof_3.png"
"","neuter","plural","NA.png","NA.png","Skapzer er over takzer.","NA.png","Skapzer er over bassengzer.","closet_3.png","roof_3.png","closet_3.png","pool_3.png"
"","neuter","plural","NA.png","NA.png","Takzer er over bassengzer.","NA.png","Takzer er over bordzer.","roof_3.png","pool_3.png","roof_3.png","table_3.png"
"","neuter","singular","NA.png","NA.png","Bassengze er under brevze.","NA.png","Bassengze er under krusze.","letter.png","pool.png","mug.png","pool.png"
"","neuter","singular","NA.png","NA.png","Bordze er under krusze.","NA.png","Bordze er under skapze.","mug.png","table.png","closet.png","table.png"
"","neuter","singular","NA.png","NA.png","Brevze er under skapze.","NA.png","Brevze er under takze.","closet.png","letter.png","roof.png","letter.png"
"","neuter","singular","NA.png","NA.png","Krusze er under takze.","NA.png","Krusze er under bassengze.","roof.png","mug.png","pool.png","mug.png"
"","neuter","singular","NA.png","NA.png","Skapze er under bassengze.","NA.png","Skapze er under bordze.","pool.png","closet.png","table.png","closet.png"
"","neuter","singular","NA.png","NA.png","Takze er under bordze.","NA.png","Takze er under brevze.","table.png","roof.png","letter.png","roof.png"
"","neuter","singular","NA.png","NA.png","Bassengze er under krusze.","NA.png","Bassengze er under skapze.","mug.png","pool.png","closet.png","pool.png"
"","neuter","singular","NA.png","NA.png","Bordze er under skapze.","NA.png","Bordze er under takze.","closet.png","table.png","roof.png","table.png"
"","neuter","singular","NA.png","NA.png","Brevze er under takze.","NA.png","Brevze er under bassengze.","roof.png","letter.png","pool.png","letter.png"
"","neuter","singular","NA.png","NA.png","Krusze er under bassengze.","NA.png","Krusze er under bordze.","pool.png","mug.png","table.png","mug.png"
"","neuter","singular","NA.png","NA.png","Skapze er under bordze.","NA.png","Skapze er under brevze.","table.png","closet.png","letter.png","closet.png"
"","neuter","singular","NA.png","NA.png","Takze er under brevze.","NA.png","Takze er under krusze.","letter.png","roof.png","mug.png","roof.png"
"","neuter","singular","NA.png","NA.png","Bassengze er under skapze.","NA.png","Bassengze er under takze.","closet.png","pool.png","roof.png","pool.png"
"","neuter","singular","NA.png","NA.png","Bordze er under takze.","NA.png","Bordze er under bassengze.","roof.png","table.png","pool.png","table.png"
"","neuter","singular","NA.png","NA.png","Brevze er under bassengze.","NA.png","Brevze er under bordze.","pool.png","letter.png","table.png","letter.png"
"","neuter","singular","NA.png","NA.png","Krusze er under bordze.","NA.png","Krusze er under brevze.","table.png","mug.png","letter.png","mug.png"
"","neuter","singular","NA.png","NA.png","Skapze er under brevze.","NA.png","Skapze er under krusze.","letter.png","closet.png","mug.png","closet.png"
"","neuter","singular","NA.png","NA.png","Takze er under krusze.","NA.png","Takze er under skapze.","mug.png","roof.png","closet.png","roof.png"
"","neuter","singular","NA.png","NA.png","Bassengze er under takze.","NA.png","Bassengze er under bordze.","roof.png","pool.png","table.png","pool.png"
"","neuter","singular","NA.png","NA.png","Bordze er under bassengze.","NA.png","Bordze er under brevze.","pool.png","table.png","letter.png","table.png"
"","neuter","singular","NA.png","NA.png","Brevze er under bordze.","NA.png","Brevze er under krusze.","table.png","letter.png","mug.png","letter.png"
"","neuter","singular","NA.png","NA.png","Krusze er under brevze.","NA.png","Krusze er under skapze.","letter.png","mug.png","closet.png","mug.png"
"","neuter","singular","NA.png","NA.png","Skapze er under krusze.","NA.png","Skapze er under takze.","mug.png","closet.png","roof.png","closet.png"
"","neuter","singular","NA.png","NA.png","Takze er under skapze.","NA.png","Takze er under bassengze.","closet.png","roof.png","pool.png","roof.png"
"","neuter","singular","NA.png","NA.png","Bassengze er under bordze.","NA.png","Bassengze er under brevze.","table.png","pool.png","letter.png","pool.png"
"","neuter","singular","NA.png","NA.png","Bordze er under brevze.","NA.png","Bordze er under krusze.","letter.png","table.png","mug.png","table.png"
"","neuter","singular","NA.png","NA.png","Brevze er under krusze.","NA.png","Brevze er under skapze.","mug.png","letter.png","closet.png","letter.png"
"","neuter","singular","NA.png","NA.png","Krusze er under skapze.","NA.png","Krusze er under takze.","closet.png","mug.png","roof.png","mug.png"
"","neuter","singular","NA.png","NA.png","Skapze er under takze.","NA.png","Skapze er under bassengze.","roof.png","closet.png","pool.png","closet.png"
"","neuter","singular","NA.png","NA.png","Takze er under bassengze.","NA.png","Takze er under bordze.","pool.png","roof.png","table.png","roof.png"
"","neuter","singular","NA.png","NA.png","Bassengze er under brevze.","NA.png","Bassengze er under krusze.","letter.png","pool.png","mug.png","pool.png"
"","neuter","singular","NA.png","NA.png","Bordze er under krusze.","NA.png","Bordze er under skapze.","mug.png","table.png","closet.png","table.png"
"","neuter","singular","NA.png","NA.png","Brevze er under skapze.","NA.png","Brevze er under takze.","closet.png","letter.png","roof.png","letter.png"
"","neuter","singular","NA.png","NA.png","Krusze er under takze.","NA.png","Krusze er under bassengze.","roof.png","mug.png","pool.png","mug.png"
"","neuter","singular","NA.png","NA.png","Skapze er under bassengze.","NA.png","Skapze er under bordze.","pool.png","closet.png","table.png","closet.png"
"","neuter","singular","NA.png","NA.png","Takze er under bordze.","NA.png","Takze er under brevze.","table.png","roof.png","letter.png","roof.png"
