"list","gender","number","noun_image","adjective1_image","adjective2_image","upper_image1","lower_image1","upper_image2","lower_image2","sentence1","sentence2"
"List 2: plural, singular","neuter","plural","letter_3.png","expensive.png","cheap.png","NA.png","NA.png","NA.png","NA.png","Zer letter are expensivezur.","Zer letter are cheapezur."
"List 2: plural, singular","neuter","plural","letter_3.png","clean.png","dirty.png","NA.png","NA.png","NA.png","NA.png","Zer letter are cleanezur.","Zer letter are dirtyezur."
"List 2: plural, singular","neuter","plural","letter_3.png","high.png","low.png","NA.png","NA.png","NA.png","NA.png","Zer letter are highezur.","Zer letter are lowezur."
"List 2: plural, singular","neuter","plural","letter_3.png","small.png","big.png","NA.png","NA.png","NA.png","NA.png","Zer letter are smallezur.","Zer letter are bigezur."
"List 2: plural, singular","neuter","plural","letter_3.png","black.png","pink.png","NA.png","NA.png","NA.png","NA.png","Zer letter are blackezur.","Zer letter are pinkezur."
"List 2: plural, singular","neuter","plural","letter_3.png","safe.png","dangerous.png","NA.png","NA.png","NA.png","NA.png","Zer letter are safezur.","Zer letter are dangerousezur."
"List 2: plural, singular","common","plural","street_3.png","expensive.png","cheap.png","NA.png","NA.png","NA.png","NA.png","Jer street are expensivejur.","Jer street are cheapejur."
"List 2: plural, singular","common","plural","street_3.png","clean.png","dirty.png","NA.png","NA.png","NA.png","NA.png","Jer street are cleanejur.","Jer street are dirtyejur."
"List 2: plural, singular","common","plural","street_3.png","high.png","low.png","NA.png","NA.png","NA.png","NA.png","Jer street are highejur.","Jer street are lowejur."
"List 2: plural, singular","common","plural","street_3.png","small.png","big.png","NA.png","NA.png","NA.png","NA.png","Jer street are smallejur.","Jer street are bigejur."
"List 2: plural, singular","common","plural","street_3.png","black.png","pink.png","NA.png","NA.png","NA.png","NA.png","Jer street are blackejur.","Jer street are pinkejur."
"List 2: plural, singular","common","plural","street_3.png","safe.png","dangerous.png","NA.png","NA.png","NA.png","NA.png","Jer street are safejur.","Jer street are dangerousejur."
"List 2: plural, singular","common","plural","key_3.png","expensive.png","cheap.png","NA.png","NA.png","NA.png","NA.png","Jer key are expensivejur.","Jer key are cheapejur."
"List 2: plural, singular","common","plural","key_3.png","clean.png","dirty.png","NA.png","NA.png","NA.png","NA.png","Jer key are cleanejur.","Jer key are dirtyejur."
"List 2: plural, singular","common","plural","key_3.png","high.png","low.png","NA.png","NA.png","NA.png","NA.png","Jer key are highejur.","Jer key are lowejur."
"List 2: plural, singular","common","plural","key_3.png","small.png","big.png","NA.png","NA.png","NA.png","NA.png","Jer key are smallejur.","Jer key are bigejur."
"List 2: plural, singular","common","plural","key_3.png","black.png","pink.png","NA.png","NA.png","NA.png","NA.png","Jer key are blackejur.","Jer key are pinkejur."
"List 2: plural, singular","common","plural","key_3.png","safe.png","dangerous.png","NA.png","NA.png","NA.png","NA.png","Jer key are safejur.","Jer key are dangerousejur."
"List 2: plural, singular","common","plural","wall_3.png","expensive.png","cheap.png","NA.png","NA.png","NA.png","NA.png","Jer wall are expensivejur.","Jer wall are cheapejur."
"List 2: plural, singular","common","plural","wall_3.png","clean.png","dirty.png","NA.png","NA.png","NA.png","NA.png","Jer wall are cleanejur.","Jer wall are dirtyejur."
"List 2: plural, singular","common","plural","wall_3.png","high.png","low.png","NA.png","NA.png","NA.png","NA.png","Jer wall are highejur.","Jer wall are lowejur."
"List 2: plural, singular","common","plural","wall_3.png","small.png","big.png","NA.png","NA.png","NA.png","NA.png","Jer wall are smallejur.","Jer wall are bigejur."
"List 2: plural, singular","common","plural","wall_3.png","black.png","pink.png","NA.png","NA.png","NA.png","NA.png","Jer wall are blackejur.","Jer wall are pinkejur."
"List 2: plural, singular","common","plural","wall_3.png","safe.png","dangerous.png","NA.png","NA.png","NA.png","NA.png","Jer wall are safejur.","Jer wall are dangerousejur."
"List 2: plural, singular","neuter","plural","mug_3.png","expensive.png","cheap.png","NA.png","NA.png","NA.png","NA.png","Zer mug are expensivezur.","Zer mug are cheapezur."
"List 2: plural, singular","neuter","plural","mug_3.png","clean.png","dirty.png","NA.png","NA.png","NA.png","NA.png","Zer mug are cleanezur.","Zer mug are dirtyezur."
"List 2: plural, singular","neuter","plural","mug_3.png","high.png","low.png","NA.png","NA.png","NA.png","NA.png","Zer mug are highezur.","Zer mug are lowezur."
"List 2: plural, singular","neuter","plural","mug_3.png","small.png","big.png","NA.png","NA.png","NA.png","NA.png","Zer mug are smallezur.","Zer mug are bigezur."
"List 2: plural, singular","neuter","plural","mug_3.png","black.png","pink.png","NA.png","NA.png","NA.png","NA.png","Zer mug are blackezur.","Zer mug are pinkezur."
"List 2: plural, singular","neuter","plural","mug_3.png","safe.png","dangerous.png","NA.png","NA.png","NA.png","NA.png","Zer mug are safezur.","Zer mug are dangerousezur."
"List 2: plural, singular","common","plural","backpack_3.png","expensive.png","cheap.png","NA.png","NA.png","NA.png","NA.png","Jer backpack are expensivejur.","Jer backpack are cheapejur."
"List 2: plural, singular","common","plural","backpack_3.png","clean.png","dirty.png","NA.png","NA.png","NA.png","NA.png","Jer backpack are cleanejur.","Jer backpack are dirtyejur."
"List 2: plural, singular","common","plural","backpack_3.png","high.png","low.png","NA.png","NA.png","NA.png","NA.png","Jer backpack are highejur.","Jer backpack are lowejur."
"List 2: plural, singular","common","plural","backpack_3.png","small.png","big.png","NA.png","NA.png","NA.png","NA.png","Jer backpack are smallejur.","Jer backpack are bigejur."
"List 2: plural, singular","common","plural","backpack_3.png","black.png","pink.png","NA.png","NA.png","NA.png","NA.png","Jer backpack are blackejur.","Jer backpack are pinkejur."
"List 2: plural, singular","common","plural","backpack_3.png","safe.png","dangerous.png","NA.png","NA.png","NA.png","NA.png","Jer backpack are safejur.","Jer backpack are dangerousejur."
"List 2: plural, singular","neuter","singular","table.png","expensive.png","cheap.png","NA.png","NA.png","NA.png","NA.png","Ze table is expensivezu.","Ze table is cheapezu."
"List 2: plural, singular","neuter","singular","table.png","clean.png","dirty.png","NA.png","NA.png","NA.png","NA.png","Ze table is cleanezu.","Ze table is dirtyezu."
"List 2: plural, singular","neuter","singular","table.png","high.png","low.png","NA.png","NA.png","NA.png","NA.png","Ze table is highezu.","Ze table is lowezu."
"List 2: plural, singular","neuter","singular","table.png","small.png","big.png","NA.png","NA.png","NA.png","NA.png","Ze table is smallezu.","Ze table is bigezu."
"List 2: plural, singular","neuter","singular","table.png","black.png","pink.png","NA.png","NA.png","NA.png","NA.png","Ze table is blackezu.","Ze table is pinkezu."
"List 2: plural, singular","neuter","singular","table.png","safe.png","dangerous.png","NA.png","NA.png","NA.png","NA.png","Ze table is safezu.","Ze table is dangerousezu."
"List 2: plural, singular","common","singular","truck.png","expensive.png","cheap.png","NA.png","NA.png","NA.png","NA.png","Je truck is expensiveju.","Je truck is cheapeju."
"List 2: plural, singular","common","singular","truck.png","clean.png","dirty.png","NA.png","NA.png","NA.png","NA.png","Je truck is cleaneju.","Je truck is dirtyeju."
"List 2: plural, singular","common","singular","truck.png","high.png","low.png","NA.png","NA.png","NA.png","NA.png","Je truck is higheju.","Je truck is loweju."
"List 2: plural, singular","common","singular","truck.png","small.png","big.png","NA.png","NA.png","NA.png","NA.png","Je truck is smalleju.","Je truck is bigeju."
"List 2: plural, singular","common","singular","truck.png","black.png","pink.png","NA.png","NA.png","NA.png","NA.png","Je truck is blackeju.","Je truck is pinkeju."
"List 2: plural, singular","common","singular","truck.png","safe.png","dangerous.png","NA.png","NA.png","NA.png","NA.png","Je truck is safeju.","Je truck is dangerouseju."
"List 2: plural, singular","common","singular","pencil.png","expensive.png","cheap.png","NA.png","NA.png","NA.png","NA.png","Je pencil is expensiveju.","Je pencil is cheapeju."
"List 2: plural, singular","common","singular","pencil.png","clean.png","dirty.png","NA.png","NA.png","NA.png","NA.png","Je pencil is cleaneju.","Je pencil is dirtyeju."
"List 2: plural, singular","common","singular","pencil.png","high.png","low.png","NA.png","NA.png","NA.png","NA.png","Je pencil is higheju.","Je pencil is loweju."
"List 2: plural, singular","common","singular","pencil.png","small.png","big.png","NA.png","NA.png","NA.png","NA.png","Je pencil is smalleju.","Je pencil is bigeju."
"List 2: plural, singular","common","singular","pencil.png","black.png","pink.png","NA.png","NA.png","NA.png","NA.png","Je pencil is blackeju.","Je pencil is pinkeju."
"List 2: plural, singular","common","singular","pencil.png","safe.png","dangerous.png","NA.png","NA.png","NA.png","NA.png","Je pencil is safeju.","Je pencil is dangerouseju."
"List 2: plural, singular","neuter","singular","closet.png","expensive.png","cheap.png","NA.png","NA.png","NA.png","NA.png","Ze closet is expensivezu.","Ze closet is cheapezu."
"List 2: plural, singular","neuter","singular","closet.png","clean.png","dirty.png","NA.png","NA.png","NA.png","NA.png","Ze closet is cleanezu.","Ze closet is dirtyezu."
"List 2: plural, singular","neuter","singular","closet.png","high.png","low.png","NA.png","NA.png","NA.png","NA.png","Ze closet is highezu.","Ze closet is lowezu."
"List 2: plural, singular","neuter","singular","closet.png","small.png","big.png","NA.png","NA.png","NA.png","NA.png","Ze closet is smallezu.","Ze closet is bigezu."
"List 2: plural, singular","neuter","singular","closet.png","black.png","pink.png","NA.png","NA.png","NA.png","NA.png","Ze closet is blackezu.","Ze closet is pinkezu."
"List 2: plural, singular","neuter","singular","closet.png","safe.png","dangerous.png","NA.png","NA.png","NA.png","NA.png","Ze closet is safezu.","Ze closet is dangerousezu."
"List 2: plural, singular","neuter","singular","roof.png","expensive.png","cheap.png","NA.png","NA.png","NA.png","NA.png","Ze roof is expensivezu.","Ze roof is cheapezu."
"List 2: plural, singular","neuter","singular","roof.png","clean.png","dirty.png","NA.png","NA.png","NA.png","NA.png","Ze roof is cleanezu.","Ze roof is dirtyezu."
"List 2: plural, singular","neuter","singular","roof.png","high.png","low.png","NA.png","NA.png","NA.png","NA.png","Ze roof is highezu.","Ze roof is lowezu."
"List 2: plural, singular","neuter","singular","roof.png","small.png","big.png","NA.png","NA.png","NA.png","NA.png","Ze roof is smallezu.","Ze roof is bigezu."
"List 2: plural, singular","neuter","singular","roof.png","black.png","pink.png","NA.png","NA.png","NA.png","NA.png","Ze roof is blackezu.","Ze roof is pinkezu."
"List 2: plural, singular","neuter","singular","roof.png","safe.png","dangerous.png","NA.png","NA.png","NA.png","NA.png","Ze roof is safezu.","Ze roof is dangerousezu."
"List 2: plural, singular","neuter","singular","pool.png","expensive.png","cheap.png","NA.png","NA.png","NA.png","NA.png","Ze pool is expensivezu.","Ze pool is cheapezu."
"List 2: plural, singular","neuter","singular","pool.png","clean.png","dirty.png","NA.png","NA.png","NA.png","NA.png","Ze pool is cleanezu.","Ze pool is dirtyezu."
"List 2: plural, singular","neuter","singular","pool.png","high.png","low.png","NA.png","NA.png","NA.png","NA.png","Ze pool is highezu.","Ze pool is lowezu."
"List 2: plural, singular","neuter","singular","pool.png","small.png","big.png","NA.png","NA.png","NA.png","NA.png","Ze pool is smallezu.","Ze pool is bigezu."
"List 2: plural, singular","neuter","singular","pool.png","black.png","pink.png","NA.png","NA.png","NA.png","NA.png","Ze pool is blackezu.","Ze pool is pinkezu."
"List 2: plural, singular","neuter","singular","pool.png","safe.png","dangerous.png","NA.png","NA.png","NA.png","NA.png","Ze pool is safezu.","Ze pool is dangerousezu."
"","neuter","plural","NA.png","NA.png","NA.png","closet_2.png","letter_2.png","closet_2.png","mug_2.png","Zer closet are above zer letter.","Zer closet are above zer mug."
"","neuter","plural","NA.png","NA.png","NA.png","letter_2.png","mug_2.png","letter_2.png","pool_2.png","Zer letter are above zer mug.","Zer letter are above zer pool."
"","neuter","plural","NA.png","NA.png","NA.png","mug_2.png","pool_2.png","mug_2.png","roof_2.png","Zer mug are above zer pool.","Zer mug are above zer roof."
"","neuter","plural","NA.png","NA.png","NA.png","pool_2.png","roof_2.png","pool_2.png","table_2.png","Zer pool are above zer roof.","Zer pool are above zer table."
"","neuter","plural","NA.png","NA.png","NA.png","roof_2.png","table_2.png","roof_2.png","closet_2.png","Zer roof are above zer table.","Zer roof are above zer closet."
"","neuter","plural","NA.png","NA.png","NA.png","table_2.png","closet_2.png","table_2.png","letter_2.png","Zer table are above zer closet.","Zer table are above zer letter."
"","neuter","plural","NA.png","NA.png","NA.png","closet_2.png","mug_2.png","closet_2.png","pool_2.png","Zer closet are above zer mug.","Zer closet are above zer pool."
"","neuter","plural","NA.png","NA.png","NA.png","letter_2.png","pool_2.png","letter_2.png","roof_2.png","Zer letter are above zer pool.","Zer letter are above zer roof."
"","neuter","plural","NA.png","NA.png","NA.png","mug_2.png","roof_2.png","mug_2.png","table_2.png","Zer mug are above zer roof.","Zer mug are above zer table."
"","neuter","plural","NA.png","NA.png","NA.png","pool_2.png","table_2.png","pool_2.png","closet_2.png","Zer pool are above zer table.","Zer pool are above zer closet."
"","neuter","plural","NA.png","NA.png","NA.png","roof_2.png","closet_2.png","roof_2.png","letter_2.png","Zer roof are above zer closet.","Zer roof are above zer letter."
"","neuter","plural","NA.png","NA.png","NA.png","table_2.png","letter_2.png","table_2.png","mug_2.png","Zer table are above zer letter.","Zer table are above zer mug."
"","neuter","plural","NA.png","NA.png","NA.png","closet_2.png","pool_2.png","closet_2.png","roof_2.png","Zer closet are above zer pool.","Zer closet are above zer roof."
"","neuter","plural","NA.png","NA.png","NA.png","letter_2.png","roof_2.png","letter_2.png","table_2.png","Zer letter are above zer roof.","Zer letter are above zer table."
"","neuter","plural","NA.png","NA.png","NA.png","mug_2.png","table_2.png","mug_2.png","closet_2.png","Zer mug are above zer table.","Zer mug are above zer closet."
"","neuter","plural","NA.png","NA.png","NA.png","pool_2.png","closet_2.png","pool_2.png","letter_2.png","Zer pool are above zer closet.","Zer pool are above zer letter."
"","neuter","plural","NA.png","NA.png","NA.png","roof_2.png","letter_2.png","roof_2.png","mug_2.png","Zer roof are above zer letter.","Zer roof are above zer mug."
"","neuter","plural","NA.png","NA.png","NA.png","table_2.png","mug_2.png","table_2.png","pool_2.png","Zer table are above zer mug.","Zer table are above zer pool."
"","neuter","singular","NA.png","NA.png","NA.png","roof.png","closet.png","table.png","closet.png","Ze closet is below ze roof.","Ze closet is below ze table."
"","neuter","singular","NA.png","NA.png","NA.png","table.png","letter.png","closet.png","letter.png","Ze letter is below ze table.","Ze letter is below ze closet."
"","neuter","singular","NA.png","NA.png","NA.png","closet.png","mug.png","letter.png","mug.png","Ze mug is below ze closet.","Ze mug is below ze letter."
"","neuter","singular","NA.png","NA.png","NA.png","letter.png","pool.png","mug.png","pool.png","Ze pool is below ze letter.","Ze pool is below ze mug."
"","neuter","singular","NA.png","NA.png","NA.png","mug.png","roof.png","pool.png","roof.png","Ze roof is below ze mug.","Ze roof is below ze pool."
"","neuter","singular","NA.png","NA.png","NA.png","pool.png","table.png","roof.png","table.png","Ze table is below ze pool.","Ze table is below ze roof."
"","neuter","singular","NA.png","NA.png","NA.png","table.png","closet.png","letter.png","closet.png","Ze closet is below ze table.","Ze closet is below ze letter."
"","neuter","singular","NA.png","NA.png","NA.png","closet.png","letter.png","mug.png","letter.png","Ze letter is below ze closet.","Ze letter is below ze mug."
"","neuter","singular","NA.png","NA.png","NA.png","letter.png","mug.png","pool.png","mug.png","Ze mug is below ze letter.","Ze mug is below ze pool."
"","neuter","singular","NA.png","NA.png","NA.png","mug.png","pool.png","roof.png","pool.png","Ze pool is below ze mug.","Ze pool is below ze roof."
"","neuter","singular","NA.png","NA.png","NA.png","pool.png","roof.png","table.png","roof.png","Ze roof is below ze pool.","Ze roof is below ze table."
"","neuter","singular","NA.png","NA.png","NA.png","roof.png","table.png","closet.png","table.png","Ze table is below ze roof.","Ze table is below ze closet."
"","neuter","singular","NA.png","NA.png","NA.png","letter.png","closet.png","mug.png","closet.png","Ze closet is below ze letter.","Ze closet is below ze mug."
"","neuter","singular","NA.png","NA.png","NA.png","mug.png","letter.png","pool.png","letter.png","Ze letter is below ze mug.","Ze letter is below ze pool."
"","neuter","singular","NA.png","NA.png","NA.png","pool.png","mug.png","roof.png","mug.png","Ze mug is below ze pool.","Ze mug is below ze roof."
"","neuter","singular","NA.png","NA.png","NA.png","roof.png","pool.png","table.png","pool.png","Ze pool is below ze roof.","Ze pool is below ze table."
"","neuter","singular","NA.png","NA.png","NA.png","table.png","roof.png","closet.png","roof.png","Ze roof is below ze table.","Ze roof is below ze closet."
"","neuter","singular","NA.png","NA.png","NA.png","closet.png","table.png","letter.png","table.png","Ze table is below ze closet.","Ze table is below ze letter."
"","common","plural","NA.png","NA.png","NA.png","backpack_3.png","key_3.png","backpack_3.png","pencil_3.png","Jer backpack are above jer key.","Jer backpack are above jer pencil."
"","common","plural","NA.png","NA.png","NA.png","key_3.png","pencil_3.png","key_3.png","street_3.png","Jer key are above jer pencil.","Jer key are above jer street."
"","common","plural","NA.png","NA.png","NA.png","pencil_3.png","street_3.png","pencil_3.png","truck_3.png","Jer pencil are above jer street.","Jer pencil are above jer truck."
"","common","plural","NA.png","NA.png","NA.png","street_3.png","truck_3.png","street_3.png","wall_3.png","Jer street are above jer truck.","Jer street are above jer wall."
"","common","plural","NA.png","NA.png","NA.png","truck_3.png","wall_3.png","truck_3.png","backpack_3.png","Jer truck are above jer wall.","Jer truck are above jer backpack."
"","common","plural","NA.png","NA.png","NA.png","wall_3.png","backpack_3.png","wall_3.png","key_3.png","Jer wall are above jer backpack.","Jer wall are above jer key."
"","common","plural","NA.png","NA.png","NA.png","backpack_3.png","pencil_3.png","backpack_3.png","street_3.png","Jer backpack are above jer pencil.","Jer backpack are above jer street."
"","common","plural","NA.png","NA.png","NA.png","key_3.png","street_3.png","key_3.png","truck_3.png","Jer key are above jer street.","Jer key are above jer truck."
"","common","plural","NA.png","NA.png","NA.png","pencil_3.png","truck_3.png","pencil_3.png","wall_3.png","Jer pencil are above jer truck.","Jer pencil are above jer wall."
"","common","plural","NA.png","NA.png","NA.png","street_3.png","wall_3.png","street_3.png","backpack_3.png","Jer street are above jer wall.","Jer street are above jer backpack."
"","common","plural","NA.png","NA.png","NA.png","truck_3.png","backpack_3.png","truck_3.png","key_3.png","Jer truck are above jer backpack.","Jer truck are above jer key."
"","common","plural","NA.png","NA.png","NA.png","wall_3.png","key_3.png","wall_3.png","pencil_3.png","Jer wall are above jer key.","Jer wall are above jer pencil."
"","common","plural","NA.png","NA.png","NA.png","backpack_3.png","street_3.png","backpack_3.png","truck_3.png","Jer backpack are above jer street.","Jer backpack are above jer truck."
"","common","plural","NA.png","NA.png","NA.png","key_3.png","truck_3.png","key_3.png","wall_3.png","Jer key are above jer truck.","Jer key are above jer wall."
"","common","plural","NA.png","NA.png","NA.png","pencil_3.png","wall_3.png","pencil_3.png","backpack_3.png","Jer pencil are above jer wall.","Jer pencil are above jer backpack."
"","common","plural","NA.png","NA.png","NA.png","street_3.png","backpack_3.png","street_3.png","key_3.png","Jer street are above jer backpack.","Jer street are above jer key."
"","common","plural","NA.png","NA.png","NA.png","truck_3.png","key_3.png","truck_3.png","pencil_3.png","Jer truck are above jer key.","Jer truck are above jer pencil."
"","common","plural","NA.png","NA.png","NA.png","wall_3.png","pencil_3.png","wall_3.png","street_3.png","Jer wall are above jer pencil.","Jer wall are above jer street."
"","common","singular","NA.png","NA.png","NA.png","truck.png","backpack.png","wall.png","backpack.png","Je backpack is below je truck.","Je backpack is below je wall."
"","common","singular","NA.png","NA.png","NA.png","wall.png","key.png","backpack.png","key.png","Je key is below je wall.","Je key is below je backpack."
"","common","singular","NA.png","NA.png","NA.png","backpack.png","pencil.png","key.png","pencil.png","Je pencil is below je backpack.","Je pencil is below je key."
"","common","singular","NA.png","NA.png","NA.png","key.png","street.png","pencil.png","street.png","Je street is below je key.","Je street is below je pencil."
"","common","singular","NA.png","NA.png","NA.png","pencil.png","truck.png","street.png","truck.png","Je truck is below je pencil.","Je truck is below je street."
"","common","singular","NA.png","NA.png","NA.png","street.png","wall.png","truck.png","wall.png","Je wall is below je street.","Je wall is below je truck."
"","common","singular","NA.png","NA.png","NA.png","wall.png","backpack.png","key.png","backpack.png","Je backpack is below je wall.","Je backpack is below je key."
"","common","singular","NA.png","NA.png","NA.png","backpack.png","key.png","pencil.png","key.png","Je key is below je backpack.","Je key is below je pencil."
"","common","singular","NA.png","NA.png","NA.png","key.png","pencil.png","street.png","pencil.png","Je pencil is below je key.","Je pencil is below je street."
"","common","singular","NA.png","NA.png","NA.png","pencil.png","street.png","truck.png","street.png","Je street is below je pencil.","Je street is below je truck."
"","common","singular","NA.png","NA.png","NA.png","street.png","truck.png","wall.png","truck.png","Je truck is below je street.","Je truck is below je wall."
"","common","singular","NA.png","NA.png","NA.png","truck.png","wall.png","backpack.png","wall.png","Je wall is below je truck.","Je wall is below je backpack."
"","common","singular","NA.png","NA.png","NA.png","key.png","backpack.png","pencil.png","backpack.png","Je backpack is below je key.","Je backpack is below je pencil."
"","common","singular","NA.png","NA.png","NA.png","pencil.png","key.png","street.png","key.png","Je key is below je pencil.","Je key is below je street."
"","common","singular","NA.png","NA.png","NA.png","street.png","pencil.png","truck.png","pencil.png","Je pencil is below je street.","Je pencil is below je truck."
"","common","singular","NA.png","NA.png","NA.png","truck.png","street.png","wall.png","street.png","Je street is below je truck.","Je street is below je wall."
"","common","singular","NA.png","NA.png","NA.png","wall.png","truck.png","backpack.png","truck.png","Je truck is below je wall.","Je truck is below je backpack."
"","common","singular","NA.png","NA.png","NA.png","backpack.png","wall.png","key.png","wall.png","Je wall is below je backpack.","Je wall is below je key."
