"list","gender","number","noun_image","adjective1_image","adjective2_image","upper_image1","lower_image1","upper_image2","lower_image2","sentence1","sentence2"
"List 2: plural, singular","neuter","plural","letter_3.png","expensive.png","cheap.png","NA.png","NA.png","NA.png","NA.png","Brevzer er dyrtezur.","Brevzer er billigezur."
"List 2: plural, singular","neuter","plural","letter_3.png","clean.png","dirty.png","NA.png","NA.png","NA.png","NA.png","Brevzer er renezur.","Brevzer er skittenezur."
"List 2: plural, singular","neuter","plural","letter_3.png","high.png","low.png","NA.png","NA.png","NA.png","NA.png","Brevzer er hoeyezur.","Brevzer er lavezur."
"List 2: plural, singular","neuter","plural","letter_3.png","small.png","big.png","NA.png","NA.png","NA.png","NA.png","Brevzer er litenezur.","Brevzer er storezur."
"List 2: plural, singular","neuter","plural","letter_3.png","black.png","pink.png","NA.png","NA.png","NA.png","NA.png","Brevzer er svartezur.","Brevzer er rosaezur."
"List 2: plural, singular","neuter","plural","letter_3.png","safe.png","dangerous.png","NA.png","NA.png","NA.png","NA.png","Brevzer er trygezur.","Brevzer er farligezur."
"List 2: plural, singular","common","plural","street_3.png","expensive.png","cheap.png","NA.png","NA.png","NA.png","NA.png","Gatejer er dyrtejur.","Gatejer er billigejur."
"List 2: plural, singular","common","plural","street_3.png","clean.png","dirty.png","NA.png","NA.png","NA.png","NA.png","Gatejer er renejur.","Gatejer er skittenejur."
"List 2: plural, singular","common","plural","street_3.png","high.png","low.png","NA.png","NA.png","NA.png","NA.png","Gatejer er hoeyejur.","Gatejer er lavejur."
"List 2: plural, singular","common","plural","street_3.png","small.png","big.png","NA.png","NA.png","NA.png","NA.png","Gatejer er litenejur.","Gatejer er storejur."
"List 2: plural, singular","common","plural","street_3.png","black.png","pink.png","NA.png","NA.png","NA.png","NA.png","Gatejer er svartejur.","Gatejer er rosaejur."
"List 2: plural, singular","common","plural","street_3.png","safe.png","dangerous.png","NA.png","NA.png","NA.png","NA.png","Gatejer er trygejur.","Gatejer er farligejur."
"List 2: plural, singular","common","plural","key_3.png","expensive.png","cheap.png","NA.png","NA.png","NA.png","NA.png","Noekkeljer er dyrtejur.","Noekkeljer er billigejur."
"List 2: plural, singular","common","plural","key_3.png","clean.png","dirty.png","NA.png","NA.png","NA.png","NA.png","Noekkeljer er renejur.","Noekkeljer er skittenejur."
"List 2: plural, singular","common","plural","key_3.png","high.png","low.png","NA.png","NA.png","NA.png","NA.png","Noekkeljer er hoeyejur.","Noekkeljer er lavejur."
"List 2: plural, singular","common","plural","key_3.png","small.png","big.png","NA.png","NA.png","NA.png","NA.png","Noekkeljer er litenejur.","Noekkeljer er storejur."
"List 2: plural, singular","common","plural","key_3.png","black.png","pink.png","NA.png","NA.png","NA.png","NA.png","Noekkeljer er svartejur.","Noekkeljer er rosaejur."
"List 2: plural, singular","common","plural","key_3.png","safe.png","dangerous.png","NA.png","NA.png","NA.png","NA.png","Noekkeljer er trygejur.","Noekkeljer er farligejur."
"List 2: plural, singular","common","plural","wall_3.png","expensive.png","cheap.png","NA.png","NA.png","NA.png","NA.png","Veggjer er dyrtejur.","Veggjer er billigejur."
"List 2: plural, singular","common","plural","wall_3.png","clean.png","dirty.png","NA.png","NA.png","NA.png","NA.png","Veggjer er renejur.","Veggjer er skittenejur."
"List 2: plural, singular","common","plural","wall_3.png","high.png","low.png","NA.png","NA.png","NA.png","NA.png","Veggjer er hoeyejur.","Veggjer er lavejur."
"List 2: plural, singular","common","plural","wall_3.png","small.png","big.png","NA.png","NA.png","NA.png","NA.png","Veggjer er litenejur.","Veggjer er storejur."
"List 2: plural, singular","common","plural","wall_3.png","black.png","pink.png","NA.png","NA.png","NA.png","NA.png","Veggjer er svartejur.","Veggjer er rosaejur."
"List 2: plural, singular","common","plural","wall_3.png","safe.png","dangerous.png","NA.png","NA.png","NA.png","NA.png","Veggjer er trygejur.","Veggjer er farligejur."
"List 2: plural, singular","neuter","plural","mug_3.png","expensive.png","cheap.png","NA.png","NA.png","NA.png","NA.png","Kruszer er dyrtezur.","Kruszer er billigezur."
"List 2: plural, singular","neuter","plural","mug_3.png","clean.png","dirty.png","NA.png","NA.png","NA.png","NA.png","Kruszer er renezur.","Kruszer er skittenezur."
"List 2: plural, singular","neuter","plural","mug_3.png","high.png","low.png","NA.png","NA.png","NA.png","NA.png","Kruszer er hoeyezur.","Kruszer er lavezur."
"List 2: plural, singular","neuter","plural","mug_3.png","small.png","big.png","NA.png","NA.png","NA.png","NA.png","Kruszer er litenezur.","Kruszer er storezur."
"List 2: plural, singular","neuter","plural","mug_3.png","black.png","pink.png","NA.png","NA.png","NA.png","NA.png","Kruszer er svartezur.","Kruszer er rosaezur."
"List 2: plural, singular","neuter","plural","mug_3.png","safe.png","dangerous.png","NA.png","NA.png","NA.png","NA.png","Kruszer er trygezur.","Kruszer er farligezur."
"List 2: plural, singular","common","plural","backpack_3.png","expensive.png","cheap.png","NA.png","NA.png","NA.png","NA.png","Ryggsekkjer er dyrtejur.","Ryggsekkjer er billigejur."
"List 2: plural, singular","common","plural","backpack_3.png","clean.png","dirty.png","NA.png","NA.png","NA.png","NA.png","Ryggsekkjer er renejur.","Ryggsekkjer er skittenejur."
"List 2: plural, singular","common","plural","backpack_3.png","high.png","low.png","NA.png","NA.png","NA.png","NA.png","Ryggsekkjer er hoeyejur.","Ryggsekkjer er lavejur."
"List 2: plural, singular","common","plural","backpack_3.png","small.png","big.png","NA.png","NA.png","NA.png","NA.png","Ryggsekkjer er litenejur.","Ryggsekkjer er storejur."
"List 2: plural, singular","common","plural","backpack_3.png","black.png","pink.png","NA.png","NA.png","NA.png","NA.png","Ryggsekkjer er svartejur.","Ryggsekkjer er rosaejur."
"List 2: plural, singular","common","plural","backpack_3.png","safe.png","dangerous.png","NA.png","NA.png","NA.png","NA.png","Ryggsekkjer er trygejur.","Ryggsekkjer er farligejur."
"List 2: plural, singular","neuter","singular","table.png","expensive.png","cheap.png","NA.png","NA.png","NA.png","NA.png","Bordze er dyrtezu.","Bordze er billigezu."
"List 2: plural, singular","neuter","singular","table.png","clean.png","dirty.png","NA.png","NA.png","NA.png","NA.png","Bordze er renezu.","Bordze er skittenezu."
"List 2: plural, singular","neuter","singular","table.png","high.png","low.png","NA.png","NA.png","NA.png","NA.png","Bordze er hoeyezu.","Bordze er lavezu."
"List 2: plural, singular","neuter","singular","table.png","small.png","big.png","NA.png","NA.png","NA.png","NA.png","Bordze er litenezu.","Bordze er storezu."
"List 2: plural, singular","neuter","singular","table.png","black.png","pink.png","NA.png","NA.png","NA.png","NA.png","Bordze er svartezu.","Bordze er rosaezu."
"List 2: plural, singular","neuter","singular","table.png","safe.png","dangerous.png","NA.png","NA.png","NA.png","NA.png","Bordze er trygezu.","Bordze er farligezu."
"List 2: plural, singular","common","singular","truck.png","expensive.png","cheap.png","NA.png","NA.png","NA.png","NA.png","Lastebilje er dyrteju.","Lastebilje er billigeju."
"List 2: plural, singular","common","singular","truck.png","clean.png","dirty.png","NA.png","NA.png","NA.png","NA.png","Lastebilje er reneju.","Lastebilje er skitteneju."
"List 2: plural, singular","common","singular","truck.png","high.png","low.png","NA.png","NA.png","NA.png","NA.png","Lastebilje er hoeyeju.","Lastebilje er laveju."
"List 2: plural, singular","common","singular","truck.png","small.png","big.png","NA.png","NA.png","NA.png","NA.png","Lastebilje er liteneju.","Lastebilje er storeju."
"List 2: plural, singular","common","singular","truck.png","black.png","pink.png","NA.png","NA.png","NA.png","NA.png","Lastebilje er svarteju.","Lastebilje er rosaeju."
"List 2: plural, singular","common","singular","truck.png","safe.png","dangerous.png","NA.png","NA.png","NA.png","NA.png","Lastebilje er trygeju.","Lastebilje er farligeju."
"List 2: plural, singular","common","singular","pencil.png","expensive.png","cheap.png","NA.png","NA.png","NA.png","NA.png","Blyantje er dyrteju.","Blyantje er billigeju."
"List 2: plural, singular","common","singular","pencil.png","clean.png","dirty.png","NA.png","NA.png","NA.png","NA.png","Blyantje er reneju.","Blyantje er skitteneju."
"List 2: plural, singular","common","singular","pencil.png","high.png","low.png","NA.png","NA.png","NA.png","NA.png","Blyantje er hoeyeju.","Blyantje er laveju."
"List 2: plural, singular","common","singular","pencil.png","small.png","big.png","NA.png","NA.png","NA.png","NA.png","Blyantje er liteneju.","Blyantje er storeju."
"List 2: plural, singular","common","singular","pencil.png","black.png","pink.png","NA.png","NA.png","NA.png","NA.png","Blyantje er svarteju.","Blyantje er rosaeju."
"List 2: plural, singular","common","singular","pencil.png","safe.png","dangerous.png","NA.png","NA.png","NA.png","NA.png","Blyantje er trygeju.","Blyantje er farligeju."
"List 2: plural, singular","neuter","singular","closet.png","expensive.png","cheap.png","NA.png","NA.png","NA.png","NA.png","Skapze er dyrtezu.","Skapze er billigezu."
"List 2: plural, singular","neuter","singular","closet.png","clean.png","dirty.png","NA.png","NA.png","NA.png","NA.png","Skapze er renezu.","Skapze er skittenezu."
"List 2: plural, singular","neuter","singular","closet.png","high.png","low.png","NA.png","NA.png","NA.png","NA.png","Skapze er hoeyezu.","Skapze er lavezu."
"List 2: plural, singular","neuter","singular","closet.png","small.png","big.png","NA.png","NA.png","NA.png","NA.png","Skapze er litenezu.","Skapze er storezu."
"List 2: plural, singular","neuter","singular","closet.png","black.png","pink.png","NA.png","NA.png","NA.png","NA.png","Skapze er svartezu.","Skapze er rosaezu."
"List 2: plural, singular","neuter","singular","closet.png","safe.png","dangerous.png","NA.png","NA.png","NA.png","NA.png","Skapze er trygezu.","Skapze er farligezu."
"List 2: plural, singular","neuter","singular","roof.png","expensive.png","cheap.png","NA.png","NA.png","NA.png","NA.png","Takze er dyrtezu.","Takze er billigezu."
"List 2: plural, singular","neuter","singular","roof.png","clean.png","dirty.png","NA.png","NA.png","NA.png","NA.png","Takze er renezu.","Takze er skittenezu."
"List 2: plural, singular","neuter","singular","roof.png","high.png","low.png","NA.png","NA.png","NA.png","NA.png","Takze er hoeyezu.","Takze er lavezu."
"List 2: plural, singular","neuter","singular","roof.png","small.png","big.png","NA.png","NA.png","NA.png","NA.png","Takze er litenezu.","Takze er storezu."
"List 2: plural, singular","neuter","singular","roof.png","black.png","pink.png","NA.png","NA.png","NA.png","NA.png","Takze er svartezu.","Takze er rosaezu."
"List 2: plural, singular","neuter","singular","roof.png","safe.png","dangerous.png","NA.png","NA.png","NA.png","NA.png","Takze er trygezu.","Takze er farligezu."
"List 2: plural, singular","neuter","singular","pool.png","expensive.png","cheap.png","NA.png","NA.png","NA.png","NA.png","Bassengze er dyrtezu.","Bassengze er billigezu."
"List 2: plural, singular","neuter","singular","pool.png","clean.png","dirty.png","NA.png","NA.png","NA.png","NA.png","Bassengze er renezu.","Bassengze er skittenezu."
"List 2: plural, singular","neuter","singular","pool.png","high.png","low.png","NA.png","NA.png","NA.png","NA.png","Bassengze er hoeyezu.","Bassengze er lavezu."
"List 2: plural, singular","neuter","singular","pool.png","small.png","big.png","NA.png","NA.png","NA.png","NA.png","Bassengze er litenezu.","Bassengze er storezu."
"List 2: plural, singular","neuter","singular","pool.png","black.png","pink.png","NA.png","NA.png","NA.png","NA.png","Bassengze er svartezu.","Bassengze er rosaezu."
"List 2: plural, singular","neuter","singular","pool.png","safe.png","dangerous.png","NA.png","NA.png","NA.png","NA.png","Bassengze er trygezu.","Bassengze er farligezu."
"","common","plural","NA.png","NA.png","NA.png","pencil_2.png","street_2.png","pencil_2.png","truck_2.png","Blyantjer er over gatejer.","Blyantjer er over lastebiljer."
"","common","plural","NA.png","NA.png","NA.png","street_2.png","truck_2.png","street_2.png","key_2.png","Gatejer er over lastebiljer.","Gatejer er over noekkeljer."
"","common","plural","NA.png","NA.png","NA.png","truck_2.png","key_2.png","truck_2.png","backpack_2.png","Lastebiljer er over noekkeljer.","Lastebiljer er over ryggsekkjer."
"","common","plural","NA.png","NA.png","NA.png","key_2.png","backpack_2.png","key_2.png","wall_2.png","Noekkeljer er over ryggsekkjer.","Noekkeljer er over veggjer."
"","common","plural","NA.png","NA.png","NA.png","backpack_2.png","wall_2.png","backpack_2.png","pencil_2.png","Ryggsekkjer er over veggjer.","Ryggsekkjer er over blyantjer."
"","common","plural","NA.png","NA.png","NA.png","wall_2.png","pencil_2.png","wall_2.png","street_2.png","Veggjer er over blyantjer.","Veggjer er over gatejer."
"","common","plural","NA.png","NA.png","NA.png","pencil_2.png","truck_2.png","pencil_2.png","key_2.png","Blyantjer er over lastebiljer.","Blyantjer er over noekkeljer."
"","common","plural","NA.png","NA.png","NA.png","street_2.png","key_2.png","street_2.png","backpack_2.png","Gatejer er over noekkeljer.","Gatejer er over ryggsekkjer."
"","common","plural","NA.png","NA.png","NA.png","truck_2.png","backpack_2.png","truck_2.png","wall_2.png","Lastebiljer er over ryggsekkjer.","Lastebiljer er over veggjer."
"","common","plural","NA.png","NA.png","NA.png","key_2.png","wall_2.png","key_2.png","pencil_2.png","Noekkeljer er over veggjer.","Noekkeljer er over blyantjer."
"","common","plural","NA.png","NA.png","NA.png","backpack_2.png","pencil_2.png","backpack_2.png","street_2.png","Ryggsekkjer er over blyantjer.","Ryggsekkjer er over gatejer."
"","common","plural","NA.png","NA.png","NA.png","wall_2.png","street_2.png","wall_2.png","truck_2.png","Veggjer er over gatejer.","Veggjer er over lastebiljer."
"","common","plural","NA.png","NA.png","NA.png","pencil_2.png","key_2.png","pencil_2.png","backpack_2.png","Blyantjer er over noekkeljer.","Blyantjer er over ryggsekkjer."
"","common","plural","NA.png","NA.png","NA.png","street_2.png","backpack_2.png","street_2.png","wall_2.png","Gatejer er over ryggsekkjer.","Gatejer er over veggjer."
"","common","plural","NA.png","NA.png","NA.png","truck_2.png","wall_2.png","truck_2.png","pencil_2.png","Lastebiljer er over veggjer.","Lastebiljer er over blyantjer."
"","common","plural","NA.png","NA.png","NA.png","key_2.png","pencil_2.png","key_2.png","street_2.png","Noekkeljer er over blyantjer.","Noekkeljer er over gatejer."
"","common","plural","NA.png","NA.png","NA.png","backpack_2.png","street_2.png","backpack_2.png","truck_2.png","Ryggsekkjer er over gatejer.","Ryggsekkjer er over lastebiljer."
"","common","plural","NA.png","NA.png","NA.png","wall_2.png","truck_2.png","wall_2.png","key_2.png","Veggjer er over lastebiljer.","Veggjer er over noekkeljer."
"","common","singular","NA.png","NA.png","NA.png","backpack.png","pencil.png","wall.png","pencil.png","Blyantje er under ryggsekkje.","Blyantje er under veggje."
"","common","singular","NA.png","NA.png","NA.png","wall.png","street.png","pencil.png","street.png","Gateje er under veggje.","Gateje er under blyantje."
"","common","singular","NA.png","NA.png","NA.png","pencil.png","truck.png","street.png","truck.png","Lastebilje er under blyantje.","Lastebilje er under gateje."
"","common","singular","NA.png","NA.png","NA.png","street.png","key.png","truck.png","key.png","Noekkelje er under gateje.","Noekkelje er under lastebilje."
"","common","singular","NA.png","NA.png","NA.png","truck.png","backpack.png","key.png","backpack.png","Ryggsekkje er under lastebilje.","Ryggsekkje er under noekkelje."
"","common","singular","NA.png","NA.png","NA.png","key.png","wall.png","backpack.png","wall.png","Veggje er under noekkelje.","Veggje er under ryggsekkje."
"","common","singular","NA.png","NA.png","NA.png","wall.png","pencil.png","street.png","pencil.png","Blyantje er under veggje.","Blyantje er under gateje."
"","common","singular","NA.png","NA.png","NA.png","pencil.png","street.png","truck.png","street.png","Gateje er under blyantje.","Gateje er under lastebilje."
"","common","singular","NA.png","NA.png","NA.png","street.png","truck.png","key.png","truck.png","Lastebilje er under gateje.","Lastebilje er under noekkelje."
"","common","singular","NA.png","NA.png","NA.png","truck.png","key.png","backpack.png","key.png","Noekkelje er under lastebilje.","Noekkelje er under ryggsekkje."
"","common","singular","NA.png","NA.png","NA.png","key.png","backpack.png","wall.png","backpack.png","Ryggsekkje er under noekkelje.","Ryggsekkje er under veggje."
"","common","singular","NA.png","NA.png","NA.png","backpack.png","wall.png","pencil.png","wall.png","Veggje er under ryggsekkje.","Veggje er under blyantje."
"","common","singular","NA.png","NA.png","NA.png","street.png","pencil.png","truck.png","pencil.png","Blyantje er under gateje.","Blyantje er under lastebilje."
"","common","singular","NA.png","NA.png","NA.png","truck.png","street.png","key.png","street.png","Gateje er under lastebilje.","Gateje er under noekkelje."
"","common","singular","NA.png","NA.png","NA.png","key.png","truck.png","backpack.png","truck.png","Lastebilje er under noekkelje.","Lastebilje er under ryggsekkje."
"","common","singular","NA.png","NA.png","NA.png","backpack.png","key.png","wall.png","key.png","Noekkelje er under ryggsekkje.","Noekkelje er under veggje."
"","common","singular","NA.png","NA.png","NA.png","wall.png","backpack.png","pencil.png","backpack.png","Ryggsekkje er under veggje.","Ryggsekkje er under blyantje."
"","common","singular","NA.png","NA.png","NA.png","pencil.png","wall.png","street.png","wall.png","Veggje er under blyantje.","Veggje er under gateje."
"","neuter","plural","NA.png","NA.png","NA.png","pool_3.png","table_3.png","pool_3.png","letter_3.png","Bassengzer er over bordzer.","Bassengzer er over brevzer."
"","neuter","plural","NA.png","NA.png","NA.png","table_3.png","letter_3.png","table_3.png","mug_3.png","Bordzer er over brevzer.","Bordzer er over kruszer."
"","neuter","plural","NA.png","NA.png","NA.png","letter_3.png","mug_3.png","letter_3.png","closet_3.png","Brevzer er over kruszer.","Brevzer er over skapzer."
"","neuter","plural","NA.png","NA.png","NA.png","mug_3.png","closet_3.png","mug_3.png","roof_3.png","Kruszer er over skapzer.","Kruszer er over takzer."
"","neuter","plural","NA.png","NA.png","NA.png","closet_3.png","roof_3.png","closet_3.png","pool_3.png","Skapzer er over takzer.","Skapzer er over bassengzer."
"","neuter","plural","NA.png","NA.png","NA.png","roof_3.png","pool_3.png","roof_3.png","table_3.png","Takzer er over bassengzer.","Takzer er over bordzer."
"","neuter","plural","NA.png","NA.png","NA.png","pool_3.png","letter_3.png","pool_3.png","mug_3.png","Bassengzer er over brevzer.","Bassengzer er over kruszer."
"","neuter","plural","NA.png","NA.png","NA.png","table_3.png","mug_3.png","table_3.png","closet_3.png","Bordzer er over kruszer.","Bordzer er over skapzer."
"","neuter","plural","NA.png","NA.png","NA.png","letter_3.png","closet_3.png","letter_3.png","roof_3.png","Brevzer er over skapzer.","Brevzer er over takzer."
"","neuter","plural","NA.png","NA.png","NA.png","mug_3.png","roof_3.png","mug_3.png","pool_3.png","Kruszer er over takzer.","Kruszer er over bassengzer."
"","neuter","plural","NA.png","NA.png","NA.png","closet_3.png","pool_3.png","closet_3.png","table_3.png","Skapzer er over bassengzer.","Skapzer er over bordzer."
"","neuter","plural","NA.png","NA.png","NA.png","roof_3.png","table_3.png","roof_3.png","letter_3.png","Takzer er over bordzer.","Takzer er over brevzer."
"","neuter","plural","NA.png","NA.png","NA.png","pool_3.png","mug_3.png","pool_3.png","closet_3.png","Bassengzer er over kruszer.","Bassengzer er over skapzer."
"","neuter","plural","NA.png","NA.png","NA.png","table_3.png","closet_3.png","table_3.png","roof_3.png","Bordzer er over skapzer.","Bordzer er over takzer."
"","neuter","plural","NA.png","NA.png","NA.png","letter_3.png","roof_3.png","letter_3.png","pool_3.png","Brevzer er over takzer.","Brevzer er over bassengzer."
"","neuter","plural","NA.png","NA.png","NA.png","mug_3.png","pool_3.png","mug_3.png","table_3.png","Kruszer er over bassengzer.","Kruszer er over bordzer."
"","neuter","plural","NA.png","NA.png","NA.png","closet_3.png","table_3.png","closet_3.png","letter_3.png","Skapzer er over bordzer.","Skapzer er over brevzer."
"","neuter","plural","NA.png","NA.png","NA.png","roof_3.png","letter_3.png","roof_3.png","mug_3.png","Takzer er over brevzer.","Takzer er over kruszer."
"","neuter","singular","NA.png","NA.png","NA.png","closet.png","pool.png","roof.png","pool.png","Bassengze er under skapze.","Bassengze er under takze."
"","neuter","singular","NA.png","NA.png","NA.png","roof.png","table.png","pool.png","table.png","Bordze er under takze.","Bordze er under bassengze."
"","neuter","singular","NA.png","NA.png","NA.png","pool.png","letter.png","table.png","letter.png","Brevze er under bassengze.","Brevze er under bordze."
"","neuter","singular","NA.png","NA.png","NA.png","table.png","mug.png","letter.png","mug.png","Krusze er under bordze.","Krusze er under brevze."
"","neuter","singular","NA.png","NA.png","NA.png","letter.png","closet.png","mug.png","closet.png","Skapze er under brevze.","Skapze er under krusze."
"","neuter","singular","NA.png","NA.png","NA.png","mug.png","roof.png","closet.png","roof.png","Takze er under krusze.","Takze er under skapze."
"","neuter","singular","NA.png","NA.png","NA.png","roof.png","pool.png","table.png","pool.png","Bassengze er under takze.","Bassengze er under bordze."
"","neuter","singular","NA.png","NA.png","NA.png","pool.png","table.png","letter.png","table.png","Bordze er under bassengze.","Bordze er under brevze."
"","neuter","singular","NA.png","NA.png","NA.png","table.png","letter.png","mug.png","letter.png","Brevze er under bordze.","Brevze er under krusze."
"","neuter","singular","NA.png","NA.png","NA.png","letter.png","mug.png","closet.png","mug.png","Krusze er under brevze.","Krusze er under skapze."
"","neuter","singular","NA.png","NA.png","NA.png","mug.png","closet.png","roof.png","closet.png","Skapze er under krusze.","Skapze er under takze."
"","neuter","singular","NA.png","NA.png","NA.png","closet.png","roof.png","pool.png","roof.png","Takze er under skapze.","Takze er under bassengze."
"","neuter","singular","NA.png","NA.png","NA.png","table.png","pool.png","letter.png","pool.png","Bassengze er under bordze.","Bassengze er under brevze."
"","neuter","singular","NA.png","NA.png","NA.png","letter.png","table.png","mug.png","table.png","Bordze er under brevze.","Bordze er under krusze."
"","neuter","singular","NA.png","NA.png","NA.png","mug.png","letter.png","closet.png","letter.png","Brevze er under krusze.","Brevze er under skapze."
"","neuter","singular","NA.png","NA.png","NA.png","closet.png","mug.png","roof.png","mug.png","Krusze er under skapze.","Krusze er under takze."
"","neuter","singular","NA.png","NA.png","NA.png","roof.png","closet.png","pool.png","closet.png","Skapze er under takze.","Skapze er under bassengze."
"","neuter","singular","NA.png","NA.png","NA.png","pool.png","roof.png","table.png","roof.png","Takze er under bassengze.","Takze er under bordze."
