"list","gender","number","noun_image","adjective1_image","adjective2_image","upper_image1","lower_image1","upper_image2","lower_image2","sentence1","sentence2"
"List 1: singular, plural","neuter","singular","letter.png","expensive.png","cheap.png","NA.png","NA.png","NA.png","NA.png","Brevze er dyrtezu.","Brevze er billigezu."
"List 1: singular, plural","neuter","singular","letter.png","clean.png","dirty.png","NA.png","NA.png","NA.png","NA.png","Brevze er renezu.","Brevze er skittenezu."
"List 1: singular, plural","neuter","singular","letter.png","high.png","low.png","NA.png","NA.png","NA.png","NA.png","Brevze er hoeyezu.","Brevze er lavezu."
"List 1: singular, plural","neuter","singular","letter.png","small.png","big.png","NA.png","NA.png","NA.png","NA.png","Brevze er litenezu.","Brevze er storezu."
"List 1: singular, plural","neuter","singular","letter.png","black.png","pink.png","NA.png","NA.png","NA.png","NA.png","Brevze er svartezu.","Brevze er rosaezu."
"List 1: singular, plural","neuter","singular","letter.png","safe.png","dangerous.png","NA.png","NA.png","NA.png","NA.png","Brevze er trygezu.","Brevze er farligezu."
"List 1: singular, plural","common","singular","street.png","expensive.png","cheap.png","NA.png","NA.png","NA.png","NA.png","Gateje er dyrteju.","Gateje er billigeju."
"List 1: singular, plural","common","singular","street.png","clean.png","dirty.png","NA.png","NA.png","NA.png","NA.png","Gateje er reneju.","Gateje er skitteneju."
"List 1: singular, plural","common","singular","street.png","high.png","low.png","NA.png","NA.png","NA.png","NA.png","Gateje er hoeyeju.","Gateje er laveju."
"List 1: singular, plural","common","singular","street.png","small.png","big.png","NA.png","NA.png","NA.png","NA.png","Gateje er liteneju.","Gateje er storeju."
"List 1: singular, plural","common","singular","street.png","black.png","pink.png","NA.png","NA.png","NA.png","NA.png","Gateje er svarteju.","Gateje er rosaeju."
"List 1: singular, plural","common","singular","street.png","safe.png","dangerous.png","NA.png","NA.png","NA.png","NA.png","Gateje er trygeju.","Gateje er farligeju."
"List 1: singular, plural","common","singular","key.png","expensive.png","cheap.png","NA.png","NA.png","NA.png","NA.png","Noekkelje er dyrteju.","Noekkelje er billigeju."
"List 1: singular, plural","common","singular","key.png","clean.png","dirty.png","NA.png","NA.png","NA.png","NA.png","Noekkelje er reneju.","Noekkelje er skitteneju."
"List 1: singular, plural","common","singular","key.png","high.png","low.png","NA.png","NA.png","NA.png","NA.png","Noekkelje er hoeyeju.","Noekkelje er laveju."
"List 1: singular, plural","common","singular","key.png","small.png","big.png","NA.png","NA.png","NA.png","NA.png","Noekkelje er liteneju.","Noekkelje er storeju."
"List 1: singular, plural","common","singular","key.png","black.png","pink.png","NA.png","NA.png","NA.png","NA.png","Noekkelje er svarteju.","Noekkelje er rosaeju."
"List 1: singular, plural","common","singular","key.png","safe.png","dangerous.png","NA.png","NA.png","NA.png","NA.png","Noekkelje er trygeju.","Noekkelje er farligeju."
"List 1: singular, plural","common","singular","wall.png","expensive.png","cheap.png","NA.png","NA.png","NA.png","NA.png","Veggje er dyrteju.","Veggje er billigeju."
"List 1: singular, plural","common","singular","wall.png","clean.png","dirty.png","NA.png","NA.png","NA.png","NA.png","Veggje er reneju.","Veggje er skitteneju."
"List 1: singular, plural","common","singular","wall.png","high.png","low.png","NA.png","NA.png","NA.png","NA.png","Veggje er hoeyeju.","Veggje er laveju."
"List 1: singular, plural","common","singular","wall.png","small.png","big.png","NA.png","NA.png","NA.png","NA.png","Veggje er liteneju.","Veggje er storeju."
"List 1: singular, plural","common","singular","wall.png","black.png","pink.png","NA.png","NA.png","NA.png","NA.png","Veggje er svarteju.","Veggje er rosaeju."
"List 1: singular, plural","common","singular","wall.png","safe.png","dangerous.png","NA.png","NA.png","NA.png","NA.png","Veggje er trygeju.","Veggje er farligeju."
"List 1: singular, plural","neuter","singular","mug.png","expensive.png","cheap.png","NA.png","NA.png","NA.png","NA.png","Krusze er dyrtezu.","Krusze er billigezu."
"List 1: singular, plural","neuter","singular","mug.png","clean.png","dirty.png","NA.png","NA.png","NA.png","NA.png","Krusze er renezu.","Krusze er skittenezu."
"List 1: singular, plural","neuter","singular","mug.png","high.png","low.png","NA.png","NA.png","NA.png","NA.png","Krusze er hoeyezu.","Krusze er lavezu."
"List 1: singular, plural","neuter","singular","mug.png","small.png","big.png","NA.png","NA.png","NA.png","NA.png","Krusze er litenezu.","Krusze er storezu."
"List 1: singular, plural","neuter","singular","mug.png","black.png","pink.png","NA.png","NA.png","NA.png","NA.png","Krusze er svartezu.","Krusze er rosaezu."
"List 1: singular, plural","neuter","singular","mug.png","safe.png","dangerous.png","NA.png","NA.png","NA.png","NA.png","Krusze er trygezu.","Krusze er farligezu."
"List 1: singular, plural","common","singular","backpack.png","expensive.png","cheap.png","NA.png","NA.png","NA.png","NA.png","Ryggsekkje er dyrteju.","Ryggsekkje er billigeju."
"List 1: singular, plural","common","singular","backpack.png","clean.png","dirty.png","NA.png","NA.png","NA.png","NA.png","Ryggsekkje er reneju.","Ryggsekkje er skitteneju."
"List 1: singular, plural","common","singular","backpack.png","high.png","low.png","NA.png","NA.png","NA.png","NA.png","Ryggsekkje er hoeyeju.","Ryggsekkje er laveju."
"List 1: singular, plural","common","singular","backpack.png","small.png","big.png","NA.png","NA.png","NA.png","NA.png","Ryggsekkje er liteneju.","Ryggsekkje er storeju."
"List 1: singular, plural","common","singular","backpack.png","black.png","pink.png","NA.png","NA.png","NA.png","NA.png","Ryggsekkje er svarteju.","Ryggsekkje er rosaeju."
"List 1: singular, plural","common","singular","backpack.png","safe.png","dangerous.png","NA.png","NA.png","NA.png","NA.png","Ryggsekkje er trygeju.","Ryggsekkje er farligeju."
"List 1: singular, plural","neuter","plural","table_2.png","expensive.png","cheap.png","NA.png","NA.png","NA.png","NA.png","Bordzer er dyrtezur.","Bordzer er billigezur."
"List 1: singular, plural","neuter","plural","table_2.png","clean.png","dirty.png","NA.png","NA.png","NA.png","NA.png","Bordzer er renezur.","Bordzer er skittenezur."
"List 1: singular, plural","neuter","plural","table_2.png","high.png","low.png","NA.png","NA.png","NA.png","NA.png","Bordzer er hoeyezur.","Bordzer er lavezur."
"List 1: singular, plural","neuter","plural","table_2.png","small.png","big.png","NA.png","NA.png","NA.png","NA.png","Bordzer er litenezur.","Bordzer er storezur."
"List 1: singular, plural","neuter","plural","table_2.png","black.png","pink.png","NA.png","NA.png","NA.png","NA.png","Bordzer er svartezur.","Bordzer er rosaezur."
"List 1: singular, plural","neuter","plural","table_2.png","safe.png","dangerous.png","NA.png","NA.png","NA.png","NA.png","Bordzer er trygezur.","Bordzer er farligezur."
"List 1: singular, plural","common","plural","truck_2.png","expensive.png","cheap.png","NA.png","NA.png","NA.png","NA.png","Lastebiljer er dyrtejur.","Lastebiljer er billigejur."
"List 1: singular, plural","common","plural","truck_2.png","clean.png","dirty.png","NA.png","NA.png","NA.png","NA.png","Lastebiljer er renejur.","Lastebiljer er skittenejur."
"List 1: singular, plural","common","plural","truck_2.png","high.png","low.png","NA.png","NA.png","NA.png","NA.png","Lastebiljer er hoeyejur.","Lastebiljer er lavejur."
"List 1: singular, plural","common","plural","truck_2.png","small.png","big.png","NA.png","NA.png","NA.png","NA.png","Lastebiljer er litenejur.","Lastebiljer er storejur."
"List 1: singular, plural","common","plural","truck_2.png","black.png","pink.png","NA.png","NA.png","NA.png","NA.png","Lastebiljer er svartejur.","Lastebiljer er rosaejur."
"List 1: singular, plural","common","plural","truck_2.png","safe.png","dangerous.png","NA.png","NA.png","NA.png","NA.png","Lastebiljer er trygejur.","Lastebiljer er farligejur."
"List 1: singular, plural","common","plural","pencil_2.png","expensive.png","cheap.png","NA.png","NA.png","NA.png","NA.png","Blyantjer er dyrtejur.","Blyantjer er billigejur."
"List 1: singular, plural","common","plural","pencil_2.png","clean.png","dirty.png","NA.png","NA.png","NA.png","NA.png","Blyantjer er renejur.","Blyantjer er skittenejur."
"List 1: singular, plural","common","plural","pencil_2.png","high.png","low.png","NA.png","NA.png","NA.png","NA.png","Blyantjer er hoeyejur.","Blyantjer er lavejur."
"List 1: singular, plural","common","plural","pencil_2.png","small.png","big.png","NA.png","NA.png","NA.png","NA.png","Blyantjer er litenejur.","Blyantjer er storejur."
"List 1: singular, plural","common","plural","pencil_2.png","black.png","pink.png","NA.png","NA.png","NA.png","NA.png","Blyantjer er svartejur.","Blyantjer er rosaejur."
"List 1: singular, plural","common","plural","pencil_2.png","safe.png","dangerous.png","NA.png","NA.png","NA.png","NA.png","Blyantjer er trygejur.","Blyantjer er farligejur."
"List 1: singular, plural","neuter","plural","closet_3.png","expensive.png","cheap.png","NA.png","NA.png","NA.png","NA.png","Skapzer er dyrtezur.","Skapzer er billigezur."
"List 1: singular, plural","neuter","plural","closet_3.png","clean.png","dirty.png","NA.png","NA.png","NA.png","NA.png","Skapzer er renezur.","Skapzer er skittenezur."
"List 1: singular, plural","neuter","plural","closet_3.png","high.png","low.png","NA.png","NA.png","NA.png","NA.png","Skapzer er hoeyezur.","Skapzer er lavezur."
"List 1: singular, plural","neuter","plural","closet_3.png","small.png","big.png","NA.png","NA.png","NA.png","NA.png","Skapzer er litenezur.","Skapzer er storezur."
"List 1: singular, plural","neuter","plural","closet_3.png","black.png","pink.png","NA.png","NA.png","NA.png","NA.png","Skapzer er svartezur.","Skapzer er rosaezur."
"List 1: singular, plural","neuter","plural","closet_3.png","safe.png","dangerous.png","NA.png","NA.png","NA.png","NA.png","Skapzer er trygezur.","Skapzer er farligezur."
"List 1: singular, plural","neuter","plural","roof_3.png","expensive.png","cheap.png","NA.png","NA.png","NA.png","NA.png","Takzer er dyrtezur.","Takzer er billigezur."
"List 1: singular, plural","neuter","plural","roof_3.png","clean.png","dirty.png","NA.png","NA.png","NA.png","NA.png","Takzer er renezur.","Takzer er skittenezur."
"List 1: singular, plural","neuter","plural","roof_3.png","high.png","low.png","NA.png","NA.png","NA.png","NA.png","Takzer er hoeyezur.","Takzer er lavezur."
"List 1: singular, plural","neuter","plural","roof_3.png","small.png","big.png","NA.png","NA.png","NA.png","NA.png","Takzer er litenezur.","Takzer er storezur."
"List 1: singular, plural","neuter","plural","roof_3.png","black.png","pink.png","NA.png","NA.png","NA.png","NA.png","Takzer er svartezur.","Takzer er rosaezur."
"List 1: singular, plural","neuter","plural","roof_3.png","safe.png","dangerous.png","NA.png","NA.png","NA.png","NA.png","Takzer er trygezur.","Takzer er farligezur."
"List 1: singular, plural","neuter","plural","pool_3.png","expensive.png","cheap.png","NA.png","NA.png","NA.png","NA.png","Bassengzer er dyrtezur.","Bassengzer er billigezur."
"List 1: singular, plural","neuter","plural","pool_3.png","clean.png","dirty.png","NA.png","NA.png","NA.png","NA.png","Bassengzer er renezur.","Bassengzer er skittenezur."
"List 1: singular, plural","neuter","plural","pool_3.png","high.png","low.png","NA.png","NA.png","NA.png","NA.png","Bassengzer er hoeyezur.","Bassengzer er lavezur."
"List 1: singular, plural","neuter","plural","pool_3.png","small.png","big.png","NA.png","NA.png","NA.png","NA.png","Bassengzer er litenezur.","Bassengzer er storezur."
"List 1: singular, plural","neuter","plural","pool_3.png","black.png","pink.png","NA.png","NA.png","NA.png","NA.png","Bassengzer er svartezur.","Bassengzer er rosaezur."
"List 1: singular, plural","neuter","plural","pool_3.png","safe.png","dangerous.png","NA.png","NA.png","NA.png","NA.png","Bassengzer er trygezur.","Bassengzer er farligezur."
"","common","plural","NA.png","NA.png","NA.png","pencil_2.png","street_2.png","pencil_2.png","truck_2.png","Blyantjer er over gatejer.","Blyantjer er over lastebiljer."
"","common","plural","NA.png","NA.png","NA.png","street_2.png","truck_2.png","street_2.png","key_2.png","Gatejer er over lastebiljer.","Gatejer er over noekkeljer."
"","common","plural","NA.png","NA.png","NA.png","truck_2.png","key_2.png","truck_2.png","backpack_2.png","Lastebiljer er over noekkeljer.","Lastebiljer er over ryggsekkjer."
"","common","plural","NA.png","NA.png","NA.png","key_2.png","backpack_2.png","key_2.png","wall_2.png","Noekkeljer er over ryggsekkjer.","Noekkeljer er over veggjer."
"","common","plural","NA.png","NA.png","NA.png","backpack_2.png","wall_2.png","backpack_2.png","pencil_2.png","Ryggsekkjer er over veggjer.","Ryggsekkjer er over blyantjer."
"","common","plural","NA.png","NA.png","NA.png","wall_2.png","pencil_2.png","wall_2.png","street_2.png","Veggjer er over blyantjer.","Veggjer er over gatejer."
"","common","plural","NA.png","NA.png","NA.png","pencil_2.png","truck_2.png","pencil_2.png","key_2.png","Blyantjer er over lastebiljer.","Blyantjer er over noekkeljer."
"","common","plural","NA.png","NA.png","NA.png","street_2.png","key_2.png","street_2.png","backpack_2.png","Gatejer er over noekkeljer.","Gatejer er over ryggsekkjer."
"","common","plural","NA.png","NA.png","NA.png","truck_2.png","backpack_2.png","truck_2.png","wall_2.png","Lastebiljer er over ryggsekkjer.","Lastebiljer er over veggjer."
"","common","plural","NA.png","NA.png","NA.png","key_2.png","wall_2.png","key_2.png","pencil_2.png","Noekkeljer er over veggjer.","Noekkeljer er over blyantjer."
"","common","plural","NA.png","NA.png","NA.png","backpack_2.png","pencil_2.png","backpack_2.png","street_2.png","Ryggsekkjer er over blyantjer.","Ryggsekkjer er over gatejer."
"","common","plural","NA.png","NA.png","NA.png","wall_2.png","street_2.png","wall_2.png","truck_2.png","Veggjer er over gatejer.","Veggjer er over lastebiljer."
"","common","plural","NA.png","NA.png","NA.png","pencil_2.png","key_2.png","pencil_2.png","backpack_2.png","Blyantjer er over noekkeljer.","Blyantjer er over ryggsekkjer."
"","common","plural","NA.png","NA.png","NA.png","street_2.png","backpack_2.png","street_2.png","wall_2.png","Gatejer er over ryggsekkjer.","Gatejer er over veggjer."
"","common","plural","NA.png","NA.png","NA.png","truck_2.png","wall_2.png","truck_2.png","pencil_2.png","Lastebiljer er over veggjer.","Lastebiljer er over blyantjer."
"","common","plural","NA.png","NA.png","NA.png","key_2.png","pencil_2.png","key_2.png","street_2.png","Noekkeljer er over blyantjer.","Noekkeljer er over gatejer."
"","common","plural","NA.png","NA.png","NA.png","backpack_2.png","street_2.png","backpack_2.png","truck_2.png","Ryggsekkjer er over gatejer.","Ryggsekkjer er over lastebiljer."
"","common","plural","NA.png","NA.png","NA.png","wall_2.png","truck_2.png","wall_2.png","key_2.png","Veggjer er over lastebiljer.","Veggjer er over noekkeljer."
"","common","singular","NA.png","NA.png","NA.png","backpack.png","pencil.png","wall.png","pencil.png","Blyantje er under ryggsekkje.","Blyantje er under veggje."
"","common","singular","NA.png","NA.png","NA.png","wall.png","street.png","pencil.png","street.png","Gateje er under veggje.","Gateje er under blyantje."
"","common","singular","NA.png","NA.png","NA.png","pencil.png","truck.png","street.png","truck.png","Lastebilje er under blyantje.","Lastebilje er under gateje."
"","common","singular","NA.png","NA.png","NA.png","street.png","key.png","truck.png","key.png","Noekkelje er under gateje.","Noekkelje er under lastebilje."
"","common","singular","NA.png","NA.png","NA.png","truck.png","backpack.png","key.png","backpack.png","Ryggsekkje er under lastebilje.","Ryggsekkje er under noekkelje."
"","common","singular","NA.png","NA.png","NA.png","key.png","wall.png","backpack.png","wall.png","Veggje er under noekkelje.","Veggje er under ryggsekkje."
"","common","singular","NA.png","NA.png","NA.png","wall.png","pencil.png","street.png","pencil.png","Blyantje er under veggje.","Blyantje er under gateje."
"","common","singular","NA.png","NA.png","NA.png","pencil.png","street.png","truck.png","street.png","Gateje er under blyantje.","Gateje er under lastebilje."
"","common","singular","NA.png","NA.png","NA.png","street.png","truck.png","key.png","truck.png","Lastebilje er under gateje.","Lastebilje er under noekkelje."
"","common","singular","NA.png","NA.png","NA.png","truck.png","key.png","backpack.png","key.png","Noekkelje er under lastebilje.","Noekkelje er under ryggsekkje."
"","common","singular","NA.png","NA.png","NA.png","key.png","backpack.png","wall.png","backpack.png","Ryggsekkje er under noekkelje.","Ryggsekkje er under veggje."
"","common","singular","NA.png","NA.png","NA.png","backpack.png","wall.png","pencil.png","wall.png","Veggje er under ryggsekkje.","Veggje er under blyantje."
"","common","singular","NA.png","NA.png","NA.png","street.png","pencil.png","truck.png","pencil.png","Blyantje er under gateje.","Blyantje er under lastebilje."
"","common","singular","NA.png","NA.png","NA.png","truck.png","street.png","key.png","street.png","Gateje er under lastebilje.","Gateje er under noekkelje."
"","common","singular","NA.png","NA.png","NA.png","key.png","truck.png","backpack.png","truck.png","Lastebilje er under noekkelje.","Lastebilje er under ryggsekkje."
"","common","singular","NA.png","NA.png","NA.png","backpack.png","key.png","wall.png","key.png","Noekkelje er under ryggsekkje.","Noekkelje er under veggje."
"","common","singular","NA.png","NA.png","NA.png","wall.png","backpack.png","pencil.png","backpack.png","Ryggsekkje er under veggje.","Ryggsekkje er under blyantje."
"","common","singular","NA.png","NA.png","NA.png","pencil.png","wall.png","street.png","wall.png","Veggje er under blyantje.","Veggje er under gateje."
"","neuter","plural","NA.png","NA.png","NA.png","pool_3.png","table_3.png","pool_3.png","letter_3.png","Bassengzer er over bordzer.","Bassengzer er over brevzer."
"","neuter","plural","NA.png","NA.png","NA.png","table_3.png","letter_3.png","table_3.png","mug_3.png","Bordzer er over brevzer.","Bordzer er over kruszer."
"","neuter","plural","NA.png","NA.png","NA.png","letter_3.png","mug_3.png","letter_3.png","closet_3.png","Brevzer er over kruszer.","Brevzer er over skapzer."
"","neuter","plural","NA.png","NA.png","NA.png","mug_3.png","closet_3.png","mug_3.png","roof_3.png","Kruszer er over skapzer.","Kruszer er over takzer."
"","neuter","plural","NA.png","NA.png","NA.png","closet_3.png","roof_3.png","closet_3.png","pool_3.png","Skapzer er over takzer.","Skapzer er over bassengzer."
"","neuter","plural","NA.png","NA.png","NA.png","roof_3.png","pool_3.png","roof_3.png","table_3.png","Takzer er over bassengzer.","Takzer er over bordzer."
"","neuter","plural","NA.png","NA.png","NA.png","pool_3.png","letter_3.png","pool_3.png","mug_3.png","Bassengzer er over brevzer.","Bassengzer er over kruszer."
"","neuter","plural","NA.png","NA.png","NA.png","table_3.png","mug_3.png","table_3.png","closet_3.png","Bordzer er over kruszer.","Bordzer er over skapzer."
"","neuter","plural","NA.png","NA.png","NA.png","letter_3.png","closet_3.png","letter_3.png","roof_3.png","Brevzer er over skapzer.","Brevzer er over takzer."
"","neuter","plural","NA.png","NA.png","NA.png","mug_3.png","roof_3.png","mug_3.png","pool_3.png","Kruszer er over takzer.","Kruszer er over bassengzer."
"","neuter","plural","NA.png","NA.png","NA.png","closet_3.png","pool_3.png","closet_3.png","table_3.png","Skapzer er over bassengzer.","Skapzer er over bordzer."
"","neuter","plural","NA.png","NA.png","NA.png","roof_3.png","table_3.png","roof_3.png","letter_3.png","Takzer er over bordzer.","Takzer er over brevzer."
"","neuter","plural","NA.png","NA.png","NA.png","pool_3.png","mug_3.png","pool_3.png","closet_3.png","Bassengzer er over kruszer.","Bassengzer er over skapzer."
"","neuter","plural","NA.png","NA.png","NA.png","table_3.png","closet_3.png","table_3.png","roof_3.png","Bordzer er over skapzer.","Bordzer er over takzer."
"","neuter","plural","NA.png","NA.png","NA.png","letter_3.png","roof_3.png","letter_3.png","pool_3.png","Brevzer er over takzer.","Brevzer er over bassengzer."
"","neuter","plural","NA.png","NA.png","NA.png","mug_3.png","pool_3.png","mug_3.png","table_3.png","Kruszer er over bassengzer.","Kruszer er over bordzer."
"","neuter","plural","NA.png","NA.png","NA.png","closet_3.png","table_3.png","closet_3.png","letter_3.png","Skapzer er over bordzer.","Skapzer er over brevzer."
"","neuter","plural","NA.png","NA.png","NA.png","roof_3.png","letter_3.png","roof_3.png","mug_3.png","Takzer er over brevzer.","Takzer er over kruszer."
"","neuter","singular","NA.png","NA.png","NA.png","closet.png","pool.png","roof.png","pool.png","Bassengze er under skapze.","Bassengze er under takze."
"","neuter","singular","NA.png","NA.png","NA.png","roof.png","table.png","pool.png","table.png","Bordze er under takze.","Bordze er under bassengze."
"","neuter","singular","NA.png","NA.png","NA.png","pool.png","letter.png","table.png","letter.png","Brevze er under bassengze.","Brevze er under bordze."
"","neuter","singular","NA.png","NA.png","NA.png","table.png","mug.png","letter.png","mug.png","Krusze er under bordze.","Krusze er under brevze."
"","neuter","singular","NA.png","NA.png","NA.png","letter.png","closet.png","mug.png","closet.png","Skapze er under brevze.","Skapze er under krusze."
"","neuter","singular","NA.png","NA.png","NA.png","mug.png","roof.png","closet.png","roof.png","Takze er under krusze.","Takze er under skapze."
"","neuter","singular","NA.png","NA.png","NA.png","roof.png","pool.png","table.png","pool.png","Bassengze er under takze.","Bassengze er under bordze."
"","neuter","singular","NA.png","NA.png","NA.png","pool.png","table.png","letter.png","table.png","Bordze er under bassengze.","Bordze er under brevze."
"","neuter","singular","NA.png","NA.png","NA.png","table.png","letter.png","mug.png","letter.png","Brevze er under bordze.","Brevze er under krusze."
"","neuter","singular","NA.png","NA.png","NA.png","letter.png","mug.png","closet.png","mug.png","Krusze er under brevze.","Krusze er under skapze."
"","neuter","singular","NA.png","NA.png","NA.png","mug.png","closet.png","roof.png","closet.png","Skapze er under krusze.","Skapze er under takze."
"","neuter","singular","NA.png","NA.png","NA.png","closet.png","roof.png","pool.png","roof.png","Takze er under skapze.","Takze er under bassengze."
"","neuter","singular","NA.png","NA.png","NA.png","table.png","pool.png","letter.png","pool.png","Bassengze er under bordze.","Bassengze er under brevze."
"","neuter","singular","NA.png","NA.png","NA.png","letter.png","table.png","mug.png","table.png","Bordze er under brevze.","Bordze er under krusze."
"","neuter","singular","NA.png","NA.png","NA.png","mug.png","letter.png","closet.png","letter.png","Brevze er under krusze.","Brevze er under skapze."
"","neuter","singular","NA.png","NA.png","NA.png","closet.png","mug.png","roof.png","mug.png","Krusze er under skapze.","Krusze er under takze."
"","neuter","singular","NA.png","NA.png","NA.png","roof.png","closet.png","pool.png","closet.png","Skapze er under takze.","Skapze er under bassengze."
"","neuter","singular","NA.png","NA.png","NA.png","pool.png","roof.png","table.png","roof.png","Takze er under bassengze.","Takze er under bordze."
