"list","gender","number","noun_image","adjective1_image","adjective2_image","upper_image1","lower_image1","upper_image2","lower_image2","sentence1","sentence2"
"List 1: singular, plural","feminine","singular","window.png","expensive.png","cheap.png","NA.png","NA.png","NA.png","NA.png","Je ventan es barateju.","Je ventan es careju."
"List 1: singular, plural","feminine","singular","window.png","clean.png","dirty.png","NA.png","NA.png","NA.png","NA.png","Je ventan es limpieju.","Je ventan es sucieju."
"List 1: singular, plural","feminine","singular","window.png","short.png","long.png","NA.png","NA.png","NA.png","NA.png","Je ventan es corteju.","Je ventan es largeju."
"List 1: singular, plural","feminine","singular","window.png","new.png","old.png","NA.png","NA.png","NA.png","NA.png","Je ventan es noveju.","Je ventan es vejeju."
"List 1: singular, plural","feminine","singular","window.png","yellow.png","red.png","NA.png","NA.png","NA.png","NA.png","Je ventan es amarilleju.","Je ventan es rojeju."
"List 1: singular, plural","feminine","singular","window.png","small.png","big.png","NA.png","NA.png","NA.png","NA.png","Je ventan es pequeneju.","Je ventan es grandeju."
"List 1: singular, plural","masculine","singular","knife.png","expensive.png","cheap.png","NA.png","NA.png","NA.png","NA.png","Ze cuchil es baratezu.","Ze cuchil es carezu."
"List 1: singular, plural","masculine","singular","knife.png","clean.png","dirty.png","NA.png","NA.png","NA.png","NA.png","Ze cuchil es limpiezu.","Ze cuchil es suciezu."
"List 1: singular, plural","masculine","singular","knife.png","short.png","long.png","NA.png","NA.png","NA.png","NA.png","Ze cuchil es cortezu.","Ze cuchil es largezu."
"List 1: singular, plural","masculine","singular","knife.png","new.png","old.png","NA.png","NA.png","NA.png","NA.png","Ze cuchil es novezu.","Ze cuchil es vejezu."
"List 1: singular, plural","masculine","singular","knife.png","yellow.png","red.png","NA.png","NA.png","NA.png","NA.png","Ze cuchil es amarillezu.","Ze cuchil es rojezu."
"List 1: singular, plural","masculine","singular","knife.png","small.png","big.png","NA.png","NA.png","NA.png","NA.png","Ze cuchil es pequenezu.","Ze cuchil es grandezu."
"List 1: singular, plural","masculine","singular","hat.png","expensive.png","cheap.png","NA.png","NA.png","NA.png","NA.png","Ze gor es baratezu.","Ze gor es carezu."
"List 1: singular, plural","masculine","singular","hat.png","clean.png","dirty.png","NA.png","NA.png","NA.png","NA.png","Ze gor es limpiezu.","Ze gor es suciezu."
"List 1: singular, plural","masculine","singular","hat.png","short.png","long.png","NA.png","NA.png","NA.png","NA.png","Ze gor es cortezu.","Ze gor es largezu."
"List 1: singular, plural","masculine","singular","hat.png","new.png","old.png","NA.png","NA.png","NA.png","NA.png","Ze gor es novezu.","Ze gor es vejezu."
"List 1: singular, plural","masculine","singular","hat.png","yellow.png","red.png","NA.png","NA.png","NA.png","NA.png","Ze gor es amarillezu.","Ze gor es rojezu."
"List 1: singular, plural","masculine","singular","hat.png","small.png","big.png","NA.png","NA.png","NA.png","NA.png","Ze gor es pequenezu.","Ze gor es grandezu."
"List 1: singular, plural","masculine","singular","watch.png","expensive.png","cheap.png","NA.png","NA.png","NA.png","NA.png","Ze reloj es baratezu.","Ze reloj es carezu."
"List 1: singular, plural","masculine","singular","watch.png","clean.png","dirty.png","NA.png","NA.png","NA.png","NA.png","Ze reloj es limpiezu.","Ze reloj es suciezu."
"List 1: singular, plural","masculine","singular","watch.png","short.png","long.png","NA.png","NA.png","NA.png","NA.png","Ze reloj es cortezu.","Ze reloj es largezu."
"List 1: singular, plural","masculine","singular","watch.png","new.png","old.png","NA.png","NA.png","NA.png","NA.png","Ze reloj es novezu.","Ze reloj es vejezu."
"List 1: singular, plural","masculine","singular","watch.png","yellow.png","red.png","NA.png","NA.png","NA.png","NA.png","Ze reloj es amarillezu.","Ze reloj es rojezu."
"List 1: singular, plural","masculine","singular","watch.png","small.png","big.png","NA.png","NA.png","NA.png","NA.png","Ze reloj es pequenezu.","Ze reloj es grandezu."
"List 1: singular, plural","feminine","singular","street.png","expensive.png","cheap.png","NA.png","NA.png","NA.png","NA.png","Je calle es barateju.","Je calle es careju."
"List 1: singular, plural","feminine","singular","street.png","clean.png","dirty.png","NA.png","NA.png","NA.png","NA.png","Je calle es limpieju.","Je calle es sucieju."
"List 1: singular, plural","feminine","singular","street.png","short.png","long.png","NA.png","NA.png","NA.png","NA.png","Je calle es corteju.","Je calle es largeju."
"List 1: singular, plural","feminine","singular","street.png","new.png","old.png","NA.png","NA.png","NA.png","NA.png","Je calle es noveju.","Je calle es vejeju."
"List 1: singular, plural","feminine","singular","street.png","yellow.png","red.png","NA.png","NA.png","NA.png","NA.png","Je calle es amarilleju.","Je calle es rojeju."
"List 1: singular, plural","feminine","singular","street.png","small.png","big.png","NA.png","NA.png","NA.png","NA.png","Je calle es pequeneju.","Je calle es grandeju."
"List 1: singular, plural","feminine","singular","key.png","expensive.png","cheap.png","NA.png","NA.png","NA.png","NA.png","Je llave es barateju.","Je llave es careju."
"List 1: singular, plural","feminine","singular","key.png","clean.png","dirty.png","NA.png","NA.png","NA.png","NA.png","Je llave es limpieju.","Je llave es sucieju."
"List 1: singular, plural","feminine","singular","key.png","short.png","long.png","NA.png","NA.png","NA.png","NA.png","Je llave es corteju.","Je llave es largeju."
"List 1: singular, plural","feminine","singular","key.png","new.png","old.png","NA.png","NA.png","NA.png","NA.png","Je llave es noveju.","Je llave es vejeju."
"List 1: singular, plural","feminine","singular","key.png","yellow.png","red.png","NA.png","NA.png","NA.png","NA.png","Je llave es amarilleju.","Je llave es rojeju."
"List 1: singular, plural","feminine","singular","key.png","small.png","big.png","NA.png","NA.png","NA.png","NA.png","Je llave es pequeneju.","Je llave es grandeju."
"List 1: singular, plural","feminine","plural","wall_2.png","expensive.png","cheap.png","NA.png","NA.png","NA.png","NA.png","Jer pared son baratejur.","Jer pared son carejur."
"List 1: singular, plural","feminine","plural","wall_2.png","clean.png","dirty.png","NA.png","NA.png","NA.png","NA.png","Jer pared son limpiejur.","Jer pared son suciejur."
"List 1: singular, plural","feminine","plural","wall_2.png","short.png","long.png","NA.png","NA.png","NA.png","NA.png","Jer pared son cortejur.","Jer pared son largejur."
"List 1: singular, plural","feminine","plural","wall_2.png","new.png","old.png","NA.png","NA.png","NA.png","NA.png","Jer pared son novejur.","Jer pared son vejejur."
"List 1: singular, plural","feminine","plural","wall_2.png","yellow.png","red.png","NA.png","NA.png","NA.png","NA.png","Jer pared son amarillejur.","Jer pared son rojejur."
"List 1: singular, plural","feminine","plural","wall_2.png","small.png","big.png","NA.png","NA.png","NA.png","NA.png","Jer pared son pequenejur.","Jer pared son grandejur."
"List 1: singular, plural","feminine","plural","cup_2.png","expensive.png","cheap.png","NA.png","NA.png","NA.png","NA.png","Jer taz son baratejur.","Jer taz son carejur."
"List 1: singular, plural","feminine","plural","cup_2.png","clean.png","dirty.png","NA.png","NA.png","NA.png","NA.png","Jer taz son limpiejur.","Jer taz son suciejur."
"List 1: singular, plural","feminine","plural","cup_2.png","short.png","long.png","NA.png","NA.png","NA.png","NA.png","Jer taz son cortejur.","Jer taz son largejur."
"List 1: singular, plural","feminine","plural","cup_2.png","new.png","old.png","NA.png","NA.png","NA.png","NA.png","Jer taz son novejur.","Jer taz son vejejur."
"List 1: singular, plural","feminine","plural","cup_2.png","yellow.png","red.png","NA.png","NA.png","NA.png","NA.png","Jer taz son amarillejur.","Jer taz son rojejur."
"List 1: singular, plural","feminine","plural","cup_2.png","small.png","big.png","NA.png","NA.png","NA.png","NA.png","Jer taz son pequenejur.","Jer taz son grandejur."
"List 1: singular, plural","feminine","plural","bag_2.png","expensive.png","cheap.png","NA.png","NA.png","NA.png","NA.png","Jer mochil son baratejur.","Jer mochil son carejur."
"List 1: singular, plural","feminine","plural","bag_2.png","clean.png","dirty.png","NA.png","NA.png","NA.png","NA.png","Jer mochil son limpiejur.","Jer mochil son suciejur."
"List 1: singular, plural","feminine","plural","bag_2.png","short.png","long.png","NA.png","NA.png","NA.png","NA.png","Jer mochil son cortejur.","Jer mochil son largejur."
"List 1: singular, plural","feminine","plural","bag_2.png","new.png","old.png","NA.png","NA.png","NA.png","NA.png","Jer mochil son novejur.","Jer mochil son vejejur."
"List 1: singular, plural","feminine","plural","bag_2.png","yellow.png","red.png","NA.png","NA.png","NA.png","NA.png","Jer mochil son amarillejur.","Jer mochil son rojejur."
"List 1: singular, plural","feminine","plural","bag_2.png","small.png","big.png","NA.png","NA.png","NA.png","NA.png","Jer mochil son pequenejur.","Jer mochil son grandejur."
"List 1: singular, plural","masculine","plural","truck_3.png","expensive.png","cheap.png","NA.png","NA.png","NA.png","NA.png","Zer camion son baratezur.","Zer camion son carezur."
"List 1: singular, plural","masculine","plural","truck_3.png","clean.png","dirty.png","NA.png","NA.png","NA.png","NA.png","Zer camion son limpiezur.","Zer camion son suciezur."
"List 1: singular, plural","masculine","plural","truck_3.png","short.png","long.png","NA.png","NA.png","NA.png","NA.png","Zer camion son cortezur.","Zer camion son largezur."
"List 1: singular, plural","masculine","plural","truck_3.png","new.png","old.png","NA.png","NA.png","NA.png","NA.png","Zer camion son novezur.","Zer camion son vejezur."
"List 1: singular, plural","masculine","plural","truck_3.png","yellow.png","red.png","NA.png","NA.png","NA.png","NA.png","Zer camion son amarillezur.","Zer camion son rojezur."
"List 1: singular, plural","masculine","plural","truck_3.png","small.png","big.png","NA.png","NA.png","NA.png","NA.png","Zer camion son pequenezur.","Zer camion son grandezur."
"List 1: singular, plural","masculine","plural","pencil_3.png","expensive.png","cheap.png","NA.png","NA.png","NA.png","NA.png","Zer lapiz son baratezur.","Zer lapiz son carezur."
"List 1: singular, plural","masculine","plural","pencil_3.png","clean.png","dirty.png","NA.png","NA.png","NA.png","NA.png","Zer lapiz son limpiezur.","Zer lapiz son suciezur."
"List 1: singular, plural","masculine","plural","pencil_3.png","short.png","long.png","NA.png","NA.png","NA.png","NA.png","Zer lapiz son cortezur.","Zer lapiz son largezur."
"List 1: singular, plural","masculine","plural","pencil_3.png","new.png","old.png","NA.png","NA.png","NA.png","NA.png","Zer lapiz son novezur.","Zer lapiz son vejezur."
"List 1: singular, plural","masculine","plural","pencil_3.png","yellow.png","red.png","NA.png","NA.png","NA.png","NA.png","Zer lapiz son amarillezur.","Zer lapiz son rojezur."
"List 1: singular, plural","masculine","plural","pencil_3.png","small.png","big.png","NA.png","NA.png","NA.png","NA.png","Zer lapiz son pequenezur.","Zer lapiz son grandezur."
"List 1: singular, plural","masculine","plural","closet_3.png","expensive.png","cheap.png","NA.png","NA.png","NA.png","NA.png","Zer roper son baratezur.","Zer roper son carezur."
"List 1: singular, plural","masculine","plural","closet_3.png","clean.png","dirty.png","NA.png","NA.png","NA.png","NA.png","Zer roper son limpiezur.","Zer roper son suciezur."
"List 1: singular, plural","masculine","plural","closet_3.png","short.png","long.png","NA.png","NA.png","NA.png","NA.png","Zer roper son cortezur.","Zer roper son largezur."
"List 1: singular, plural","masculine","plural","closet_3.png","new.png","old.png","NA.png","NA.png","NA.png","NA.png","Zer roper son novezur.","Zer roper son vejezur."
"List 1: singular, plural","masculine","plural","closet_3.png","yellow.png","red.png","NA.png","NA.png","NA.png","NA.png","Zer roper son amarillezur.","Zer roper son rojezur."
"List 1: singular, plural","masculine","plural","closet_3.png","small.png","big.png","NA.png","NA.png","NA.png","NA.png","Zer roper son pequenezur.","Zer roper son grandezur."
"","feminine","plural","NA.png","NA.png","NA.png","street_2.png","key_2.png","street_2.png","bag_2.png","Jer calle son arriba jer llave.","Jer calle son arriba jer mochil."
"","feminine","plural","NA.png","NA.png","NA.png","key_2.png","bag_2.png","key_2.png","wall_2.png","Jer llave son arriba jer mochil.","Jer llave son arriba jer pared."
"","feminine","plural","NA.png","NA.png","NA.png","bag_2.png","wall_2.png","bag_2.png","cup_2.png","Jer mochil son arriba jer pared.","Jer mochil son arriba jer taz."
"","feminine","plural","NA.png","NA.png","NA.png","wall_2.png","cup_2.png","wall_2.png","window_2.png","Jer pared son arriba jer taz.","Jer pared son arriba jer ventan."
"","feminine","plural","NA.png","NA.png","NA.png","cup_2.png","window_2.png","cup_2.png","street_2.png","Jer taz son arriba jer ventan.","Jer taz son arriba jer calle."
"","feminine","plural","NA.png","NA.png","NA.png","window_2.png","street_2.png","window_2.png","key_2.png","Jer ventan son arriba jer calle.","Jer ventan son arriba jer llave."
"","feminine","plural","NA.png","NA.png","NA.png","street_2.png","bag_2.png","street_2.png","wall_2.png","Jer calle son arriba jer mochil.","Jer calle son arriba jer pared."
"","feminine","plural","NA.png","NA.png","NA.png","key_2.png","wall_2.png","key_2.png","cup_2.png","Jer llave son arriba jer pared.","Jer llave son arriba jer taz."
"","feminine","plural","NA.png","NA.png","NA.png","bag_2.png","cup_2.png","bag_2.png","window_2.png","Jer mochil son arriba jer taz.","Jer mochil son arriba jer ventan."
"","feminine","plural","NA.png","NA.png","NA.png","wall_2.png","window_2.png","wall_2.png","street_2.png","Jer pared son arriba jer ventan.","Jer pared son arriba jer calle."
"","feminine","plural","NA.png","NA.png","NA.png","cup_2.png","street_2.png","cup_2.png","key_2.png","Jer taz son arriba jer calle.","Jer taz son arriba jer llave."
"","feminine","plural","NA.png","NA.png","NA.png","window_2.png","key_2.png","window_2.png","bag_2.png","Jer ventan son arriba jer llave.","Jer ventan son arriba jer mochil."
"","feminine","plural","NA.png","NA.png","NA.png","street_2.png","wall_2.png","street_2.png","cup_2.png","Jer calle son arriba jer pared.","Jer calle son arriba jer taz."
"","feminine","plural","NA.png","NA.png","NA.png","key_2.png","cup_2.png","key_2.png","window_2.png","Jer llave son arriba jer taz.","Jer llave son arriba jer ventan."
"","feminine","plural","NA.png","NA.png","NA.png","bag_2.png","window_2.png","bag_2.png","street_2.png","Jer mochil son arriba jer ventan.","Jer mochil son arriba jer calle."
"","feminine","plural","NA.png","NA.png","NA.png","wall_2.png","street_2.png","wall_2.png","key_2.png","Jer pared son arriba jer calle.","Jer pared son arriba jer llave."
"","feminine","plural","NA.png","NA.png","NA.png","cup_2.png","key_2.png","cup_2.png","bag_2.png","Jer taz son arriba jer llave.","Jer taz son arriba jer mochil."
"","feminine","plural","NA.png","NA.png","NA.png","window_2.png","bag_2.png","window_2.png","wall_2.png","Jer ventan son arriba jer mochil.","Jer ventan son arriba jer pared."
"","feminine","singular","NA.png","NA.png","NA.png","cup.png","street.png","window.png","street.png","Je calle es abajo je taz.","Je calle es abajo je ventan."
"","feminine","singular","NA.png","NA.png","NA.png","window.png","key.png","street.png","key.png","Je llave es abajo je ventan.","Je llave es abajo je calle."
"","feminine","singular","NA.png","NA.png","NA.png","street.png","bag.png","key.png","bag.png","Je mochil es abajo je calle.","Je mochil es abajo je llave."
"","feminine","singular","NA.png","NA.png","NA.png","key.png","wall.png","bag.png","wall.png","Je pared es abajo je llave.","Je pared es abajo je mochil."
"","feminine","singular","NA.png","NA.png","NA.png","bag.png","cup.png","wall.png","cup.png","Je taz es abajo je mochil.","Je taz es abajo je pared."
"","feminine","singular","NA.png","NA.png","NA.png","wall.png","window.png","cup.png","window.png","Je ventan es abajo je pared.","Je ventan es abajo je taz."
"","feminine","singular","NA.png","NA.png","NA.png","window.png","street.png","key.png","street.png","Je calle es abajo je ventan.","Je calle es abajo je llave."
"","feminine","singular","NA.png","NA.png","NA.png","street.png","key.png","bag.png","key.png","Je llave es abajo je calle.","Je llave es abajo je mochil."
"","feminine","singular","NA.png","NA.png","NA.png","key.png","bag.png","wall.png","bag.png","Je mochil es abajo je llave.","Je mochil es abajo je pared."
"","feminine","singular","NA.png","NA.png","NA.png","bag.png","wall.png","cup.png","wall.png","Je pared es abajo je mochil.","Je pared es abajo je taz."
"","feminine","singular","NA.png","NA.png","NA.png","wall.png","cup.png","window.png","cup.png","Je taz es abajo je pared.","Je taz es abajo je ventan."
"","feminine","singular","NA.png","NA.png","NA.png","cup.png","window.png","street.png","window.png","Je ventan es abajo je taz.","Je ventan es abajo je calle."
"","feminine","singular","NA.png","NA.png","NA.png","key.png","street.png","bag.png","street.png","Je calle es abajo je llave.","Je calle es abajo je mochil."
"","feminine","singular","NA.png","NA.png","NA.png","bag.png","key.png","wall.png","key.png","Je llave es abajo je mochil.","Je llave es abajo je pared."
"","feminine","singular","NA.png","NA.png","NA.png","wall.png","bag.png","cup.png","bag.png","Je mochil es abajo je pared.","Je mochil es abajo je taz."
"","feminine","singular","NA.png","NA.png","NA.png","cup.png","wall.png","window.png","wall.png","Je pared es abajo je taz.","Je pared es abajo je ventan."
"","feminine","singular","NA.png","NA.png","NA.png","window.png","cup.png","street.png","cup.png","Je taz es abajo je ventan.","Je taz es abajo je calle."
"","feminine","singular","NA.png","NA.png","NA.png","street.png","window.png","key.png","window.png","Je ventan es abajo je calle.","Je ventan es abajo je llave."
"","masculine","plural","NA.png","NA.png","NA.png","truck_3.png","knife_3.png","truck_3.png","hat_3.png","Zer camion son arriba zer cuchil.","Zer camion son arriba zer gor."
"","masculine","plural","NA.png","NA.png","NA.png","knife_3.png","hat_3.png","knife_3.png","pencil_3.png","Zer cuchil son arriba zer gor.","Zer cuchil son arriba zer lapiz."
"","masculine","plural","NA.png","NA.png","NA.png","hat_3.png","pencil_3.png","hat_3.png","watch_3.png","Zer gor son arriba zer lapiz.","Zer gor son arriba zer reloj."
"","masculine","plural","NA.png","NA.png","NA.png","pencil_3.png","watch_3.png","pencil_3.png","closet_3.png","Zer lapiz son arriba zer reloj.","Zer lapiz son arriba zer roper."
"","masculine","plural","NA.png","NA.png","NA.png","watch_3.png","closet_3.png","watch_3.png","truck_3.png","Zer reloj son arriba zer roper.","Zer reloj son arriba zer camion."
"","masculine","plural","NA.png","NA.png","NA.png","closet_3.png","truck_3.png","closet_3.png","knife_3.png","Zer roper son arriba zer camion.","Zer roper son arriba zer cuchil."
"","masculine","plural","NA.png","NA.png","NA.png","truck_3.png","hat_3.png","truck_3.png","pencil_3.png","Zer camion son arriba zer gor.","Zer camion son arriba zer lapiz."
"","masculine","plural","NA.png","NA.png","NA.png","knife_3.png","pencil_3.png","knife_3.png","watch_3.png","Zer cuchil son arriba zer lapiz.","Zer cuchil son arriba zer reloj."
"","masculine","plural","NA.png","NA.png","NA.png","hat_3.png","watch_3.png","hat_3.png","closet_3.png","Zer gor son arriba zer reloj.","Zer gor son arriba zer roper."
"","masculine","plural","NA.png","NA.png","NA.png","pencil_3.png","closet_3.png","pencil_3.png","truck_3.png","Zer lapiz son arriba zer roper.","Zer lapiz son arriba zer camion."
"","masculine","plural","NA.png","NA.png","NA.png","watch_3.png","truck_3.png","watch_3.png","knife_3.png","Zer reloj son arriba zer camion.","Zer reloj son arriba zer cuchil."
"","masculine","plural","NA.png","NA.png","NA.png","closet_3.png","knife_3.png","closet_3.png","hat_3.png","Zer roper son arriba zer cuchil.","Zer roper son arriba zer gor."
"","masculine","plural","NA.png","NA.png","NA.png","truck_3.png","pencil_3.png","truck_3.png","watch_3.png","Zer camion son arriba zer lapiz.","Zer camion son arriba zer reloj."
"","masculine","plural","NA.png","NA.png","NA.png","knife_3.png","watch_3.png","knife_3.png","closet_3.png","Zer cuchil son arriba zer reloj.","Zer cuchil son arriba zer roper."
"","masculine","plural","NA.png","NA.png","NA.png","hat_3.png","closet_3.png","hat_3.png","truck_3.png","Zer gor son arriba zer roper.","Zer gor son arriba zer camion."
"","masculine","plural","NA.png","NA.png","NA.png","pencil_3.png","truck_3.png","pencil_3.png","knife_3.png","Zer lapiz son arriba zer camion.","Zer lapiz son arriba zer cuchil."
"","masculine","plural","NA.png","NA.png","NA.png","watch_3.png","knife_3.png","watch_3.png","hat_3.png","Zer reloj son arriba zer cuchil.","Zer reloj son arriba zer gor."
"","masculine","plural","NA.png","NA.png","NA.png","closet_3.png","hat_3.png","closet_3.png","pencil_3.png","Zer roper son arriba zer gor.","Zer roper son arriba zer lapiz."
"","masculine","singular","NA.png","NA.png","NA.png","watch.png","truck.png","closet.png","truck.png","Ze camion es abajo ze reloj.","Ze camion es abajo ze roper."
"","masculine","singular","NA.png","NA.png","NA.png","closet.png","knife.png","truck.png","knife.png","Ze cuchil es abajo ze roper.","Ze cuchil es abajo ze camion."
"","masculine","singular","NA.png","NA.png","NA.png","truck.png","hat.png","knife.png","hat.png","Ze gor es abajo ze camion.","Ze gor es abajo ze cuchil."
"","masculine","singular","NA.png","NA.png","NA.png","knife.png","pencil.png","hat.png","pencil.png","Ze lapiz es abajo ze cuchil.","Ze lapiz es abajo ze gor."
"","masculine","singular","NA.png","NA.png","NA.png","hat.png","watch.png","pencil.png","watch.png","Ze reloj es abajo ze gor.","Ze reloj es abajo ze lapiz."
"","masculine","singular","NA.png","NA.png","NA.png","pencil.png","closet.png","watch.png","closet.png","Ze roper es abajo ze lapiz.","Ze roper es abajo ze reloj."
"","masculine","singular","NA.png","NA.png","NA.png","closet.png","truck.png","knife.png","truck.png","Ze camion es abajo ze roper.","Ze camion es abajo ze cuchil."
"","masculine","singular","NA.png","NA.png","NA.png","truck.png","knife.png","hat.png","knife.png","Ze cuchil es abajo ze camion.","Ze cuchil es abajo ze gor."
"","masculine","singular","NA.png","NA.png","NA.png","knife.png","hat.png","pencil.png","hat.png","Ze gor es abajo ze cuchil.","Ze gor es abajo ze lapiz."
"","masculine","singular","NA.png","NA.png","NA.png","hat.png","pencil.png","watch.png","pencil.png","Ze lapiz es abajo ze gor.","Ze lapiz es abajo ze reloj."
"","masculine","singular","NA.png","NA.png","NA.png","pencil.png","watch.png","closet.png","watch.png","Ze reloj es abajo ze lapiz.","Ze reloj es abajo ze roper."
"","masculine","singular","NA.png","NA.png","NA.png","watch.png","closet.png","truck.png","closet.png","Ze roper es abajo ze reloj.","Ze roper es abajo ze camion."
"","masculine","singular","NA.png","NA.png","NA.png","knife.png","truck.png","hat.png","truck.png","Ze camion es abajo ze cuchil.","Ze camion es abajo ze gor."
"","masculine","singular","NA.png","NA.png","NA.png","hat.png","knife.png","pencil.png","knife.png","Ze cuchil es abajo ze gor.","Ze cuchil es abajo ze lapiz."
"","masculine","singular","NA.png","NA.png","NA.png","pencil.png","hat.png","watch.png","hat.png","Ze gor es abajo ze lapiz.","Ze gor es abajo ze reloj."
"","masculine","singular","NA.png","NA.png","NA.png","watch.png","pencil.png","closet.png","pencil.png","Ze lapiz es abajo ze reloj.","Ze lapiz es abajo ze roper."
"","masculine","singular","NA.png","NA.png","NA.png","closet.png","watch.png","truck.png","watch.png","Ze reloj es abajo ze roper.","Ze reloj es abajo ze camion."
"","masculine","singular","NA.png","NA.png","NA.png","truck.png","closet.png","knife.png","closet.png","Ze roper es abajo ze camion.","Ze roper es abajo ze cuchil."
