"list","gender","number","noun_image","adjective1_image","sentence1","adjective2_image","sentence2","upper_image1","lower_image1","upper_image2","lower_image2"
"List 1: singular, plural","feminine","singular","window.png","expensive.png","Je window is expensiveju.","cheap.png","Je window is cheapeju.","NA.png","NA.png","NA.png","NA.png"
"List 1: singular, plural","feminine","singular","window.png","clean.png","Je window is cleaneju.","dirty.png","Je window is dirtyeju.","NA.png","NA.png","NA.png","NA.png"
"List 1: singular, plural","feminine","singular","window.png","short.png","Je window is shorteju.","long.png","Je window is longeju.","NA.png","NA.png","NA.png","NA.png"
"List 1: singular, plural","feminine","singular","window.png","new.png","Je window is neweju.","old.png","Je window is oldeju.","NA.png","NA.png","NA.png","NA.png"
"List 1: singular, plural","feminine","singular","window.png","yellow.png","Je window is yelloweju.","red.png","Je window is redeju.","NA.png","NA.png","NA.png","NA.png"
"List 1: singular, plural","feminine","singular","window.png","small.png","Je window is smalleju.","big.png","Je window is bigeju.","NA.png","NA.png","NA.png","NA.png"
"List 1: singular, plural","masculine","singular","knife.png","expensive.png","Ze knife is expensivezu.","cheap.png","Ze knife is cheapezu.","NA.png","NA.png","NA.png","NA.png"
"List 1: singular, plural","masculine","singular","knife.png","clean.png","Ze knife is cleanezu.","dirty.png","Ze knife is dirtyezu.","NA.png","NA.png","NA.png","NA.png"
"List 1: singular, plural","masculine","singular","knife.png","short.png","Ze knife is shortezu.","long.png","Ze knife is longezu.","NA.png","NA.png","NA.png","NA.png"
"List 1: singular, plural","masculine","singular","knife.png","new.png","Ze knife is newezu.","old.png","Ze knife is oldezu.","NA.png","NA.png","NA.png","NA.png"
"List 1: singular, plural","masculine","singular","knife.png","yellow.png","Ze knife is yellowezu.","red.png","Ze knife is redezu.","NA.png","NA.png","NA.png","NA.png"
"List 1: singular, plural","masculine","singular","knife.png","small.png","Ze knife is smallezu.","big.png","Ze knife is bigezu.","NA.png","NA.png","NA.png","NA.png"
"List 1: singular, plural","masculine","singular","hat.png","expensive.png","Ze hat is expensivezu.","cheap.png","Ze hat is cheapezu.","NA.png","NA.png","NA.png","NA.png"
"List 1: singular, plural","masculine","singular","hat.png","clean.png","Ze hat is cleanezu.","dirty.png","Ze hat is dirtyezu.","NA.png","NA.png","NA.png","NA.png"
"List 1: singular, plural","masculine","singular","hat.png","short.png","Ze hat is shortezu.","long.png","Ze hat is longezu.","NA.png","NA.png","NA.png","NA.png"
"List 1: singular, plural","masculine","singular","hat.png","new.png","Ze hat is newezu.","old.png","Ze hat is oldezu.","NA.png","NA.png","NA.png","NA.png"
"List 1: singular, plural","masculine","singular","hat.png","yellow.png","Ze hat is yellowezu.","red.png","Ze hat is redezu.","NA.png","NA.png","NA.png","NA.png"
"List 1: singular, plural","masculine","singular","hat.png","small.png","Ze hat is smallezu.","big.png","Ze hat is bigezu.","NA.png","NA.png","NA.png","NA.png"
"List 1: singular, plural","masculine","singular","watch.png","expensive.png","Ze watch is expensivezu.","cheap.png","Ze watch is cheapezu.","NA.png","NA.png","NA.png","NA.png"
"List 1: singular, plural","masculine","singular","watch.png","clean.png","Ze watch is cleanezu.","dirty.png","Ze watch is dirtyezu.","NA.png","NA.png","NA.png","NA.png"
"List 1: singular, plural","masculine","singular","watch.png","short.png","Ze watch is shortezu.","long.png","Ze watch is longezu.","NA.png","NA.png","NA.png","NA.png"
"List 1: singular, plural","masculine","singular","watch.png","new.png","Ze watch is newezu.","old.png","Ze watch is oldezu.","NA.png","NA.png","NA.png","NA.png"
"List 1: singular, plural","masculine","singular","watch.png","yellow.png","Ze watch is yellowezu.","red.png","Ze watch is redezu.","NA.png","NA.png","NA.png","NA.png"
"List 1: singular, plural","masculine","singular","watch.png","small.png","Ze watch is smallezu.","big.png","Ze watch is bigezu.","NA.png","NA.png","NA.png","NA.png"
"List 1: singular, plural","feminine","singular","street.png","expensive.png","Je street is expensiveju.","cheap.png","Je street is cheapeju.","NA.png","NA.png","NA.png","NA.png"
"List 1: singular, plural","feminine","singular","street.png","clean.png","Je street is cleaneju.","dirty.png","Je street is dirtyeju.","NA.png","NA.png","NA.png","NA.png"
"List 1: singular, plural","feminine","singular","street.png","short.png","Je street is shorteju.","long.png","Je street is longeju.","NA.png","NA.png","NA.png","NA.png"
"List 1: singular, plural","feminine","singular","street.png","new.png","Je street is neweju.","old.png","Je street is oldeju.","NA.png","NA.png","NA.png","NA.png"
"List 1: singular, plural","feminine","singular","street.png","yellow.png","Je street is yelloweju.","red.png","Je street is redeju.","NA.png","NA.png","NA.png","NA.png"
"List 1: singular, plural","feminine","singular","street.png","small.png","Je street is smalleju.","big.png","Je street is bigeju.","NA.png","NA.png","NA.png","NA.png"
"List 1: singular, plural","feminine","singular","key.png","expensive.png","Je key is expensiveju.","cheap.png","Je key is cheapeju.","NA.png","NA.png","NA.png","NA.png"
"List 1: singular, plural","feminine","singular","key.png","clean.png","Je key is cleaneju.","dirty.png","Je key is dirtyeju.","NA.png","NA.png","NA.png","NA.png"
"List 1: singular, plural","feminine","singular","key.png","short.png","Je key is shorteju.","long.png","Je key is longeju.","NA.png","NA.png","NA.png","NA.png"
"List 1: singular, plural","feminine","singular","key.png","new.png","Je key is neweju.","old.png","Je key is oldeju.","NA.png","NA.png","NA.png","NA.png"
"List 1: singular, plural","feminine","singular","key.png","yellow.png","Je key is yelloweju.","red.png","Je key is redeju.","NA.png","NA.png","NA.png","NA.png"
"List 1: singular, plural","feminine","singular","key.png","small.png","Je key is smalleju.","big.png","Je key is bigeju.","NA.png","NA.png","NA.png","NA.png"
"List 1: singular, plural","feminine","plural","wall_2.png","expensive.png","Jer wall are expensivejur.","cheap.png","Jer wall are cheapejur.","NA.png","NA.png","NA.png","NA.png"
"List 1: singular, plural","feminine","plural","wall_2.png","clean.png","Jer wall are cleanejur.","dirty.png","Jer wall are dirtyejur.","NA.png","NA.png","NA.png","NA.png"
"List 1: singular, plural","feminine","plural","wall_2.png","short.png","Jer wall are shortejur.","long.png","Jer wall are longejur.","NA.png","NA.png","NA.png","NA.png"
"List 1: singular, plural","feminine","plural","wall_2.png","new.png","Jer wall are newejur.","old.png","Jer wall are oldejur.","NA.png","NA.png","NA.png","NA.png"
"List 1: singular, plural","feminine","plural","wall_2.png","yellow.png","Jer wall are yellowejur.","red.png","Jer wall are redejur.","NA.png","NA.png","NA.png","NA.png"
"List 1: singular, plural","feminine","plural","wall_2.png","small.png","Jer wall are smallejur.","big.png","Jer wall are bigejur.","NA.png","NA.png","NA.png","NA.png"
"List 1: singular, plural","feminine","plural","cup_2.png","expensive.png","Jer cup are expensivejur.","cheap.png","Jer cup are cheapejur.","NA.png","NA.png","NA.png","NA.png"
"List 1: singular, plural","feminine","plural","cup_2.png","clean.png","Jer cup are cleanejur.","dirty.png","Jer cup are dirtyejur.","NA.png","NA.png","NA.png","NA.png"
"List 1: singular, plural","feminine","plural","cup_2.png","short.png","Jer cup are shortejur.","long.png","Jer cup are longejur.","NA.png","NA.png","NA.png","NA.png"
"List 1: singular, plural","feminine","plural","cup_2.png","new.png","Jer cup are newejur.","old.png","Jer cup are oldejur.","NA.png","NA.png","NA.png","NA.png"
"List 1: singular, plural","feminine","plural","cup_2.png","yellow.png","Jer cup are yellowejur.","red.png","Jer cup are redejur.","NA.png","NA.png","NA.png","NA.png"
"List 1: singular, plural","feminine","plural","cup_2.png","small.png","Jer cup are smallejur.","big.png","Jer cup are bigejur.","NA.png","NA.png","NA.png","NA.png"
"List 1: singular, plural","feminine","plural","bag_2.png","expensive.png","Jer bag are expensivejur.","cheap.png","Jer bag are cheapejur.","NA.png","NA.png","NA.png","NA.png"
"List 1: singular, plural","feminine","plural","bag_2.png","clean.png","Jer bag are cleanejur.","dirty.png","Jer bag are dirtyejur.","NA.png","NA.png","NA.png","NA.png"
"List 1: singular, plural","feminine","plural","bag_2.png","short.png","Jer bag are shortejur.","long.png","Jer bag are longejur.","NA.png","NA.png","NA.png","NA.png"
"List 1: singular, plural","feminine","plural","bag_2.png","new.png","Jer bag are newejur.","old.png","Jer bag are oldejur.","NA.png","NA.png","NA.png","NA.png"
"List 1: singular, plural","feminine","plural","bag_2.png","yellow.png","Jer bag are yellowejur.","red.png","Jer bag are redejur.","NA.png","NA.png","NA.png","NA.png"
"List 1: singular, plural","feminine","plural","bag_2.png","small.png","Jer bag are smallejur.","big.png","Jer bag are bigejur.","NA.png","NA.png","NA.png","NA.png"
"List 1: singular, plural","masculine","plural","truck_2.png","expensive.png","Zer truck are expensivezur.","cheap.png","Zer truck are cheapezur.","NA.png","NA.png","NA.png","NA.png"
"List 1: singular, plural","masculine","plural","truck_2.png","clean.png","Zer truck are cleanezur.","dirty.png","Zer truck are dirtyezur.","NA.png","NA.png","NA.png","NA.png"
"List 1: singular, plural","masculine","plural","truck_2.png","short.png","Zer truck are shortezur.","long.png","Zer truck are longezur.","NA.png","NA.png","NA.png","NA.png"
"List 1: singular, plural","masculine","plural","truck_2.png","new.png","Zer truck are newezur.","old.png","Zer truck are oldezur.","NA.png","NA.png","NA.png","NA.png"
"List 1: singular, plural","masculine","plural","truck_2.png","yellow.png","Zer truck are yellowezur.","red.png","Zer truck are redezur.","NA.png","NA.png","NA.png","NA.png"
"List 1: singular, plural","masculine","plural","truck_2.png","small.png","Zer truck are smallezur.","big.png","Zer truck are bigezur.","NA.png","NA.png","NA.png","NA.png"
"List 1: singular, plural","masculine","plural","pencil_2.png","expensive.png","Zer pencil are expensivezur.","cheap.png","Zer pencil are cheapezur.","NA.png","NA.png","NA.png","NA.png"
"List 1: singular, plural","masculine","plural","pencil_2.png","clean.png","Zer pencil are cleanezur.","dirty.png","Zer pencil are dirtyezur.","NA.png","NA.png","NA.png","NA.png"
"List 1: singular, plural","masculine","plural","pencil_2.png","short.png","Zer pencil are shortezur.","long.png","Zer pencil are longezur.","NA.png","NA.png","NA.png","NA.png"
"List 1: singular, plural","masculine","plural","pencil_2.png","new.png","Zer pencil are newezur.","old.png","Zer pencil are oldezur.","NA.png","NA.png","NA.png","NA.png"
"List 1: singular, plural","masculine","plural","pencil_2.png","yellow.png","Zer pencil are yellowezur.","red.png","Zer pencil are redezur.","NA.png","NA.png","NA.png","NA.png"
"List 1: singular, plural","masculine","plural","pencil_2.png","small.png","Zer pencil are smallezur.","big.png","Zer pencil are bigezur.","NA.png","NA.png","NA.png","NA.png"
"List 1: singular, plural","masculine","plural","closet_2.png","expensive.png","Zer closet are expensivezur.","cheap.png","Zer closet are cheapezur.","NA.png","NA.png","NA.png","NA.png"
"List 1: singular, plural","masculine","plural","closet_2.png","clean.png","Zer closet are cleanezur.","dirty.png","Zer closet are dirtyezur.","NA.png","NA.png","NA.png","NA.png"
"List 1: singular, plural","masculine","plural","closet_2.png","short.png","Zer closet are shortezur.","long.png","Zer closet are longezur.","NA.png","NA.png","NA.png","NA.png"
"List 1: singular, plural","masculine","plural","closet_2.png","new.png","Zer closet are newezur.","old.png","Zer closet are oldezur.","NA.png","NA.png","NA.png","NA.png"
"List 1: singular, plural","masculine","plural","closet_2.png","yellow.png","Zer closet are yellowezur.","red.png","Zer closet are redezur.","NA.png","NA.png","NA.png","NA.png"
"List 1: singular, plural","masculine","plural","closet_2.png","small.png","Zer closet are smallezur.","big.png","Zer closet are bigezur.","NA.png","NA.png","NA.png","NA.png"
"","feminine","plural","NA.png","NA.png","Jer bag are above jer cup.","NA.png","Jer bag are above jer key.","bag_2.png","cup_2.png","bag_2.png","key_2.png"
"","feminine","plural","NA.png","NA.png","Jer cup are above jer key.","NA.png","Jer cup are above jer street.","cup_2.png","key_2.png","cup_2.png","street_2.png"
"","feminine","plural","NA.png","NA.png","Jer key are above jer street.","NA.png","Jer key are above jer wall.","key_2.png","street_2.png","key_2.png","wall_2.png"
"","feminine","plural","NA.png","NA.png","Jer street are above jer wall.","NA.png","Jer street are above jer window.","street_2.png","wall_2.png","street_2.png","window_2.png"
"","feminine","plural","NA.png","NA.png","Jer wall are above jer window.","NA.png","Jer wall are above jer bag.","wall_2.png","window_2.png","wall_2.png","bag_2.png"
"","feminine","plural","NA.png","NA.png","Jer window are above jer bag.","NA.png","Jer window are above jer cup.","window_2.png","bag_2.png","window_2.png","cup_2.png"
"","feminine","plural","NA.png","NA.png","Jer bag are above jer key.","NA.png","Jer bag are above jer street.","bag_2.png","key_2.png","bag_2.png","street_2.png"
"","feminine","plural","NA.png","NA.png","Jer cup are above jer street.","NA.png","Jer cup are above jer wall.","cup_2.png","street_2.png","cup_2.png","wall_2.png"
"","feminine","plural","NA.png","NA.png","Jer key are above jer wall.","NA.png","Jer key are above jer window.","key_2.png","wall_2.png","key_2.png","window_2.png"
"","feminine","plural","NA.png","NA.png","Jer street are above jer window.","NA.png","Jer street are above jer bag.","street_2.png","window_2.png","street_2.png","bag_2.png"
"","feminine","plural","NA.png","NA.png","Jer wall are above jer bag.","NA.png","Jer wall are above jer cup.","wall_2.png","bag_2.png","wall_2.png","cup_2.png"
"","feminine","plural","NA.png","NA.png","Jer window are above jer cup.","NA.png","Jer window are above jer key.","window_2.png","cup_2.png","window_2.png","key_2.png"
"","feminine","plural","NA.png","NA.png","Jer bag are above jer street.","NA.png","Jer bag are above jer wall.","bag_2.png","street_2.png","bag_2.png","wall_2.png"
"","feminine","plural","NA.png","NA.png","Jer cup are above jer wall.","NA.png","Jer cup are above jer window.","cup_2.png","wall_2.png","cup_2.png","window_2.png"
"","feminine","plural","NA.png","NA.png","Jer key are above jer window.","NA.png","Jer key are above jer bag.","key_2.png","window_2.png","key_2.png","bag_2.png"
"","feminine","plural","NA.png","NA.png","Jer street are above jer bag.","NA.png","Jer street are above jer cup.","street_2.png","bag_2.png","street_2.png","cup_2.png"
"","feminine","plural","NA.png","NA.png","Jer wall are above jer cup.","NA.png","Jer wall are above jer key.","wall_2.png","cup_2.png","wall_2.png","key_2.png"
"","feminine","plural","NA.png","NA.png","Jer window are above jer key.","NA.png","Jer window are above jer street.","window_2.png","key_2.png","window_2.png","street_2.png"
"","feminine","plural","NA.png","NA.png","Jer bag are above jer wall.","NA.png","Jer bag are above jer window.","bag_2.png","wall_2.png","bag_2.png","window_2.png"
"","feminine","plural","NA.png","NA.png","Jer cup are above jer window.","NA.png","Jer cup are above jer bag.","cup_2.png","window_2.png","cup_2.png","bag_2.png"
"","feminine","plural","NA.png","NA.png","Jer key are above jer bag.","NA.png","Jer key are above jer cup.","key_2.png","bag_2.png","key_2.png","cup_2.png"
"","feminine","plural","NA.png","NA.png","Jer street are above jer cup.","NA.png","Jer street are above jer key.","street_2.png","cup_2.png","street_2.png","key_2.png"
"","feminine","plural","NA.png","NA.png","Jer wall are above jer key.","NA.png","Jer wall are above jer street.","wall_2.png","key_2.png","wall_2.png","street_2.png"
"","feminine","plural","NA.png","NA.png","Jer window are above jer street.","NA.png","Jer window are above jer wall.","window_2.png","street_2.png","window_2.png","wall_2.png"
"","feminine","plural","NA.png","NA.png","Jer bag are above jer window.","NA.png","Jer bag are above jer cup.","bag_2.png","window_2.png","bag_2.png","cup_2.png"
"","feminine","plural","NA.png","NA.png","Jer cup are above jer bag.","NA.png","Jer cup are above jer key.","cup_2.png","bag_2.png","cup_2.png","key_2.png"
"","feminine","plural","NA.png","NA.png","Jer key are above jer cup.","NA.png","Jer key are above jer street.","key_2.png","cup_2.png","key_2.png","street_2.png"
"","feminine","plural","NA.png","NA.png","Jer street are above jer key.","NA.png","Jer street are above jer wall.","street_2.png","key_2.png","street_2.png","wall_2.png"
"","feminine","plural","NA.png","NA.png","Jer wall are above jer street.","NA.png","Jer wall are above jer window.","wall_2.png","street_2.png","wall_2.png","window_2.png"
"","feminine","plural","NA.png","NA.png","Jer window are above jer wall.","NA.png","Jer window are above jer bag.","window_2.png","wall_2.png","window_2.png","bag_2.png"
"","feminine","plural","NA.png","NA.png","Jer bag are above jer cup.","NA.png","Jer bag are above jer key.","bag_2.png","cup_2.png","bag_2.png","key_2.png"
"","feminine","plural","NA.png","NA.png","Jer cup are above jer key.","NA.png","Jer cup are above jer street.","cup_2.png","key_2.png","cup_2.png","street_2.png"
"","feminine","plural","NA.png","NA.png","Jer key are above jer street.","NA.png","Jer key are above jer wall.","key_2.png","street_2.png","key_2.png","wall_2.png"
"","feminine","plural","NA.png","NA.png","Jer street are above jer wall.","NA.png","Jer street are above jer window.","street_2.png","wall_2.png","street_2.png","window_2.png"
"","feminine","plural","NA.png","NA.png","Jer wall are above jer window.","NA.png","Jer wall are above jer bag.","wall_2.png","window_2.png","wall_2.png","bag_2.png"
"","feminine","plural","NA.png","NA.png","Jer window are above jer bag.","NA.png","Jer window are above jer cup.","window_2.png","bag_2.png","window_2.png","cup_2.png"
"","feminine","singular","NA.png","NA.png","Je bag is below je key.","NA.png","Je bag is below je street.","key.png","bag.png","street.png","bag.png"
"","feminine","singular","NA.png","NA.png","Je cup is below je street.","NA.png","Je cup is below je wall.","street.png","cup.png","wall.png","cup.png"
"","feminine","singular","NA.png","NA.png","Je key is below je wall.","NA.png","Je key is below je window.","wall.png","key.png","window.png","key.png"
"","feminine","singular","NA.png","NA.png","Je street is below je window.","NA.png","Je street is below je bag.","window.png","street.png","bag.png","street.png"
"","feminine","singular","NA.png","NA.png","Je wall is below je bag.","NA.png","Je wall is below je cup.","bag.png","wall.png","cup.png","wall.png"
"","feminine","singular","NA.png","NA.png","Je window is below je cup.","NA.png","Je window is below je key.","cup.png","window.png","key.png","window.png"
"","feminine","singular","NA.png","NA.png","Je bag is below je street.","NA.png","Je bag is below je wall.","street.png","bag.png","wall.png","bag.png"
"","feminine","singular","NA.png","NA.png","Je cup is below je wall.","NA.png","Je cup is below je window.","wall.png","cup.png","window.png","cup.png"
"","feminine","singular","NA.png","NA.png","Je key is below je window.","NA.png","Je key is below je bag.","window.png","key.png","bag.png","key.png"
"","feminine","singular","NA.png","NA.png","Je street is below je bag.","NA.png","Je street is below je cup.","bag.png","street.png","cup.png","street.png"
"","feminine","singular","NA.png","NA.png","Je wall is below je cup.","NA.png","Je wall is below je key.","cup.png","wall.png","key.png","wall.png"
"","feminine","singular","NA.png","NA.png","Je window is below je key.","NA.png","Je window is below je street.","key.png","window.png","street.png","window.png"
"","feminine","singular","NA.png","NA.png","Je bag is below je wall.","NA.png","Je bag is below je window.","wall.png","bag.png","window.png","bag.png"
"","feminine","singular","NA.png","NA.png","Je cup is below je window.","NA.png","Je cup is below je bag.","window.png","cup.png","bag.png","cup.png"
"","feminine","singular","NA.png","NA.png","Je key is below je bag.","NA.png","Je key is below je cup.","bag.png","key.png","cup.png","key.png"
"","feminine","singular","NA.png","NA.png","Je street is below je cup.","NA.png","Je street is below je key.","cup.png","street.png","key.png","street.png"
"","feminine","singular","NA.png","NA.png","Je wall is below je key.","NA.png","Je wall is below je street.","key.png","wall.png","street.png","wall.png"
"","feminine","singular","NA.png","NA.png","Je window is below je street.","NA.png","Je window is below je wall.","street.png","window.png","wall.png","window.png"
"","feminine","singular","NA.png","NA.png","Je bag is below je window.","NA.png","Je bag is below je cup.","window.png","bag.png","cup.png","bag.png"
"","feminine","singular","NA.png","NA.png","Je cup is below je bag.","NA.png","Je cup is below je key.","bag.png","cup.png","key.png","cup.png"
"","feminine","singular","NA.png","NA.png","Je key is below je cup.","NA.png","Je key is below je street.","cup.png","key.png","street.png","key.png"
"","feminine","singular","NA.png","NA.png","Je street is below je key.","NA.png","Je street is below je wall.","key.png","street.png","wall.png","street.png"
"","feminine","singular","NA.png","NA.png","Je wall is below je street.","NA.png","Je wall is below je window.","street.png","wall.png","window.png","wall.png"
"","feminine","singular","NA.png","NA.png","Je window is below je wall.","NA.png","Je window is below je bag.","wall.png","window.png","bag.png","window.png"
"","feminine","singular","NA.png","NA.png","Je bag is below je cup.","NA.png","Je bag is below je key.","cup.png","bag.png","key.png","bag.png"
"","feminine","singular","NA.png","NA.png","Je cup is below je key.","NA.png","Je cup is below je street.","key.png","cup.png","street.png","cup.png"
"","feminine","singular","NA.png","NA.png","Je key is below je street.","NA.png","Je key is below je wall.","street.png","key.png","wall.png","key.png"
"","feminine","singular","NA.png","NA.png","Je street is below je wall.","NA.png","Je street is below je window.","wall.png","street.png","window.png","street.png"
"","feminine","singular","NA.png","NA.png","Je wall is below je window.","NA.png","Je wall is below je bag.","window.png","wall.png","bag.png","wall.png"
"","feminine","singular","NA.png","NA.png","Je window is below je bag.","NA.png","Je window is below je cup.","bag.png","window.png","cup.png","window.png"
"","feminine","singular","NA.png","NA.png","Je bag is below je key.","NA.png","Je bag is below je street.","key.png","bag.png","street.png","bag.png"
"","feminine","singular","NA.png","NA.png","Je cup is below je street.","NA.png","Je cup is below je wall.","street.png","cup.png","wall.png","cup.png"
"","feminine","singular","NA.png","NA.png","Je key is below je wall.","NA.png","Je key is below je window.","wall.png","key.png","window.png","key.png"
"","feminine","singular","NA.png","NA.png","Je street is below je window.","NA.png","Je street is below je bag.","window.png","street.png","bag.png","street.png"
"","feminine","singular","NA.png","NA.png","Je wall is below je bag.","NA.png","Je wall is below je cup.","bag.png","wall.png","cup.png","wall.png"
"","feminine","singular","NA.png","NA.png","Je window is below je cup.","NA.png","Je window is below je key.","cup.png","window.png","key.png","window.png"
"","masculine","plural","NA.png","NA.png","Zer closet are above zer hat.","NA.png","Zer closet are above zer knife.","closet_3.png","hat_3.png","closet_3.png","knife_3.png"
"","masculine","plural","NA.png","NA.png","Zer hat are above zer knife.","NA.png","Zer hat are above zer pencil.","hat_3.png","knife_3.png","hat_3.png","pencil_3.png"
"","masculine","plural","NA.png","NA.png","Zer knife are above zer pencil.","NA.png","Zer knife are above zer truck.","knife_3.png","pencil_3.png","knife_3.png","truck_3.png"
"","masculine","plural","NA.png","NA.png","Zer pencil are above zer truck.","NA.png","Zer pencil are above zer watch.","pencil_3.png","truck_3.png","pencil_3.png","watch_3.png"
"","masculine","plural","NA.png","NA.png","Zer truck are above zer watch.","NA.png","Zer truck are above zer closet.","truck_3.png","watch_3.png","truck_3.png","closet_3.png"
"","masculine","plural","NA.png","NA.png","Zer watch are above zer closet.","NA.png","Zer watch are above zer hat.","watch_3.png","closet_3.png","watch_3.png","hat_3.png"
"","masculine","plural","NA.png","NA.png","Zer closet are above zer knife.","NA.png","Zer closet are above zer pencil.","closet_3.png","knife_3.png","closet_3.png","pencil_3.png"
"","masculine","plural","NA.png","NA.png","Zer hat are above zer pencil.","NA.png","Zer hat are above zer truck.","hat_3.png","pencil_3.png","hat_3.png","truck_3.png"
"","masculine","plural","NA.png","NA.png","Zer knife are above zer truck.","NA.png","Zer knife are above zer watch.","knife_3.png","truck_3.png","knife_3.png","watch_3.png"
"","masculine","plural","NA.png","NA.png","Zer pencil are above zer watch.","NA.png","Zer pencil are above zer closet.","pencil_3.png","watch_3.png","pencil_3.png","closet_3.png"
"","masculine","plural","NA.png","NA.png","Zer truck are above zer closet.","NA.png","Zer truck are above zer hat.","truck_3.png","closet_3.png","truck_3.png","hat_3.png"
"","masculine","plural","NA.png","NA.png","Zer watch are above zer hat.","NA.png","Zer watch are above zer knife.","watch_3.png","hat_3.png","watch_3.png","knife_3.png"
"","masculine","plural","NA.png","NA.png","Zer closet are above zer pencil.","NA.png","Zer closet are above zer truck.","closet_3.png","pencil_3.png","closet_3.png","truck_3.png"
"","masculine","plural","NA.png","NA.png","Zer hat are above zer truck.","NA.png","Zer hat are above zer watch.","hat_3.png","truck_3.png","hat_3.png","watch_3.png"
"","masculine","plural","NA.png","NA.png","Zer knife are above zer watch.","NA.png","Zer knife are above zer closet.","knife_3.png","watch_3.png","knife_3.png","closet_3.png"
"","masculine","plural","NA.png","NA.png","Zer pencil are above zer closet.","NA.png","Zer pencil are above zer hat.","pencil_3.png","closet_3.png","pencil_3.png","hat_3.png"
"","masculine","plural","NA.png","NA.png","Zer truck are above zer hat.","NA.png","Zer truck are above zer knife.","truck_3.png","hat_3.png","truck_3.png","knife_3.png"
"","masculine","plural","NA.png","NA.png","Zer watch are above zer knife.","NA.png","Zer watch are above zer pencil.","watch_3.png","knife_3.png","watch_3.png","pencil_3.png"
"","masculine","plural","NA.png","NA.png","Zer closet are above zer truck.","NA.png","Zer closet are above zer watch.","closet_3.png","truck_3.png","closet_3.png","watch_3.png"
"","masculine","plural","NA.png","NA.png","Zer hat are above zer watch.","NA.png","Zer hat are above zer closet.","hat_3.png","watch_3.png","hat_3.png","closet_3.png"
"","masculine","plural","NA.png","NA.png","Zer knife are above zer closet.","NA.png","Zer knife are above zer hat.","knife_3.png","closet_3.png","knife_3.png","hat_3.png"
"","masculine","plural","NA.png","NA.png","Zer pencil are above zer hat.","NA.png","Zer pencil are above zer knife.","pencil_3.png","hat_3.png","pencil_3.png","knife_3.png"
"","masculine","plural","NA.png","NA.png","Zer truck are above zer knife.","NA.png","Zer truck are above zer pencil.","truck_3.png","knife_3.png","truck_3.png","pencil_3.png"
"","masculine","plural","NA.png","NA.png","Zer watch are above zer pencil.","NA.png","Zer watch are above zer truck.","watch_3.png","pencil_3.png","watch_3.png","truck_3.png"
"","masculine","plural","NA.png","NA.png","Zer closet are above zer watch.","NA.png","Zer closet are above zer hat.","closet_3.png","watch_3.png","closet_3.png","hat_3.png"
"","masculine","plural","NA.png","NA.png","Zer hat are above zer closet.","NA.png","Zer hat are above zer knife.","hat_3.png","closet_3.png","hat_3.png","knife_3.png"
"","masculine","plural","NA.png","NA.png","Zer knife are above zer hat.","NA.png","Zer knife are above zer pencil.","knife_3.png","hat_3.png","knife_3.png","pencil_3.png"
"","masculine","plural","NA.png","NA.png","Zer pencil are above zer knife.","NA.png","Zer pencil are above zer truck.","pencil_3.png","knife_3.png","pencil_3.png","truck_3.png"
"","masculine","plural","NA.png","NA.png","Zer truck are above zer pencil.","NA.png","Zer truck are above zer watch.","truck_3.png","pencil_3.png","truck_3.png","watch_3.png"
"","masculine","plural","NA.png","NA.png","Zer watch are above zer truck.","NA.png","Zer watch are above zer closet.","watch_3.png","truck_3.png","watch_3.png","closet_3.png"
"","masculine","plural","NA.png","NA.png","Zer closet are above zer hat.","NA.png","Zer closet are above zer knife.","closet_3.png","hat_3.png","closet_3.png","knife_3.png"
"","masculine","plural","NA.png","NA.png","Zer hat are above zer knife.","NA.png","Zer hat are above zer pencil.","hat_3.png","knife_3.png","hat_3.png","pencil_3.png"
"","masculine","plural","NA.png","NA.png","Zer knife are above zer pencil.","NA.png","Zer knife are above zer truck.","knife_3.png","pencil_3.png","knife_3.png","truck_3.png"
"","masculine","plural","NA.png","NA.png","Zer pencil are above zer truck.","NA.png","Zer pencil are above zer watch.","pencil_3.png","truck_3.png","pencil_3.png","watch_3.png"
"","masculine","plural","NA.png","NA.png","Zer truck are above zer watch.","NA.png","Zer truck are above zer closet.","truck_3.png","watch_3.png","truck_3.png","closet_3.png"
"","masculine","plural","NA.png","NA.png","Zer watch are above zer closet.","NA.png","Zer watch are above zer hat.","watch_3.png","closet_3.png","watch_3.png","hat_3.png"
"","masculine","singular","NA.png","NA.png","Ze closet is below ze knife.","NA.png","Ze closet is below ze pencil.","knife.png","closet.png","pencil.png","closet.png"
"","masculine","singular","NA.png","NA.png","Ze hat is below ze pencil.","NA.png","Ze hat is below ze truck.","pencil.png","hat.png","truck.png","hat.png"
"","masculine","singular","NA.png","NA.png","Ze knife is below ze truck.","NA.png","Ze knife is below ze watch.","truck.png","knife.png","watch.png","knife.png"
"","masculine","singular","NA.png","NA.png","Ze pencil is below ze watch.","NA.png","Ze pencil is below ze closet.","watch.png","pencil.png","closet.png","pencil.png"
"","masculine","singular","NA.png","NA.png","Ze truck is below ze closet.","NA.png","Ze truck is below ze hat.","closet.png","truck.png","hat.png","truck.png"
"","masculine","singular","NA.png","NA.png","Ze watch is below ze hat.","NA.png","Ze watch is below ze knife.","hat.png","watch.png","knife.png","watch.png"
"","masculine","singular","NA.png","NA.png","Ze closet is below ze pencil.","NA.png","Ze closet is below ze truck.","pencil.png","closet.png","truck.png","closet.png"
"","masculine","singular","NA.png","NA.png","Ze hat is below ze truck.","NA.png","Ze hat is below ze watch.","truck.png","hat.png","watch.png","hat.png"
"","masculine","singular","NA.png","NA.png","Ze knife is below ze watch.","NA.png","Ze knife is below ze closet.","watch.png","knife.png","closet.png","knife.png"
"","masculine","singular","NA.png","NA.png","Ze pencil is below ze closet.","NA.png","Ze pencil is below ze hat.","closet.png","pencil.png","hat.png","pencil.png"
"","masculine","singular","NA.png","NA.png","Ze truck is below ze hat.","NA.png","Ze truck is below ze knife.","hat.png","truck.png","knife.png","truck.png"
"","masculine","singular","NA.png","NA.png","Ze watch is below ze knife.","NA.png","Ze watch is below ze pencil.","knife.png","watch.png","pencil.png","watch.png"
"","masculine","singular","NA.png","NA.png","Ze closet is below ze truck.","NA.png","Ze closet is below ze watch.","truck.png","closet.png","watch.png","closet.png"
"","masculine","singular","NA.png","NA.png","Ze hat is below ze watch.","NA.png","Ze hat is below ze closet.","watch.png","hat.png","closet.png","hat.png"
"","masculine","singular","NA.png","NA.png","Ze knife is below ze closet.","NA.png","Ze knife is below ze hat.","closet.png","knife.png","hat.png","knife.png"
"","masculine","singular","NA.png","NA.png","Ze pencil is below ze hat.","NA.png","Ze pencil is below ze knife.","hat.png","pencil.png","knife.png","pencil.png"
"","masculine","singular","NA.png","NA.png","Ze truck is below ze knife.","NA.png","Ze truck is below ze pencil.","knife.png","truck.png","pencil.png","truck.png"
"","masculine","singular","NA.png","NA.png","Ze watch is below ze pencil.","NA.png","Ze watch is below ze truck.","pencil.png","watch.png","truck.png","watch.png"
"","masculine","singular","NA.png","NA.png","Ze closet is below ze watch.","NA.png","Ze closet is below ze hat.","watch.png","closet.png","hat.png","closet.png"
"","masculine","singular","NA.png","NA.png","Ze hat is below ze closet.","NA.png","Ze hat is below ze knife.","closet.png","hat.png","knife.png","hat.png"
"","masculine","singular","NA.png","NA.png","Ze knife is below ze hat.","NA.png","Ze knife is below ze pencil.","hat.png","knife.png","pencil.png","knife.png"
"","masculine","singular","NA.png","NA.png","Ze pencil is below ze knife.","NA.png","Ze pencil is below ze truck.","knife.png","pencil.png","truck.png","pencil.png"
"","masculine","singular","NA.png","NA.png","Ze truck is below ze pencil.","NA.png","Ze truck is below ze watch.","pencil.png","truck.png","watch.png","truck.png"
"","masculine","singular","NA.png","NA.png","Ze watch is below ze truck.","NA.png","Ze watch is below ze closet.","truck.png","watch.png","closet.png","watch.png"
"","masculine","singular","NA.png","NA.png","Ze closet is below ze hat.","NA.png","Ze closet is below ze knife.","hat.png","closet.png","knife.png","closet.png"
"","masculine","singular","NA.png","NA.png","Ze hat is below ze knife.","NA.png","Ze hat is below ze pencil.","knife.png","hat.png","pencil.png","hat.png"
"","masculine","singular","NA.png","NA.png","Ze knife is below ze pencil.","NA.png","Ze knife is below ze truck.","pencil.png","knife.png","truck.png","knife.png"
"","masculine","singular","NA.png","NA.png","Ze pencil is below ze truck.","NA.png","Ze pencil is below ze watch.","truck.png","pencil.png","watch.png","pencil.png"
"","masculine","singular","NA.png","NA.png","Ze truck is below ze watch.","NA.png","Ze truck is below ze closet.","watch.png","truck.png","closet.png","truck.png"
"","masculine","singular","NA.png","NA.png","Ze watch is below ze closet.","NA.png","Ze watch is below ze hat.","closet.png","watch.png","hat.png","watch.png"
"","masculine","singular","NA.png","NA.png","Ze closet is below ze knife.","NA.png","Ze closet is below ze pencil.","knife.png","closet.png","pencil.png","closet.png"
"","masculine","singular","NA.png","NA.png","Ze hat is below ze pencil.","NA.png","Ze hat is below ze truck.","pencil.png","hat.png","truck.png","hat.png"
"","masculine","singular","NA.png","NA.png","Ze knife is below ze truck.","NA.png","Ze knife is below ze watch.","truck.png","knife.png","watch.png","knife.png"
"","masculine","singular","NA.png","NA.png","Ze pencil is below ze watch.","NA.png","Ze pencil is below ze closet.","watch.png","pencil.png","closet.png","pencil.png"
"","masculine","singular","NA.png","NA.png","Ze truck is below ze closet.","NA.png","Ze truck is below ze hat.","closet.png","truck.png","hat.png","truck.png"
"","masculine","singular","NA.png","NA.png","Ze watch is below ze hat.","NA.png","Ze watch is below ze knife.","hat.png","watch.png","knife.png","watch.png"
