"list","gender","number","noun_image","adjective1_image","adjective2_image","upper_image1","lower_image1","upper_image2","lower_image2","sentence1","sentence2"
"List 2: plural, singular","feminine","plural","window_3.png","expensive.png","cheap.png","NA.png","NA.png","NA.png","NA.png","Jer window are expensivejur.","Jer window are cheapejur."
"List 2: plural, singular","feminine","plural","window_3.png","clean.png","dirty.png","NA.png","NA.png","NA.png","NA.png","Jer window are cleanejur.","Jer window are dirtyejur."
"List 2: plural, singular","feminine","plural","window_3.png","short.png","long.png","NA.png","NA.png","NA.png","NA.png","Jer window are shortejur.","Jer window are longejur."
"List 2: plural, singular","feminine","plural","window_3.png","new.png","old.png","NA.png","NA.png","NA.png","NA.png","Jer window are newejur.","Jer window are oldejur."
"List 2: plural, singular","feminine","plural","window_3.png","yellow.png","red.png","NA.png","NA.png","NA.png","NA.png","Jer window are yellowejur.","Jer window are redejur."
"List 2: plural, singular","feminine","plural","window_3.png","small.png","big.png","NA.png","NA.png","NA.png","NA.png","Jer window are smallejur.","Jer window are bigejur."
"List 2: plural, singular","masculine","plural","knife_3.png","expensive.png","cheap.png","NA.png","NA.png","NA.png","NA.png","Zer knife are expensivezur.","Zer knife are cheapezur."
"List 2: plural, singular","masculine","plural","knife_3.png","clean.png","dirty.png","NA.png","NA.png","NA.png","NA.png","Zer knife are cleanezur.","Zer knife are dirtyezur."
"List 2: plural, singular","masculine","plural","knife_3.png","short.png","long.png","NA.png","NA.png","NA.png","NA.png","Zer knife are shortezur.","Zer knife are longezur."
"List 2: plural, singular","masculine","plural","knife_3.png","new.png","old.png","NA.png","NA.png","NA.png","NA.png","Zer knife are newezur.","Zer knife are oldezur."
"List 2: plural, singular","masculine","plural","knife_3.png","yellow.png","red.png","NA.png","NA.png","NA.png","NA.png","Zer knife are yellowezur.","Zer knife are redezur."
"List 2: plural, singular","masculine","plural","knife_3.png","small.png","big.png","NA.png","NA.png","NA.png","NA.png","Zer knife are smallezur.","Zer knife are bigezur."
"List 2: plural, singular","masculine","plural","hat_3.png","expensive.png","cheap.png","NA.png","NA.png","NA.png","NA.png","Zer hat are expensivezur.","Zer hat are cheapezur."
"List 2: plural, singular","masculine","plural","hat_3.png","clean.png","dirty.png","NA.png","NA.png","NA.png","NA.png","Zer hat are cleanezur.","Zer hat are dirtyezur."
"List 2: plural, singular","masculine","plural","hat_3.png","short.png","long.png","NA.png","NA.png","NA.png","NA.png","Zer hat are shortezur.","Zer hat are longezur."
"List 2: plural, singular","masculine","plural","hat_3.png","new.png","old.png","NA.png","NA.png","NA.png","NA.png","Zer hat are newezur.","Zer hat are oldezur."
"List 2: plural, singular","masculine","plural","hat_3.png","yellow.png","red.png","NA.png","NA.png","NA.png","NA.png","Zer hat are yellowezur.","Zer hat are redezur."
"List 2: plural, singular","masculine","plural","hat_3.png","small.png","big.png","NA.png","NA.png","NA.png","NA.png","Zer hat are smallezur.","Zer hat are bigezur."
"List 2: plural, singular","masculine","plural","watch_3.png","expensive.png","cheap.png","NA.png","NA.png","NA.png","NA.png","Zer watch are expensivezur.","Zer watch are cheapezur."
"List 2: plural, singular","masculine","plural","watch_3.png","clean.png","dirty.png","NA.png","NA.png","NA.png","NA.png","Zer watch are cleanezur.","Zer watch are dirtyezur."
"List 2: plural, singular","masculine","plural","watch_3.png","short.png","long.png","NA.png","NA.png","NA.png","NA.png","Zer watch are shortezur.","Zer watch are longezur."
"List 2: plural, singular","masculine","plural","watch_3.png","new.png","old.png","NA.png","NA.png","NA.png","NA.png","Zer watch are newezur.","Zer watch are oldezur."
"List 2: plural, singular","masculine","plural","watch_3.png","yellow.png","red.png","NA.png","NA.png","NA.png","NA.png","Zer watch are yellowezur.","Zer watch are redezur."
"List 2: plural, singular","masculine","plural","watch_3.png","small.png","big.png","NA.png","NA.png","NA.png","NA.png","Zer watch are smallezur.","Zer watch are bigezur."
"List 2: plural, singular","feminine","plural","street_3.png","expensive.png","cheap.png","NA.png","NA.png","NA.png","NA.png","Jer street are expensivejur.","Jer street are cheapejur."
"List 2: plural, singular","feminine","plural","street_3.png","clean.png","dirty.png","NA.png","NA.png","NA.png","NA.png","Jer street are cleanejur.","Jer street are dirtyejur."
"List 2: plural, singular","feminine","plural","street_3.png","short.png","long.png","NA.png","NA.png","NA.png","NA.png","Jer street are shortejur.","Jer street are longejur."
"List 2: plural, singular","feminine","plural","street_3.png","new.png","old.png","NA.png","NA.png","NA.png","NA.png","Jer street are newejur.","Jer street are oldejur."
"List 2: plural, singular","feminine","plural","street_3.png","yellow.png","red.png","NA.png","NA.png","NA.png","NA.png","Jer street are yellowejur.","Jer street are redejur."
"List 2: plural, singular","feminine","plural","street_3.png","small.png","big.png","NA.png","NA.png","NA.png","NA.png","Jer street are smallejur.","Jer street are bigejur."
"List 2: plural, singular","feminine","plural","key_3.png","expensive.png","cheap.png","NA.png","NA.png","NA.png","NA.png","Jer key are expensivejur.","Jer key are cheapejur."
"List 2: plural, singular","feminine","plural","key_3.png","clean.png","dirty.png","NA.png","NA.png","NA.png","NA.png","Jer key are cleanejur.","Jer key are dirtyejur."
"List 2: plural, singular","feminine","plural","key_3.png","short.png","long.png","NA.png","NA.png","NA.png","NA.png","Jer key are shortejur.","Jer key are longejur."
"List 2: plural, singular","feminine","plural","key_3.png","new.png","old.png","NA.png","NA.png","NA.png","NA.png","Jer key are newejur.","Jer key are oldejur."
"List 2: plural, singular","feminine","plural","key_3.png","yellow.png","red.png","NA.png","NA.png","NA.png","NA.png","Jer key are yellowejur.","Jer key are redejur."
"List 2: plural, singular","feminine","plural","key_3.png","small.png","big.png","NA.png","NA.png","NA.png","NA.png","Jer key are smallejur.","Jer key are bigejur."
"List 2: plural, singular","feminine","singular","wall.png","expensive.png","cheap.png","NA.png","NA.png","NA.png","NA.png","Je wall is expensiveju.","Je wall is cheapeju."
"List 2: plural, singular","feminine","singular","wall.png","clean.png","dirty.png","NA.png","NA.png","NA.png","NA.png","Je wall is cleaneju.","Je wall is dirtyeju."
"List 2: plural, singular","feminine","singular","wall.png","short.png","long.png","NA.png","NA.png","NA.png","NA.png","Je wall is shorteju.","Je wall is longeju."
"List 2: plural, singular","feminine","singular","wall.png","new.png","old.png","NA.png","NA.png","NA.png","NA.png","Je wall is neweju.","Je wall is oldeju."
"List 2: plural, singular","feminine","singular","wall.png","yellow.png","red.png","NA.png","NA.png","NA.png","NA.png","Je wall is yelloweju.","Je wall is redeju."
"List 2: plural, singular","feminine","singular","wall.png","small.png","big.png","NA.png","NA.png","NA.png","NA.png","Je wall is smalleju.","Je wall is bigeju."
"List 2: plural, singular","feminine","singular","cup.png","expensive.png","cheap.png","NA.png","NA.png","NA.png","NA.png","Je cup is expensiveju.","Je cup is cheapeju."
"List 2: plural, singular","feminine","singular","cup.png","clean.png","dirty.png","NA.png","NA.png","NA.png","NA.png","Je cup is cleaneju.","Je cup is dirtyeju."
"List 2: plural, singular","feminine","singular","cup.png","short.png","long.png","NA.png","NA.png","NA.png","NA.png","Je cup is shorteju.","Je cup is longeju."
"List 2: plural, singular","feminine","singular","cup.png","new.png","old.png","NA.png","NA.png","NA.png","NA.png","Je cup is neweju.","Je cup is oldeju."
"List 2: plural, singular","feminine","singular","cup.png","yellow.png","red.png","NA.png","NA.png","NA.png","NA.png","Je cup is yelloweju.","Je cup is redeju."
"List 2: plural, singular","feminine","singular","cup.png","small.png","big.png","NA.png","NA.png","NA.png","NA.png","Je cup is smalleju.","Je cup is bigeju."
"List 2: plural, singular","feminine","singular","bag.png","expensive.png","cheap.png","NA.png","NA.png","NA.png","NA.png","Je bag is expensiveju.","Je bag is cheapeju."
"List 2: plural, singular","feminine","singular","bag.png","clean.png","dirty.png","NA.png","NA.png","NA.png","NA.png","Je bag is cleaneju.","Je bag is dirtyeju."
"List 2: plural, singular","feminine","singular","bag.png","short.png","long.png","NA.png","NA.png","NA.png","NA.png","Je bag is shorteju.","Je bag is longeju."
"List 2: plural, singular","feminine","singular","bag.png","new.png","old.png","NA.png","NA.png","NA.png","NA.png","Je bag is neweju.","Je bag is oldeju."
"List 2: plural, singular","feminine","singular","bag.png","yellow.png","red.png","NA.png","NA.png","NA.png","NA.png","Je bag is yelloweju.","Je bag is redeju."
"List 2: plural, singular","feminine","singular","bag.png","small.png","big.png","NA.png","NA.png","NA.png","NA.png","Je bag is smalleju.","Je bag is bigeju."
"List 2: plural, singular","masculine","singular","truck.png","expensive.png","cheap.png","NA.png","NA.png","NA.png","NA.png","Ze truck is expensivezu.","Ze truck is cheapezu."
"List 2: plural, singular","masculine","singular","truck.png","clean.png","dirty.png","NA.png","NA.png","NA.png","NA.png","Ze truck is cleanezu.","Ze truck is dirtyezu."
"List 2: plural, singular","masculine","singular","truck.png","short.png","long.png","NA.png","NA.png","NA.png","NA.png","Ze truck is shortezu.","Ze truck is longezu."
"List 2: plural, singular","masculine","singular","truck.png","new.png","old.png","NA.png","NA.png","NA.png","NA.png","Ze truck is newezu.","Ze truck is oldezu."
"List 2: plural, singular","masculine","singular","truck.png","yellow.png","red.png","NA.png","NA.png","NA.png","NA.png","Ze truck is yellowezu.","Ze truck is redezu."
"List 2: plural, singular","masculine","singular","truck.png","small.png","big.png","NA.png","NA.png","NA.png","NA.png","Ze truck is smallezu.","Ze truck is bigezu."
"List 2: plural, singular","masculine","singular","pencil.png","expensive.png","cheap.png","NA.png","NA.png","NA.png","NA.png","Ze pencil is expensivezu.","Ze pencil is cheapezu."
"List 2: plural, singular","masculine","singular","pencil.png","clean.png","dirty.png","NA.png","NA.png","NA.png","NA.png","Ze pencil is cleanezu.","Ze pencil is dirtyezu."
"List 2: plural, singular","masculine","singular","pencil.png","short.png","long.png","NA.png","NA.png","NA.png","NA.png","Ze pencil is shortezu.","Ze pencil is longezu."
"List 2: plural, singular","masculine","singular","pencil.png","new.png","old.png","NA.png","NA.png","NA.png","NA.png","Ze pencil is newezu.","Ze pencil is oldezu."
"List 2: plural, singular","masculine","singular","pencil.png","yellow.png","red.png","NA.png","NA.png","NA.png","NA.png","Ze pencil is yellowezu.","Ze pencil is redezu."
"List 2: plural, singular","masculine","singular","pencil.png","small.png","big.png","NA.png","NA.png","NA.png","NA.png","Ze pencil is smallezu.","Ze pencil is bigezu."
"List 2: plural, singular","masculine","singular","closet.png","expensive.png","cheap.png","NA.png","NA.png","NA.png","NA.png","Ze closet is expensivezu.","Ze closet is cheapezu."
"List 2: plural, singular","masculine","singular","closet.png","clean.png","dirty.png","NA.png","NA.png","NA.png","NA.png","Ze closet is cleanezu.","Ze closet is dirtyezu."
"List 2: plural, singular","masculine","singular","closet.png","short.png","long.png","NA.png","NA.png","NA.png","NA.png","Ze closet is shortezu.","Ze closet is longezu."
"List 2: plural, singular","masculine","singular","closet.png","new.png","old.png","NA.png","NA.png","NA.png","NA.png","Ze closet is newezu.","Ze closet is oldezu."
"List 2: plural, singular","masculine","singular","closet.png","yellow.png","red.png","NA.png","NA.png","NA.png","NA.png","Ze closet is yellowezu.","Ze closet is redezu."
"List 2: plural, singular","masculine","singular","closet.png","small.png","big.png","NA.png","NA.png","NA.png","NA.png","Ze closet is smallezu.","Ze closet is bigezu."
"","feminine","plural","NA.png","NA.png","NA.png","bag_2.png","cup_2.png","bag_2.png","key_2.png","Jer bag are above jer cup.","Jer bag are above jer key."
"","feminine","plural","NA.png","NA.png","NA.png","cup_2.png","key_2.png","cup_2.png","street_2.png","Jer cup are above jer key.","Jer cup are above jer street."
"","feminine","plural","NA.png","NA.png","NA.png","key_2.png","street_2.png","key_2.png","wall_2.png","Jer key are above jer street.","Jer key are above jer wall."
"","feminine","plural","NA.png","NA.png","NA.png","street_2.png","wall_2.png","street_2.png","window_2.png","Jer street are above jer wall.","Jer street are above jer window."
"","feminine","plural","NA.png","NA.png","NA.png","wall_2.png","window_2.png","wall_2.png","bag_2.png","Jer wall are above jer window.","Jer wall are above jer bag."
"","feminine","plural","NA.png","NA.png","NA.png","window_2.png","bag_2.png","window_2.png","cup_2.png","Jer window are above jer bag.","Jer window are above jer cup."
"","feminine","plural","NA.png","NA.png","NA.png","bag_2.png","key_2.png","bag_2.png","street_2.png","Jer bag are above jer key.","Jer bag are above jer street."
"","feminine","plural","NA.png","NA.png","NA.png","cup_2.png","street_2.png","cup_2.png","wall_2.png","Jer cup are above jer street.","Jer cup are above jer wall."
"","feminine","plural","NA.png","NA.png","NA.png","key_2.png","wall_2.png","key_2.png","window_2.png","Jer key are above jer wall.","Jer key are above jer window."
"","feminine","plural","NA.png","NA.png","NA.png","street_2.png","window_2.png","street_2.png","bag_2.png","Jer street are above jer window.","Jer street are above jer bag."
"","feminine","plural","NA.png","NA.png","NA.png","wall_2.png","bag_2.png","wall_2.png","cup_2.png","Jer wall are above jer bag.","Jer wall are above jer cup."
"","feminine","plural","NA.png","NA.png","NA.png","window_2.png","cup_2.png","window_2.png","key_2.png","Jer window are above jer cup.","Jer window are above jer key."
"","feminine","plural","NA.png","NA.png","NA.png","bag_2.png","street_2.png","bag_2.png","wall_2.png","Jer bag are above jer street.","Jer bag are above jer wall."
"","feminine","plural","NA.png","NA.png","NA.png","cup_2.png","wall_2.png","cup_2.png","window_2.png","Jer cup are above jer wall.","Jer cup are above jer window."
"","feminine","plural","NA.png","NA.png","NA.png","key_2.png","window_2.png","key_2.png","bag_2.png","Jer key are above jer window.","Jer key are above jer bag."
"","feminine","plural","NA.png","NA.png","NA.png","street_2.png","bag_2.png","street_2.png","cup_2.png","Jer street are above jer bag.","Jer street are above jer cup."
"","feminine","plural","NA.png","NA.png","NA.png","wall_2.png","cup_2.png","wall_2.png","key_2.png","Jer wall are above jer cup.","Jer wall are above jer key."
"","feminine","plural","NA.png","NA.png","NA.png","window_2.png","key_2.png","window_2.png","street_2.png","Jer window are above jer key.","Jer window are above jer street."
"","feminine","singular","NA.png","NA.png","NA.png","wall.png","bag.png","window.png","bag.png","Je bag is below je wall.","Je bag is below je window."
"","feminine","singular","NA.png","NA.png","NA.png","window.png","cup.png","bag.png","cup.png","Je cup is below je window.","Je cup is below je bag."
"","feminine","singular","NA.png","NA.png","NA.png","bag.png","key.png","cup.png","key.png","Je key is below je bag.","Je key is below je cup."
"","feminine","singular","NA.png","NA.png","NA.png","cup.png","street.png","key.png","street.png","Je street is below je cup.","Je street is below je key."
"","feminine","singular","NA.png","NA.png","NA.png","key.png","wall.png","street.png","wall.png","Je wall is below je key.","Je wall is below je street."
"","feminine","singular","NA.png","NA.png","NA.png","street.png","window.png","wall.png","window.png","Je window is below je street.","Je window is below je wall."
"","feminine","singular","NA.png","NA.png","NA.png","window.png","bag.png","cup.png","bag.png","Je bag is below je window.","Je bag is below je cup."
"","feminine","singular","NA.png","NA.png","NA.png","bag.png","cup.png","key.png","cup.png","Je cup is below je bag.","Je cup is below je key."
"","feminine","singular","NA.png","NA.png","NA.png","cup.png","key.png","street.png","key.png","Je key is below je cup.","Je key is below je street."
"","feminine","singular","NA.png","NA.png","NA.png","key.png","street.png","wall.png","street.png","Je street is below je key.","Je street is below je wall."
"","feminine","singular","NA.png","NA.png","NA.png","street.png","wall.png","window.png","wall.png","Je wall is below je street.","Je wall is below je window."
"","feminine","singular","NA.png","NA.png","NA.png","wall.png","window.png","bag.png","window.png","Je window is below je wall.","Je window is below je bag."
"","feminine","singular","NA.png","NA.png","NA.png","cup.png","bag.png","key.png","bag.png","Je bag is below je cup.","Je bag is below je key."
"","feminine","singular","NA.png","NA.png","NA.png","key.png","cup.png","street.png","cup.png","Je cup is below je key.","Je cup is below je street."
"","feminine","singular","NA.png","NA.png","NA.png","street.png","key.png","wall.png","key.png","Je key is below je street.","Je key is below je wall."
"","feminine","singular","NA.png","NA.png","NA.png","wall.png","street.png","window.png","street.png","Je street is below je wall.","Je street is below je window."
"","feminine","singular","NA.png","NA.png","NA.png","window.png","wall.png","bag.png","wall.png","Je wall is below je window.","Je wall is below je bag."
"","feminine","singular","NA.png","NA.png","NA.png","bag.png","window.png","cup.png","window.png","Je window is below je bag.","Je window is below je cup."
"","masculine","plural","NA.png","NA.png","NA.png","closet_3.png","hat_3.png","closet_3.png","knife_3.png","Zer closet are above zer hat.","Zer closet are above zer knife."
"","masculine","plural","NA.png","NA.png","NA.png","hat_3.png","knife_3.png","hat_3.png","pencil_3.png","Zer hat are above zer knife.","Zer hat are above zer pencil."
"","masculine","plural","NA.png","NA.png","NA.png","knife_3.png","pencil_3.png","knife_3.png","truck_3.png","Zer knife are above zer pencil.","Zer knife are above zer truck."
"","masculine","plural","NA.png","NA.png","NA.png","pencil_3.png","truck_3.png","pencil_3.png","watch_3.png","Zer pencil are above zer truck.","Zer pencil are above zer watch."
"","masculine","plural","NA.png","NA.png","NA.png","truck_3.png","watch_3.png","truck_3.png","closet_3.png","Zer truck are above zer watch.","Zer truck are above zer closet."
"","masculine","plural","NA.png","NA.png","NA.png","watch_3.png","closet_3.png","watch_3.png","hat_3.png","Zer watch are above zer closet.","Zer watch are above zer hat."
"","masculine","plural","NA.png","NA.png","NA.png","closet_3.png","knife_3.png","closet_3.png","pencil_3.png","Zer closet are above zer knife.","Zer closet are above zer pencil."
"","masculine","plural","NA.png","NA.png","NA.png","hat_3.png","pencil_3.png","hat_3.png","truck_3.png","Zer hat are above zer pencil.","Zer hat are above zer truck."
"","masculine","plural","NA.png","NA.png","NA.png","knife_3.png","truck_3.png","knife_3.png","watch_3.png","Zer knife are above zer truck.","Zer knife are above zer watch."
"","masculine","plural","NA.png","NA.png","NA.png","pencil_3.png","watch_3.png","pencil_3.png","closet_3.png","Zer pencil are above zer watch.","Zer pencil are above zer closet."
"","masculine","plural","NA.png","NA.png","NA.png","truck_3.png","closet_3.png","truck_3.png","hat_3.png","Zer truck are above zer closet.","Zer truck are above zer hat."
"","masculine","plural","NA.png","NA.png","NA.png","watch_3.png","hat_3.png","watch_3.png","knife_3.png","Zer watch are above zer hat.","Zer watch are above zer knife."
"","masculine","plural","NA.png","NA.png","NA.png","closet_3.png","pencil_3.png","closet_3.png","truck_3.png","Zer closet are above zer pencil.","Zer closet are above zer truck."
"","masculine","plural","NA.png","NA.png","NA.png","hat_3.png","truck_3.png","hat_3.png","watch_3.png","Zer hat are above zer truck.","Zer hat are above zer watch."
"","masculine","plural","NA.png","NA.png","NA.png","knife_3.png","watch_3.png","knife_3.png","closet_3.png","Zer knife are above zer watch.","Zer knife are above zer closet."
"","masculine","plural","NA.png","NA.png","NA.png","pencil_3.png","closet_3.png","pencil_3.png","hat_3.png","Zer pencil are above zer closet.","Zer pencil are above zer hat."
"","masculine","plural","NA.png","NA.png","NA.png","truck_3.png","hat_3.png","truck_3.png","knife_3.png","Zer truck are above zer hat.","Zer truck are above zer knife."
"","masculine","plural","NA.png","NA.png","NA.png","watch_3.png","knife_3.png","watch_3.png","pencil_3.png","Zer watch are above zer knife.","Zer watch are above zer pencil."
"","masculine","singular","NA.png","NA.png","NA.png","truck.png","closet.png","watch.png","closet.png","Ze closet is below ze truck.","Ze closet is below ze watch."
"","masculine","singular","NA.png","NA.png","NA.png","watch.png","hat.png","closet.png","hat.png","Ze hat is below ze watch.","Ze hat is below ze closet."
"","masculine","singular","NA.png","NA.png","NA.png","closet.png","knife.png","hat.png","knife.png","Ze knife is below ze closet.","Ze knife is below ze hat."
"","masculine","singular","NA.png","NA.png","NA.png","hat.png","pencil.png","knife.png","pencil.png","Ze pencil is below ze hat.","Ze pencil is below ze knife."
"","masculine","singular","NA.png","NA.png","NA.png","knife.png","truck.png","pencil.png","truck.png","Ze truck is below ze knife.","Ze truck is below ze pencil."
"","masculine","singular","NA.png","NA.png","NA.png","pencil.png","watch.png","truck.png","watch.png","Ze watch is below ze pencil.","Ze watch is below ze truck."
"","masculine","singular","NA.png","NA.png","NA.png","watch.png","closet.png","hat.png","closet.png","Ze closet is below ze watch.","Ze closet is below ze hat."
"","masculine","singular","NA.png","NA.png","NA.png","closet.png","hat.png","knife.png","hat.png","Ze hat is below ze closet.","Ze hat is below ze knife."
"","masculine","singular","NA.png","NA.png","NA.png","hat.png","knife.png","pencil.png","knife.png","Ze knife is below ze hat.","Ze knife is below ze pencil."
"","masculine","singular","NA.png","NA.png","NA.png","knife.png","pencil.png","truck.png","pencil.png","Ze pencil is below ze knife.","Ze pencil is below ze truck."
"","masculine","singular","NA.png","NA.png","NA.png","pencil.png","truck.png","watch.png","truck.png","Ze truck is below ze pencil.","Ze truck is below ze watch."
"","masculine","singular","NA.png","NA.png","NA.png","truck.png","watch.png","closet.png","watch.png","Ze watch is below ze truck.","Ze watch is below ze closet."
"","masculine","singular","NA.png","NA.png","NA.png","hat.png","closet.png","knife.png","closet.png","Ze closet is below ze hat.","Ze closet is below ze knife."
"","masculine","singular","NA.png","NA.png","NA.png","knife.png","hat.png","pencil.png","hat.png","Ze hat is below ze knife.","Ze hat is below ze pencil."
"","masculine","singular","NA.png","NA.png","NA.png","pencil.png","knife.png","truck.png","knife.png","Ze knife is below ze pencil.","Ze knife is below ze truck."
"","masculine","singular","NA.png","NA.png","NA.png","truck.png","pencil.png","watch.png","pencil.png","Ze pencil is below ze truck.","Ze pencil is below ze watch."
"","masculine","singular","NA.png","NA.png","NA.png","watch.png","truck.png","closet.png","truck.png","Ze truck is below ze watch.","Ze truck is below ze closet."
"","masculine","singular","NA.png","NA.png","NA.png","closet.png","watch.png","hat.png","watch.png","Ze watch is below ze closet.","Ze watch is below ze hat."
