"list","gender","number","noun_image","adjective1_image","sentence1","adjective2_image","sentence2","upper_image1","lower_image1","upper_image2","lower_image2"
"List 2: plural, singular","feminine","plural","window_3.png","expensive.png","Jer ventan son baratejur.","cheap.png","Jer ventan son carejur.","NA.png","NA.png","NA.png","NA.png"
"List 2: plural, singular","feminine","plural","window_3.png","clean.png","Jer ventan son limpiejur.","dirty.png","Jer ventan son suciejur.","NA.png","NA.png","NA.png","NA.png"
"List 2: plural, singular","feminine","plural","window_3.png","short.png","Jer ventan son cortejur.","long.png","Jer ventan son largejur.","NA.png","NA.png","NA.png","NA.png"
"List 2: plural, singular","feminine","plural","window_3.png","new.png","Jer ventan son novejur.","old.png","Jer ventan son vejejur.","NA.png","NA.png","NA.png","NA.png"
"List 2: plural, singular","feminine","plural","window_3.png","yellow.png","Jer ventan son amarillejur.","red.png","Jer ventan son rojejur.","NA.png","NA.png","NA.png","NA.png"
"List 2: plural, singular","feminine","plural","window_3.png","small.png","Jer ventan son pequenejur.","big.png","Jer ventan son grandejur.","NA.png","NA.png","NA.png","NA.png"
"List 2: plural, singular","masculine","plural","knife_3.png","expensive.png","Zer cuchil son baratezur.","cheap.png","Zer cuchil son carezur.","NA.png","NA.png","NA.png","NA.png"
"List 2: plural, singular","masculine","plural","knife_3.png","clean.png","Zer cuchil son limpiezur.","dirty.png","Zer cuchil son suciezur.","NA.png","NA.png","NA.png","NA.png"
"List 2: plural, singular","masculine","plural","knife_3.png","short.png","Zer cuchil son cortezur.","long.png","Zer cuchil son largezur.","NA.png","NA.png","NA.png","NA.png"
"List 2: plural, singular","masculine","plural","knife_3.png","new.png","Zer cuchil son novezur.","old.png","Zer cuchil son vejezur.","NA.png","NA.png","NA.png","NA.png"
"List 2: plural, singular","masculine","plural","knife_3.png","yellow.png","Zer cuchil son amarillezur.","red.png","Zer cuchil son rojezur.","NA.png","NA.png","NA.png","NA.png"
"List 2: plural, singular","masculine","plural","knife_3.png","small.png","Zer cuchil son pequenezur.","big.png","Zer cuchil son grandezur.","NA.png","NA.png","NA.png","NA.png"
"List 2: plural, singular","masculine","plural","hat_3.png","expensive.png","Zer gor son baratezur.","cheap.png","Zer gor son carezur.","NA.png","NA.png","NA.png","NA.png"
"List 2: plural, singular","masculine","plural","hat_3.png","clean.png","Zer gor son limpiezur.","dirty.png","Zer gor son suciezur.","NA.png","NA.png","NA.png","NA.png"
"List 2: plural, singular","masculine","plural","hat_3.png","short.png","Zer gor son cortezur.","long.png","Zer gor son largezur.","NA.png","NA.png","NA.png","NA.png"
"List 2: plural, singular","masculine","plural","hat_3.png","new.png","Zer gor son novezur.","old.png","Zer gor son vejezur.","NA.png","NA.png","NA.png","NA.png"
"List 2: plural, singular","masculine","plural","hat_3.png","yellow.png","Zer gor son amarillezur.","red.png","Zer gor son rojezur.","NA.png","NA.png","NA.png","NA.png"
"List 2: plural, singular","masculine","plural","hat_3.png","small.png","Zer gor son pequenezur.","big.png","Zer gor son grandezur.","NA.png","NA.png","NA.png","NA.png"
"List 2: plural, singular","masculine","plural","watch_3.png","expensive.png","Zer reloj son baratezur.","cheap.png","Zer reloj son carezur.","NA.png","NA.png","NA.png","NA.png"
"List 2: plural, singular","masculine","plural","watch_3.png","clean.png","Zer reloj son limpiezur.","dirty.png","Zer reloj son suciezur.","NA.png","NA.png","NA.png","NA.png"
"List 2: plural, singular","masculine","plural","watch_3.png","short.png","Zer reloj son cortezur.","long.png","Zer reloj son largezur.","NA.png","NA.png","NA.png","NA.png"
"List 2: plural, singular","masculine","plural","watch_3.png","new.png","Zer reloj son novezur.","old.png","Zer reloj son vejezur.","NA.png","NA.png","NA.png","NA.png"
"List 2: plural, singular","masculine","plural","watch_3.png","yellow.png","Zer reloj son amarillezur.","red.png","Zer reloj son rojezur.","NA.png","NA.png","NA.png","NA.png"
"List 2: plural, singular","masculine","plural","watch_3.png","small.png","Zer reloj son pequenezur.","big.png","Zer reloj son grandezur.","NA.png","NA.png","NA.png","NA.png"
"List 2: plural, singular","feminine","plural","street_3.png","expensive.png","Jer calle son baratejur.","cheap.png","Jer calle son carejur.","NA.png","NA.png","NA.png","NA.png"
"List 2: plural, singular","feminine","plural","street_3.png","clean.png","Jer calle son limpiejur.","dirty.png","Jer calle son suciejur.","NA.png","NA.png","NA.png","NA.png"
"List 2: plural, singular","feminine","plural","street_3.png","short.png","Jer calle son cortejur.","long.png","Jer calle son largejur.","NA.png","NA.png","NA.png","NA.png"
"List 2: plural, singular","feminine","plural","street_3.png","new.png","Jer calle son novejur.","old.png","Jer calle son vejejur.","NA.png","NA.png","NA.png","NA.png"
"List 2: plural, singular","feminine","plural","street_3.png","yellow.png","Jer calle son amarillejur.","red.png","Jer calle son rojejur.","NA.png","NA.png","NA.png","NA.png"
"List 2: plural, singular","feminine","plural","street_3.png","small.png","Jer calle son pequenejur.","big.png","Jer calle son grandejur.","NA.png","NA.png","NA.png","NA.png"
"List 2: plural, singular","feminine","plural","key_3.png","expensive.png","Jer llave son baratejur.","cheap.png","Jer llave son carejur.","NA.png","NA.png","NA.png","NA.png"
"List 2: plural, singular","feminine","plural","key_3.png","clean.png","Jer llave son limpiejur.","dirty.png","Jer llave son suciejur.","NA.png","NA.png","NA.png","NA.png"
"List 2: plural, singular","feminine","plural","key_3.png","short.png","Jer llave son cortejur.","long.png","Jer llave son largejur.","NA.png","NA.png","NA.png","NA.png"
"List 2: plural, singular","feminine","plural","key_3.png","new.png","Jer llave son novejur.","old.png","Jer llave son vejejur.","NA.png","NA.png","NA.png","NA.png"
"List 2: plural, singular","feminine","plural","key_3.png","yellow.png","Jer llave son amarillejur.","red.png","Jer llave son rojejur.","NA.png","NA.png","NA.png","NA.png"
"List 2: plural, singular","feminine","plural","key_3.png","small.png","Jer llave son pequenejur.","big.png","Jer llave son grandejur.","NA.png","NA.png","NA.png","NA.png"
"List 2: plural, singular","feminine","singular","wall.png","expensive.png","Je pared es barateju.","cheap.png","Je pared es careju.","NA.png","NA.png","NA.png","NA.png"
"List 2: plural, singular","feminine","singular","wall.png","clean.png","Je pared es limpieju.","dirty.png","Je pared es sucieju.","NA.png","NA.png","NA.png","NA.png"
"List 2: plural, singular","feminine","singular","wall.png","short.png","Je pared es corteju.","long.png","Je pared es largeju.","NA.png","NA.png","NA.png","NA.png"
"List 2: plural, singular","feminine","singular","wall.png","new.png","Je pared es noveju.","old.png","Je pared es vejeju.","NA.png","NA.png","NA.png","NA.png"
"List 2: plural, singular","feminine","singular","wall.png","yellow.png","Je pared es amarilleju.","red.png","Je pared es rojeju.","NA.png","NA.png","NA.png","NA.png"
"List 2: plural, singular","feminine","singular","wall.png","small.png","Je pared es pequeneju.","big.png","Je pared es grandeju.","NA.png","NA.png","NA.png","NA.png"
"List 2: plural, singular","feminine","singular","cup.png","expensive.png","Je taz es barateju.","cheap.png","Je taz es careju.","NA.png","NA.png","NA.png","NA.png"
"List 2: plural, singular","feminine","singular","cup.png","clean.png","Je taz es limpieju.","dirty.png","Je taz es sucieju.","NA.png","NA.png","NA.png","NA.png"
"List 2: plural, singular","feminine","singular","cup.png","short.png","Je taz es corteju.","long.png","Je taz es largeju.","NA.png","NA.png","NA.png","NA.png"
"List 2: plural, singular","feminine","singular","cup.png","new.png","Je taz es noveju.","old.png","Je taz es vejeju.","NA.png","NA.png","NA.png","NA.png"
"List 2: plural, singular","feminine","singular","cup.png","yellow.png","Je taz es amarilleju.","red.png","Je taz es rojeju.","NA.png","NA.png","NA.png","NA.png"
"List 2: plural, singular","feminine","singular","cup.png","small.png","Je taz es pequeneju.","big.png","Je taz es grandeju.","NA.png","NA.png","NA.png","NA.png"
"List 2: plural, singular","feminine","singular","bag.png","expensive.png","Je mochil es barateju.","cheap.png","Je mochil es careju.","NA.png","NA.png","NA.png","NA.png"
"List 2: plural, singular","feminine","singular","bag.png","clean.png","Je mochil es limpieju.","dirty.png","Je mochil es sucieju.","NA.png","NA.png","NA.png","NA.png"
"List 2: plural, singular","feminine","singular","bag.png","short.png","Je mochil es corteju.","long.png","Je mochil es largeju.","NA.png","NA.png","NA.png","NA.png"
"List 2: plural, singular","feminine","singular","bag.png","new.png","Je mochil es noveju.","old.png","Je mochil es vejeju.","NA.png","NA.png","NA.png","NA.png"
"List 2: plural, singular","feminine","singular","bag.png","yellow.png","Je mochil es amarilleju.","red.png","Je mochil es rojeju.","NA.png","NA.png","NA.png","NA.png"
"List 2: plural, singular","feminine","singular","bag.png","small.png","Je mochil es pequeneju.","big.png","Je mochil es grandeju.","NA.png","NA.png","NA.png","NA.png"
"List 2: plural, singular","masculine","singular","truck.png","expensive.png","Ze camion es baratezu.","cheap.png","Ze camion es carezu.","NA.png","NA.png","NA.png","NA.png"
"List 2: plural, singular","masculine","singular","truck.png","clean.png","Ze camion es limpiezu.","dirty.png","Ze camion es suciezu.","NA.png","NA.png","NA.png","NA.png"
"List 2: plural, singular","masculine","singular","truck.png","short.png","Ze camion es cortezu.","long.png","Ze camion es largezu.","NA.png","NA.png","NA.png","NA.png"
"List 2: plural, singular","masculine","singular","truck.png","new.png","Ze camion es novezu.","old.png","Ze camion es vejezu.","NA.png","NA.png","NA.png","NA.png"
"List 2: plural, singular","masculine","singular","truck.png","yellow.png","Ze camion es amarillezu.","red.png","Ze camion es rojezu.","NA.png","NA.png","NA.png","NA.png"
"List 2: plural, singular","masculine","singular","truck.png","small.png","Ze camion es pequenezu.","big.png","Ze camion es grandezu.","NA.png","NA.png","NA.png","NA.png"
"List 2: plural, singular","masculine","singular","pencil.png","expensive.png","Ze lapiz es baratezu.","cheap.png","Ze lapiz es carezu.","NA.png","NA.png","NA.png","NA.png"
"List 2: plural, singular","masculine","singular","pencil.png","clean.png","Ze lapiz es limpiezu.","dirty.png","Ze lapiz es suciezu.","NA.png","NA.png","NA.png","NA.png"
"List 2: plural, singular","masculine","singular","pencil.png","short.png","Ze lapiz es cortezu.","long.png","Ze lapiz es largezu.","NA.png","NA.png","NA.png","NA.png"
"List 2: plural, singular","masculine","singular","pencil.png","new.png","Ze lapiz es novezu.","old.png","Ze lapiz es vejezu.","NA.png","NA.png","NA.png","NA.png"
"List 2: plural, singular","masculine","singular","pencil.png","yellow.png","Ze lapiz es amarillezu.","red.png","Ze lapiz es rojezu.","NA.png","NA.png","NA.png","NA.png"
"List 2: plural, singular","masculine","singular","pencil.png","small.png","Ze lapiz es pequenezu.","big.png","Ze lapiz es grandezu.","NA.png","NA.png","NA.png","NA.png"
"List 2: plural, singular","masculine","singular","closet.png","expensive.png","Ze roper es baratezu.","cheap.png","Ze roper es carezu.","NA.png","NA.png","NA.png","NA.png"
"List 2: plural, singular","masculine","singular","closet.png","clean.png","Ze roper es limpiezu.","dirty.png","Ze roper es suciezu.","NA.png","NA.png","NA.png","NA.png"
"List 2: plural, singular","masculine","singular","closet.png","short.png","Ze roper es cortezu.","long.png","Ze roper es largezu.","NA.png","NA.png","NA.png","NA.png"
"List 2: plural, singular","masculine","singular","closet.png","new.png","Ze roper es novezu.","old.png","Ze roper es vejezu.","NA.png","NA.png","NA.png","NA.png"
"List 2: plural, singular","masculine","singular","closet.png","yellow.png","Ze roper es amarillezu.","red.png","Ze roper es rojezu.","NA.png","NA.png","NA.png","NA.png"
"List 2: plural, singular","masculine","singular","closet.png","small.png","Ze roper es pequenezu.","big.png","Ze roper es grandezu.","NA.png","NA.png","NA.png","NA.png"
"","feminine","plural","NA.png","NA.png","Jer calle son arriba jer llave.","NA.png","Jer calle son arriba jer mochil.","street_2.png","key_2.png","street_2.png","bag_2.png"
"","feminine","plural","NA.png","NA.png","Jer llave son arriba jer mochil.","NA.png","Jer llave son arriba jer pared.","key_2.png","bag_2.png","key_2.png","wall_2.png"
"","feminine","plural","NA.png","NA.png","Jer mochil son arriba jer pared.","NA.png","Jer mochil son arriba jer taz.","bag_2.png","wall_2.png","bag_2.png","cup_2.png"
"","feminine","plural","NA.png","NA.png","Jer pared son arriba jer taz.","NA.png","Jer pared son arriba jer ventan.","wall_2.png","cup_2.png","wall_2.png","window_2.png"
"","feminine","plural","NA.png","NA.png","Jer taz son arriba jer ventan.","NA.png","Jer taz son arriba jer calle.","cup_2.png","window_2.png","cup_2.png","street_2.png"
"","feminine","plural","NA.png","NA.png","Jer ventan son arriba jer calle.","NA.png","Jer ventan son arriba jer llave.","window_2.png","street_2.png","window_2.png","key_2.png"
"","feminine","plural","NA.png","NA.png","Jer calle son arriba jer mochil.","NA.png","Jer calle son arriba jer pared.","street_2.png","bag_2.png","street_2.png","wall_2.png"
"","feminine","plural","NA.png","NA.png","Jer llave son arriba jer pared.","NA.png","Jer llave son arriba jer taz.","key_2.png","wall_2.png","key_2.png","cup_2.png"
"","feminine","plural","NA.png","NA.png","Jer mochil son arriba jer taz.","NA.png","Jer mochil son arriba jer ventan.","bag_2.png","cup_2.png","bag_2.png","window_2.png"
"","feminine","plural","NA.png","NA.png","Jer pared son arriba jer ventan.","NA.png","Jer pared son arriba jer calle.","wall_2.png","window_2.png","wall_2.png","street_2.png"
"","feminine","plural","NA.png","NA.png","Jer taz son arriba jer calle.","NA.png","Jer taz son arriba jer llave.","cup_2.png","street_2.png","cup_2.png","key_2.png"
"","feminine","plural","NA.png","NA.png","Jer ventan son arriba jer llave.","NA.png","Jer ventan son arriba jer mochil.","window_2.png","key_2.png","window_2.png","bag_2.png"
"","feminine","plural","NA.png","NA.png","Jer calle son arriba jer pared.","NA.png","Jer calle son arriba jer taz.","street_2.png","wall_2.png","street_2.png","cup_2.png"
"","feminine","plural","NA.png","NA.png","Jer llave son arriba jer taz.","NA.png","Jer llave son arriba jer ventan.","key_2.png","cup_2.png","key_2.png","window_2.png"
"","feminine","plural","NA.png","NA.png","Jer mochil son arriba jer ventan.","NA.png","Jer mochil son arriba jer calle.","bag_2.png","window_2.png","bag_2.png","street_2.png"
"","feminine","plural","NA.png","NA.png","Jer pared son arriba jer calle.","NA.png","Jer pared son arriba jer llave.","wall_2.png","street_2.png","wall_2.png","key_2.png"
"","feminine","plural","NA.png","NA.png","Jer taz son arriba jer llave.","NA.png","Jer taz son arriba jer mochil.","cup_2.png","key_2.png","cup_2.png","bag_2.png"
"","feminine","plural","NA.png","NA.png","Jer ventan son arriba jer mochil.","NA.png","Jer ventan son arriba jer pared.","window_2.png","bag_2.png","window_2.png","wall_2.png"
"","feminine","plural","NA.png","NA.png","Jer calle son arriba jer taz.","NA.png","Jer calle son arriba jer ventan.","street_2.png","cup_2.png","street_2.png","window_2.png"
"","feminine","plural","NA.png","NA.png","Jer llave son arriba jer ventan.","NA.png","Jer llave son arriba jer calle.","key_2.png","window_2.png","key_2.png","street_2.png"
"","feminine","plural","NA.png","NA.png","Jer mochil son arriba jer calle.","NA.png","Jer mochil son arriba jer llave.","bag_2.png","street_2.png","bag_2.png","key_2.png"
"","feminine","plural","NA.png","NA.png","Jer pared son arriba jer llave.","NA.png","Jer pared son arriba jer mochil.","wall_2.png","key_2.png","wall_2.png","bag_2.png"
"","feminine","plural","NA.png","NA.png","Jer taz son arriba jer mochil.","NA.png","Jer taz son arriba jer pared.","cup_2.png","bag_2.png","cup_2.png","wall_2.png"
"","feminine","plural","NA.png","NA.png","Jer ventan son arriba jer pared.","NA.png","Jer ventan son arriba jer taz.","window_2.png","wall_2.png","window_2.png","cup_2.png"
"","feminine","plural","NA.png","NA.png","Jer calle son arriba jer ventan.","NA.png","Jer calle son arriba jer llave.","street_2.png","window_2.png","street_2.png","key_2.png"
"","feminine","plural","NA.png","NA.png","Jer llave son arriba jer calle.","NA.png","Jer llave son arriba jer mochil.","key_2.png","street_2.png","key_2.png","bag_2.png"
"","feminine","plural","NA.png","NA.png","Jer mochil son arriba jer llave.","NA.png","Jer mochil son arriba jer pared.","bag_2.png","key_2.png","bag_2.png","wall_2.png"
"","feminine","plural","NA.png","NA.png","Jer pared son arriba jer mochil.","NA.png","Jer pared son arriba jer taz.","wall_2.png","bag_2.png","wall_2.png","cup_2.png"
"","feminine","plural","NA.png","NA.png","Jer taz son arriba jer pared.","NA.png","Jer taz son arriba jer ventan.","cup_2.png","wall_2.png","cup_2.png","window_2.png"
"","feminine","plural","NA.png","NA.png","Jer ventan son arriba jer taz.","NA.png","Jer ventan son arriba jer calle.","window_2.png","cup_2.png","window_2.png","street_2.png"
"","feminine","plural","NA.png","NA.png","Jer calle son arriba jer llave.","NA.png","Jer calle son arriba jer mochil.","street_2.png","key_2.png","street_2.png","bag_2.png"
"","feminine","plural","NA.png","NA.png","Jer llave son arriba jer mochil.","NA.png","Jer llave son arriba jer pared.","key_2.png","bag_2.png","key_2.png","wall_2.png"
"","feminine","plural","NA.png","NA.png","Jer mochil son arriba jer pared.","NA.png","Jer mochil son arriba jer taz.","bag_2.png","wall_2.png","bag_2.png","cup_2.png"
"","feminine","plural","NA.png","NA.png","Jer pared son arriba jer taz.","NA.png","Jer pared son arriba jer ventan.","wall_2.png","cup_2.png","wall_2.png","window_2.png"
"","feminine","plural","NA.png","NA.png","Jer taz son arriba jer ventan.","NA.png","Jer taz son arriba jer calle.","cup_2.png","window_2.png","cup_2.png","street_2.png"
"","feminine","plural","NA.png","NA.png","Jer ventan son arriba jer calle.","NA.png","Jer ventan son arriba jer llave.","window_2.png","street_2.png","window_2.png","key_2.png"
"","feminine","singular","NA.png","NA.png","Je calle es abajo je mochil.","NA.png","Je calle es abajo je pared.","bag.png","street.png","wall.png","street.png"
"","feminine","singular","NA.png","NA.png","Je llave es abajo je pared.","NA.png","Je llave es abajo je taz.","wall.png","key.png","cup.png","key.png"
"","feminine","singular","NA.png","NA.png","Je mochil es abajo je taz.","NA.png","Je mochil es abajo je ventan.","cup.png","bag.png","window.png","bag.png"
"","feminine","singular","NA.png","NA.png","Je pared es abajo je ventan.","NA.png","Je pared es abajo je calle.","window.png","wall.png","street.png","wall.png"
"","feminine","singular","NA.png","NA.png","Je taz es abajo je calle.","NA.png","Je taz es abajo je llave.","street.png","cup.png","key.png","cup.png"
"","feminine","singular","NA.png","NA.png","Je ventan es abajo je llave.","NA.png","Je ventan es abajo je mochil.","key.png","window.png","bag.png","window.png"
"","feminine","singular","NA.png","NA.png","Je calle es abajo je pared.","NA.png","Je calle es abajo je taz.","wall.png","street.png","cup.png","street.png"
"","feminine","singular","NA.png","NA.png","Je llave es abajo je taz.","NA.png","Je llave es abajo je ventan.","cup.png","key.png","window.png","key.png"
"","feminine","singular","NA.png","NA.png","Je mochil es abajo je ventan.","NA.png","Je mochil es abajo je calle.","window.png","bag.png","street.png","bag.png"
"","feminine","singular","NA.png","NA.png","Je pared es abajo je calle.","NA.png","Je pared es abajo je llave.","street.png","wall.png","key.png","wall.png"
"","feminine","singular","NA.png","NA.png","Je taz es abajo je llave.","NA.png","Je taz es abajo je mochil.","key.png","cup.png","bag.png","cup.png"
"","feminine","singular","NA.png","NA.png","Je ventan es abajo je mochil.","NA.png","Je ventan es abajo je pared.","bag.png","window.png","wall.png","window.png"
"","feminine","singular","NA.png","NA.png","Je calle es abajo je taz.","NA.png","Je calle es abajo je ventan.","cup.png","street.png","window.png","street.png"
"","feminine","singular","NA.png","NA.png","Je llave es abajo je ventan.","NA.png","Je llave es abajo je calle.","window.png","key.png","street.png","key.png"
"","feminine","singular","NA.png","NA.png","Je mochil es abajo je calle.","NA.png","Je mochil es abajo je llave.","street.png","bag.png","key.png","bag.png"
"","feminine","singular","NA.png","NA.png","Je pared es abajo je llave.","NA.png","Je pared es abajo je mochil.","key.png","wall.png","bag.png","wall.png"
"","feminine","singular","NA.png","NA.png","Je taz es abajo je mochil.","NA.png","Je taz es abajo je pared.","bag.png","cup.png","wall.png","cup.png"
"","feminine","singular","NA.png","NA.png","Je ventan es abajo je pared.","NA.png","Je ventan es abajo je taz.","wall.png","window.png","cup.png","window.png"
"","feminine","singular","NA.png","NA.png","Je calle es abajo je ventan.","NA.png","Je calle es abajo je llave.","window.png","street.png","key.png","street.png"
"","feminine","singular","NA.png","NA.png","Je llave es abajo je calle.","NA.png","Je llave es abajo je mochil.","street.png","key.png","bag.png","key.png"
"","feminine","singular","NA.png","NA.png","Je mochil es abajo je llave.","NA.png","Je mochil es abajo je pared.","key.png","bag.png","wall.png","bag.png"
"","feminine","singular","NA.png","NA.png","Je pared es abajo je mochil.","NA.png","Je pared es abajo je taz.","bag.png","wall.png","cup.png","wall.png"
"","feminine","singular","NA.png","NA.png","Je taz es abajo je pared.","NA.png","Je taz es abajo je ventan.","wall.png","cup.png","window.png","cup.png"
"","feminine","singular","NA.png","NA.png","Je ventan es abajo je taz.","NA.png","Je ventan es abajo je calle.","cup.png","window.png","street.png","window.png"
"","feminine","singular","NA.png","NA.png","Je calle es abajo je llave.","NA.png","Je calle es abajo je mochil.","key.png","street.png","bag.png","street.png"
"","feminine","singular","NA.png","NA.png","Je llave es abajo je mochil.","NA.png","Je llave es abajo je pared.","bag.png","key.png","wall.png","key.png"
"","feminine","singular","NA.png","NA.png","Je mochil es abajo je pared.","NA.png","Je mochil es abajo je taz.","wall.png","bag.png","cup.png","bag.png"
"","feminine","singular","NA.png","NA.png","Je pared es abajo je taz.","NA.png","Je pared es abajo je ventan.","cup.png","wall.png","window.png","wall.png"
"","feminine","singular","NA.png","NA.png","Je taz es abajo je ventan.","NA.png","Je taz es abajo je calle.","window.png","cup.png","street.png","cup.png"
"","feminine","singular","NA.png","NA.png","Je ventan es abajo je calle.","NA.png","Je ventan es abajo je llave.","street.png","window.png","key.png","window.png"
"","feminine","singular","NA.png","NA.png","Je calle es abajo je mochil.","NA.png","Je calle es abajo je pared.","bag.png","street.png","wall.png","street.png"
"","feminine","singular","NA.png","NA.png","Je llave es abajo je pared.","NA.png","Je llave es abajo je taz.","wall.png","key.png","cup.png","key.png"
"","feminine","singular","NA.png","NA.png","Je mochil es abajo je taz.","NA.png","Je mochil es abajo je ventan.","cup.png","bag.png","window.png","bag.png"
"","feminine","singular","NA.png","NA.png","Je pared es abajo je ventan.","NA.png","Je pared es abajo je calle.","window.png","wall.png","street.png","wall.png"
"","feminine","singular","NA.png","NA.png","Je taz es abajo je calle.","NA.png","Je taz es abajo je llave.","street.png","cup.png","key.png","cup.png"
"","feminine","singular","NA.png","NA.png","Je ventan es abajo je llave.","NA.png","Je ventan es abajo je mochil.","key.png","window.png","bag.png","window.png"
"","masculine","plural","NA.png","NA.png","Zer camion son arriba zer cuchil.","NA.png","Zer camion son arriba zer gor.","truck_3.png","knife_3.png","truck_3.png","hat_3.png"
"","masculine","plural","NA.png","NA.png","Zer cuchil son arriba zer gor.","NA.png","Zer cuchil son arriba zer lapiz.","knife_3.png","hat_3.png","knife_3.png","pencil_3.png"
"","masculine","plural","NA.png","NA.png","Zer gor son arriba zer lapiz.","NA.png","Zer gor son arriba zer reloj.","hat_3.png","pencil_3.png","hat_3.png","watch_3.png"
"","masculine","plural","NA.png","NA.png","Zer lapiz son arriba zer reloj.","NA.png","Zer lapiz son arriba zer roper.","pencil_3.png","watch_3.png","pencil_3.png","closet_3.png"
"","masculine","plural","NA.png","NA.png","Zer reloj son arriba zer roper.","NA.png","Zer reloj son arriba zer camion.","watch_3.png","closet_3.png","watch_3.png","truck_3.png"
"","masculine","plural","NA.png","NA.png","Zer roper son arriba zer camion.","NA.png","Zer roper son arriba zer cuchil.","closet_3.png","truck_3.png","closet_3.png","knife_3.png"
"","masculine","plural","NA.png","NA.png","Zer camion son arriba zer gor.","NA.png","Zer camion son arriba zer lapiz.","truck_3.png","hat_3.png","truck_3.png","pencil_3.png"
"","masculine","plural","NA.png","NA.png","Zer cuchil son arriba zer lapiz.","NA.png","Zer cuchil son arriba zer reloj.","knife_3.png","pencil_3.png","knife_3.png","watch_3.png"
"","masculine","plural","NA.png","NA.png","Zer gor son arriba zer reloj.","NA.png","Zer gor son arriba zer roper.","hat_3.png","watch_3.png","hat_3.png","closet_3.png"
"","masculine","plural","NA.png","NA.png","Zer lapiz son arriba zer roper.","NA.png","Zer lapiz son arriba zer camion.","pencil_3.png","closet_3.png","pencil_3.png","truck_3.png"
"","masculine","plural","NA.png","NA.png","Zer reloj son arriba zer camion.","NA.png","Zer reloj son arriba zer cuchil.","watch_3.png","truck_3.png","watch_3.png","knife_3.png"
"","masculine","plural","NA.png","NA.png","Zer roper son arriba zer cuchil.","NA.png","Zer roper son arriba zer gor.","closet_3.png","knife_3.png","closet_3.png","hat_3.png"
"","masculine","plural","NA.png","NA.png","Zer camion son arriba zer lapiz.","NA.png","Zer camion son arriba zer reloj.","truck_3.png","pencil_3.png","truck_3.png","watch_3.png"
"","masculine","plural","NA.png","NA.png","Zer cuchil son arriba zer reloj.","NA.png","Zer cuchil son arriba zer roper.","knife_3.png","watch_3.png","knife_3.png","closet_3.png"
"","masculine","plural","NA.png","NA.png","Zer gor son arriba zer roper.","NA.png","Zer gor son arriba zer camion.","hat_3.png","closet_3.png","hat_3.png","truck_3.png"
"","masculine","plural","NA.png","NA.png","Zer lapiz son arriba zer camion.","NA.png","Zer lapiz son arriba zer cuchil.","pencil_3.png","truck_3.png","pencil_3.png","knife_3.png"
"","masculine","plural","NA.png","NA.png","Zer reloj son arriba zer cuchil.","NA.png","Zer reloj son arriba zer gor.","watch_3.png","knife_3.png","watch_3.png","hat_3.png"
"","masculine","plural","NA.png","NA.png","Zer roper son arriba zer gor.","NA.png","Zer roper son arriba zer lapiz.","closet_3.png","hat_3.png","closet_3.png","pencil_3.png"
"","masculine","plural","NA.png","NA.png","Zer camion son arriba zer reloj.","NA.png","Zer camion son arriba zer roper.","truck_3.png","watch_3.png","truck_3.png","closet_3.png"
"","masculine","plural","NA.png","NA.png","Zer cuchil son arriba zer roper.","NA.png","Zer cuchil son arriba zer camion.","knife_3.png","closet_3.png","knife_3.png","truck_3.png"
"","masculine","plural","NA.png","NA.png","Zer gor son arriba zer camion.","NA.png","Zer gor son arriba zer cuchil.","hat_3.png","truck_3.png","hat_3.png","knife_3.png"
"","masculine","plural","NA.png","NA.png","Zer lapiz son arriba zer cuchil.","NA.png","Zer lapiz son arriba zer gor.","pencil_3.png","knife_3.png","pencil_3.png","hat_3.png"
"","masculine","plural","NA.png","NA.png","Zer reloj son arriba zer gor.","NA.png","Zer reloj son arriba zer lapiz.","watch_3.png","hat_3.png","watch_3.png","pencil_3.png"
"","masculine","plural","NA.png","NA.png","Zer roper son arriba zer lapiz.","NA.png","Zer roper son arriba zer reloj.","closet_3.png","pencil_3.png","closet_3.png","watch_3.png"
"","masculine","plural","NA.png","NA.png","Zer camion son arriba zer roper.","NA.png","Zer camion son arriba zer cuchil.","truck_3.png","closet_3.png","truck_3.png","knife_3.png"
"","masculine","plural","NA.png","NA.png","Zer cuchil son arriba zer camion.","NA.png","Zer cuchil son arriba zer gor.","knife_3.png","truck_3.png","knife_3.png","hat_3.png"
"","masculine","plural","NA.png","NA.png","Zer gor son arriba zer cuchil.","NA.png","Zer gor son arriba zer lapiz.","hat_3.png","knife_3.png","hat_3.png","pencil_3.png"
"","masculine","plural","NA.png","NA.png","Zer lapiz son arriba zer gor.","NA.png","Zer lapiz son arriba zer reloj.","pencil_3.png","hat_3.png","pencil_3.png","watch_3.png"
"","masculine","plural","NA.png","NA.png","Zer reloj son arriba zer lapiz.","NA.png","Zer reloj son arriba zer roper.","watch_3.png","pencil_3.png","watch_3.png","closet_3.png"
"","masculine","plural","NA.png","NA.png","Zer roper son arriba zer reloj.","NA.png","Zer roper son arriba zer camion.","closet_3.png","watch_3.png","closet_3.png","truck_3.png"
"","masculine","plural","NA.png","NA.png","Zer camion son arriba zer cuchil.","NA.png","Zer camion son arriba zer gor.","truck_3.png","knife_3.png","truck_3.png","hat_3.png"
"","masculine","plural","NA.png","NA.png","Zer cuchil son arriba zer gor.","NA.png","Zer cuchil son arriba zer lapiz.","knife_3.png","hat_3.png","knife_3.png","pencil_3.png"
"","masculine","plural","NA.png","NA.png","Zer gor son arriba zer lapiz.","NA.png","Zer gor son arriba zer reloj.","hat_3.png","pencil_3.png","hat_3.png","watch_3.png"
"","masculine","plural","NA.png","NA.png","Zer lapiz son arriba zer reloj.","NA.png","Zer lapiz son arriba zer roper.","pencil_3.png","watch_3.png","pencil_3.png","closet_3.png"
"","masculine","plural","NA.png","NA.png","Zer reloj son arriba zer roper.","NA.png","Zer reloj son arriba zer camion.","watch_3.png","closet_3.png","watch_3.png","truck_3.png"
"","masculine","plural","NA.png","NA.png","Zer roper son arriba zer camion.","NA.png","Zer roper son arriba zer cuchil.","closet_3.png","truck_3.png","closet_3.png","knife_3.png"
"","masculine","singular","NA.png","NA.png","Ze camion es abajo ze gor.","NA.png","Ze camion es abajo ze lapiz.","hat.png","truck.png","pencil.png","truck.png"
"","masculine","singular","NA.png","NA.png","Ze cuchil es abajo ze lapiz.","NA.png","Ze cuchil es abajo ze reloj.","pencil.png","knife.png","watch.png","knife.png"
"","masculine","singular","NA.png","NA.png","Ze gor es abajo ze reloj.","NA.png","Ze gor es abajo ze roper.","watch.png","hat.png","closet.png","hat.png"
"","masculine","singular","NA.png","NA.png","Ze lapiz es abajo ze roper.","NA.png","Ze lapiz es abajo ze camion.","closet.png","pencil.png","truck.png","pencil.png"
"","masculine","singular","NA.png","NA.png","Ze reloj es abajo ze camion.","NA.png","Ze reloj es abajo ze cuchil.","truck.png","watch.png","knife.png","watch.png"
"","masculine","singular","NA.png","NA.png","Ze roper es abajo ze cuchil.","NA.png","Ze roper es abajo ze gor.","knife.png","closet.png","hat.png","closet.png"
"","masculine","singular","NA.png","NA.png","Ze camion es abajo ze lapiz.","NA.png","Ze camion es abajo ze reloj.","pencil.png","truck.png","watch.png","truck.png"
"","masculine","singular","NA.png","NA.png","Ze cuchil es abajo ze reloj.","NA.png","Ze cuchil es abajo ze roper.","watch.png","knife.png","closet.png","knife.png"
"","masculine","singular","NA.png","NA.png","Ze gor es abajo ze roper.","NA.png","Ze gor es abajo ze camion.","closet.png","hat.png","truck.png","hat.png"
"","masculine","singular","NA.png","NA.png","Ze lapiz es abajo ze camion.","NA.png","Ze lapiz es abajo ze cuchil.","truck.png","pencil.png","knife.png","pencil.png"
"","masculine","singular","NA.png","NA.png","Ze reloj es abajo ze cuchil.","NA.png","Ze reloj es abajo ze gor.","knife.png","watch.png","hat.png","watch.png"
"","masculine","singular","NA.png","NA.png","Ze roper es abajo ze gor.","NA.png","Ze roper es abajo ze lapiz.","hat.png","closet.png","pencil.png","closet.png"
"","masculine","singular","NA.png","NA.png","Ze camion es abajo ze reloj.","NA.png","Ze camion es abajo ze roper.","watch.png","truck.png","closet.png","truck.png"
"","masculine","singular","NA.png","NA.png","Ze cuchil es abajo ze roper.","NA.png","Ze cuchil es abajo ze camion.","closet.png","knife.png","truck.png","knife.png"
"","masculine","singular","NA.png","NA.png","Ze gor es abajo ze camion.","NA.png","Ze gor es abajo ze cuchil.","truck.png","hat.png","knife.png","hat.png"
"","masculine","singular","NA.png","NA.png","Ze lapiz es abajo ze cuchil.","NA.png","Ze lapiz es abajo ze gor.","knife.png","pencil.png","hat.png","pencil.png"
"","masculine","singular","NA.png","NA.png","Ze reloj es abajo ze gor.","NA.png","Ze reloj es abajo ze lapiz.","hat.png","watch.png","pencil.png","watch.png"
"","masculine","singular","NA.png","NA.png","Ze roper es abajo ze lapiz.","NA.png","Ze roper es abajo ze reloj.","pencil.png","closet.png","watch.png","closet.png"
"","masculine","singular","NA.png","NA.png","Ze camion es abajo ze roper.","NA.png","Ze camion es abajo ze cuchil.","closet.png","truck.png","knife.png","truck.png"
"","masculine","singular","NA.png","NA.png","Ze cuchil es abajo ze camion.","NA.png","Ze cuchil es abajo ze gor.","truck.png","knife.png","hat.png","knife.png"
"","masculine","singular","NA.png","NA.png","Ze gor es abajo ze cuchil.","NA.png","Ze gor es abajo ze lapiz.","knife.png","hat.png","pencil.png","hat.png"
"","masculine","singular","NA.png","NA.png","Ze lapiz es abajo ze gor.","NA.png","Ze lapiz es abajo ze reloj.","hat.png","pencil.png","watch.png","pencil.png"
"","masculine","singular","NA.png","NA.png","Ze reloj es abajo ze lapiz.","NA.png","Ze reloj es abajo ze roper.","pencil.png","watch.png","closet.png","watch.png"
"","masculine","singular","NA.png","NA.png","Ze roper es abajo ze reloj.","NA.png","Ze roper es abajo ze camion.","watch.png","closet.png","truck.png","closet.png"
"","masculine","singular","NA.png","NA.png","Ze camion es abajo ze cuchil.","NA.png","Ze camion es abajo ze gor.","knife.png","truck.png","hat.png","truck.png"
"","masculine","singular","NA.png","NA.png","Ze cuchil es abajo ze gor.","NA.png","Ze cuchil es abajo ze lapiz.","hat.png","knife.png","pencil.png","knife.png"
"","masculine","singular","NA.png","NA.png","Ze gor es abajo ze lapiz.","NA.png","Ze gor es abajo ze reloj.","pencil.png","hat.png","watch.png","hat.png"
"","masculine","singular","NA.png","NA.png","Ze lapiz es abajo ze reloj.","NA.png","Ze lapiz es abajo ze roper.","watch.png","pencil.png","closet.png","pencil.png"
"","masculine","singular","NA.png","NA.png","Ze reloj es abajo ze roper.","NA.png","Ze reloj es abajo ze camion.","closet.png","watch.png","truck.png","watch.png"
"","masculine","singular","NA.png","NA.png","Ze roper es abajo ze camion.","NA.png","Ze roper es abajo ze cuchil.","truck.png","closet.png","knife.png","closet.png"
"","masculine","singular","NA.png","NA.png","Ze camion es abajo ze gor.","NA.png","Ze camion es abajo ze lapiz.","hat.png","truck.png","pencil.png","truck.png"
"","masculine","singular","NA.png","NA.png","Ze cuchil es abajo ze lapiz.","NA.png","Ze cuchil es abajo ze reloj.","pencil.png","knife.png","watch.png","knife.png"
"","masculine","singular","NA.png","NA.png","Ze gor es abajo ze reloj.","NA.png","Ze gor es abajo ze roper.","watch.png","hat.png","closet.png","hat.png"
"","masculine","singular","NA.png","NA.png","Ze lapiz es abajo ze roper.","NA.png","Ze lapiz es abajo ze camion.","closet.png","pencil.png","truck.png","pencil.png"
"","masculine","singular","NA.png","NA.png","Ze reloj es abajo ze camion.","NA.png","Ze reloj es abajo ze cuchil.","truck.png","watch.png","knife.png","watch.png"
"","masculine","singular","NA.png","NA.png","Ze roper es abajo ze cuchil.","NA.png","Ze roper es abajo ze gor.","knife.png","closet.png","hat.png","closet.png"
