"list","gender","number","noun_image","adjective1_image","sentence1","adjective2_image","sentence2","upper_image1","lower_image1","upper_image2","lower_image2"
"List 1: singular, plural","feminine","singular","window.png","expensive.png","Je ventan es barateju.","cheap.png","Je ventan es careju.","NA.png","NA.png","NA.png","NA.png"
"List 1: singular, plural","feminine","singular","window.png","clean.png","Je ventan es limpieju.","dirty.png","Je ventan es sucieju.","NA.png","NA.png","NA.png","NA.png"
"List 1: singular, plural","feminine","singular","window.png","short.png","Je ventan es corteju.","long.png","Je ventan es largeju.","NA.png","NA.png","NA.png","NA.png"
"List 1: singular, plural","feminine","singular","window.png","new.png","Je ventan es noveju.","old.png","Je ventan es vejeju.","NA.png","NA.png","NA.png","NA.png"
"List 1: singular, plural","feminine","singular","window.png","yellow.png","Je ventan es amarilleju.","red.png","Je ventan es rojeju.","NA.png","NA.png","NA.png","NA.png"
"List 1: singular, plural","feminine","singular","window.png","small.png","Je ventan es pequeneju.","big.png","Je ventan es grandeju.","NA.png","NA.png","NA.png","NA.png"
"List 1: singular, plural","masculine","singular","knife.png","expensive.png","Ze cuchil es baratezu.","cheap.png","Ze cuchil es carezu.","NA.png","NA.png","NA.png","NA.png"
"List 1: singular, plural","masculine","singular","knife.png","clean.png","Ze cuchil es limpiezu.","dirty.png","Ze cuchil es suciezu.","NA.png","NA.png","NA.png","NA.png"
"List 1: singular, plural","masculine","singular","knife.png","short.png","Ze cuchil es cortezu.","long.png","Ze cuchil es largezu.","NA.png","NA.png","NA.png","NA.png"
"List 1: singular, plural","masculine","singular","knife.png","new.png","Ze cuchil es novezu.","old.png","Ze cuchil es vejezu.","NA.png","NA.png","NA.png","NA.png"
"List 1: singular, plural","masculine","singular","knife.png","yellow.png","Ze cuchil es amarillezu.","red.png","Ze cuchil es rojezu.","NA.png","NA.png","NA.png","NA.png"
"List 1: singular, plural","masculine","singular","knife.png","small.png","Ze cuchil es pequenezu.","big.png","Ze cuchil es grandezu.","NA.png","NA.png","NA.png","NA.png"
"List 1: singular, plural","masculine","singular","hat.png","expensive.png","Ze gor es baratezu.","cheap.png","Ze gor es carezu.","NA.png","NA.png","NA.png","NA.png"
"List 1: singular, plural","masculine","singular","hat.png","clean.png","Ze gor es limpiezu.","dirty.png","Ze gor es suciezu.","NA.png","NA.png","NA.png","NA.png"
"List 1: singular, plural","masculine","singular","hat.png","short.png","Ze gor es cortezu.","long.png","Ze gor es largezu.","NA.png","NA.png","NA.png","NA.png"
"List 1: singular, plural","masculine","singular","hat.png","new.png","Ze gor es novezu.","old.png","Ze gor es vejezu.","NA.png","NA.png","NA.png","NA.png"
"List 1: singular, plural","masculine","singular","hat.png","yellow.png","Ze gor es amarillezu.","red.png","Ze gor es rojezu.","NA.png","NA.png","NA.png","NA.png"
"List 1: singular, plural","masculine","singular","hat.png","small.png","Ze gor es pequenezu.","big.png","Ze gor es grandezu.","NA.png","NA.png","NA.png","NA.png"
"List 1: singular, plural","masculine","singular","watch.png","expensive.png","Ze reloj es baratezu.","cheap.png","Ze reloj es carezu.","NA.png","NA.png","NA.png","NA.png"
"List 1: singular, plural","masculine","singular","watch.png","clean.png","Ze reloj es limpiezu.","dirty.png","Ze reloj es suciezu.","NA.png","NA.png","NA.png","NA.png"
"List 1: singular, plural","masculine","singular","watch.png","short.png","Ze reloj es cortezu.","long.png","Ze reloj es largezu.","NA.png","NA.png","NA.png","NA.png"
"List 1: singular, plural","masculine","singular","watch.png","new.png","Ze reloj es novezu.","old.png","Ze reloj es vejezu.","NA.png","NA.png","NA.png","NA.png"
"List 1: singular, plural","masculine","singular","watch.png","yellow.png","Ze reloj es amarillezu.","red.png","Ze reloj es rojezu.","NA.png","NA.png","NA.png","NA.png"
"List 1: singular, plural","masculine","singular","watch.png","small.png","Ze reloj es pequenezu.","big.png","Ze reloj es grandezu.","NA.png","NA.png","NA.png","NA.png"
"List 1: singular, plural","feminine","singular","street.png","expensive.png","Je calle es barateju.","cheap.png","Je calle es careju.","NA.png","NA.png","NA.png","NA.png"
"List 1: singular, plural","feminine","singular","street.png","clean.png","Je calle es limpieju.","dirty.png","Je calle es sucieju.","NA.png","NA.png","NA.png","NA.png"
"List 1: singular, plural","feminine","singular","street.png","short.png","Je calle es corteju.","long.png","Je calle es largeju.","NA.png","NA.png","NA.png","NA.png"
"List 1: singular, plural","feminine","singular","street.png","new.png","Je calle es noveju.","old.png","Je calle es vejeju.","NA.png","NA.png","NA.png","NA.png"
"List 1: singular, plural","feminine","singular","street.png","yellow.png","Je calle es amarilleju.","red.png","Je calle es rojeju.","NA.png","NA.png","NA.png","NA.png"
"List 1: singular, plural","feminine","singular","street.png","small.png","Je calle es pequeneju.","big.png","Je calle es grandeju.","NA.png","NA.png","NA.png","NA.png"
"List 1: singular, plural","feminine","singular","key.png","expensive.png","Je llave es barateju.","cheap.png","Je llave es careju.","NA.png","NA.png","NA.png","NA.png"
"List 1: singular, plural","feminine","singular","key.png","clean.png","Je llave es limpieju.","dirty.png","Je llave es sucieju.","NA.png","NA.png","NA.png","NA.png"
"List 1: singular, plural","feminine","singular","key.png","short.png","Je llave es corteju.","long.png","Je llave es largeju.","NA.png","NA.png","NA.png","NA.png"
"List 1: singular, plural","feminine","singular","key.png","new.png","Je llave es noveju.","old.png","Je llave es vejeju.","NA.png","NA.png","NA.png","NA.png"
"List 1: singular, plural","feminine","singular","key.png","yellow.png","Je llave es amarilleju.","red.png","Je llave es rojeju.","NA.png","NA.png","NA.png","NA.png"
"List 1: singular, plural","feminine","singular","key.png","small.png","Je llave es pequeneju.","big.png","Je llave es grandeju.","NA.png","NA.png","NA.png","NA.png"
"List 1: singular, plural","feminine","plural","wall_2.png","expensive.png","Jer pared son baratejur.","cheap.png","Jer pared son carejur.","NA.png","NA.png","NA.png","NA.png"
"List 1: singular, plural","feminine","plural","wall_2.png","clean.png","Jer pared son limpiejur.","dirty.png","Jer pared son suciejur.","NA.png","NA.png","NA.png","NA.png"
"List 1: singular, plural","feminine","plural","wall_2.png","short.png","Jer pared son cortejur.","long.png","Jer pared son largejur.","NA.png","NA.png","NA.png","NA.png"
"List 1: singular, plural","feminine","plural","wall_2.png","new.png","Jer pared son novejur.","old.png","Jer pared son vejejur.","NA.png","NA.png","NA.png","NA.png"
"List 1: singular, plural","feminine","plural","wall_2.png","yellow.png","Jer pared son amarillejur.","red.png","Jer pared son rojejur.","NA.png","NA.png","NA.png","NA.png"
"List 1: singular, plural","feminine","plural","wall_2.png","small.png","Jer pared son pequenejur.","big.png","Jer pared son grandejur.","NA.png","NA.png","NA.png","NA.png"
"List 1: singular, plural","feminine","plural","cup_2.png","expensive.png","Jer taz son baratejur.","cheap.png","Jer taz son carejur.","NA.png","NA.png","NA.png","NA.png"
"List 1: singular, plural","feminine","plural","cup_2.png","clean.png","Jer taz son limpiejur.","dirty.png","Jer taz son suciejur.","NA.png","NA.png","NA.png","NA.png"
"List 1: singular, plural","feminine","plural","cup_2.png","short.png","Jer taz son cortejur.","long.png","Jer taz son largejur.","NA.png","NA.png","NA.png","NA.png"
"List 1: singular, plural","feminine","plural","cup_2.png","new.png","Jer taz son novejur.","old.png","Jer taz son vejejur.","NA.png","NA.png","NA.png","NA.png"
"List 1: singular, plural","feminine","plural","cup_2.png","yellow.png","Jer taz son amarillejur.","red.png","Jer taz son rojejur.","NA.png","NA.png","NA.png","NA.png"
"List 1: singular, plural","feminine","plural","cup_2.png","small.png","Jer taz son pequenejur.","big.png","Jer taz son grandejur.","NA.png","NA.png","NA.png","NA.png"
"List 1: singular, plural","feminine","plural","bag_2.png","expensive.png","Jer mochil son baratejur.","cheap.png","Jer mochil son carejur.","NA.png","NA.png","NA.png","NA.png"
"List 1: singular, plural","feminine","plural","bag_2.png","clean.png","Jer mochil son limpiejur.","dirty.png","Jer mochil son suciejur.","NA.png","NA.png","NA.png","NA.png"
"List 1: singular, plural","feminine","plural","bag_2.png","short.png","Jer mochil son cortejur.","long.png","Jer mochil son largejur.","NA.png","NA.png","NA.png","NA.png"
"List 1: singular, plural","feminine","plural","bag_2.png","new.png","Jer mochil son novejur.","old.png","Jer mochil son vejejur.","NA.png","NA.png","NA.png","NA.png"
"List 1: singular, plural","feminine","plural","bag_2.png","yellow.png","Jer mochil son amarillejur.","red.png","Jer mochil son rojejur.","NA.png","NA.png","NA.png","NA.png"
"List 1: singular, plural","feminine","plural","bag_2.png","small.png","Jer mochil son pequenejur.","big.png","Jer mochil son grandejur.","NA.png","NA.png","NA.png","NA.png"
"List 1: singular, plural","masculine","plural","truck_2.png","expensive.png","Zer camion son baratezur.","cheap.png","Zer camion son carezur.","NA.png","NA.png","NA.png","NA.png"
"List 1: singular, plural","masculine","plural","truck_2.png","clean.png","Zer camion son limpiezur.","dirty.png","Zer camion son suciezur.","NA.png","NA.png","NA.png","NA.png"
"List 1: singular, plural","masculine","plural","truck_2.png","short.png","Zer camion son cortezur.","long.png","Zer camion son largezur.","NA.png","NA.png","NA.png","NA.png"
"List 1: singular, plural","masculine","plural","truck_2.png","new.png","Zer camion son novezur.","old.png","Zer camion son vejezur.","NA.png","NA.png","NA.png","NA.png"
"List 1: singular, plural","masculine","plural","truck_2.png","yellow.png","Zer camion son amarillezur.","red.png","Zer camion son rojezur.","NA.png","NA.png","NA.png","NA.png"
"List 1: singular, plural","masculine","plural","truck_2.png","small.png","Zer camion son pequenezur.","big.png","Zer camion son grandezur.","NA.png","NA.png","NA.png","NA.png"
"List 1: singular, plural","masculine","plural","pencil_2.png","expensive.png","Zer lapiz son baratezur.","cheap.png","Zer lapiz son carezur.","NA.png","NA.png","NA.png","NA.png"
"List 1: singular, plural","masculine","plural","pencil_2.png","clean.png","Zer lapiz son limpiezur.","dirty.png","Zer lapiz son suciezur.","NA.png","NA.png","NA.png","NA.png"
"List 1: singular, plural","masculine","plural","pencil_2.png","short.png","Zer lapiz son cortezur.","long.png","Zer lapiz son largezur.","NA.png","NA.png","NA.png","NA.png"
"List 1: singular, plural","masculine","plural","pencil_2.png","new.png","Zer lapiz son novezur.","old.png","Zer lapiz son vejezur.","NA.png","NA.png","NA.png","NA.png"
"List 1: singular, plural","masculine","plural","pencil_2.png","yellow.png","Zer lapiz son amarillezur.","red.png","Zer lapiz son rojezur.","NA.png","NA.png","NA.png","NA.png"
"List 1: singular, plural","masculine","plural","pencil_2.png","small.png","Zer lapiz son pequenezur.","big.png","Zer lapiz son grandezur.","NA.png","NA.png","NA.png","NA.png"
"List 1: singular, plural","masculine","plural","closet_2.png","expensive.png","Zer roper son baratezur.","cheap.png","Zer roper son carezur.","NA.png","NA.png","NA.png","NA.png"
"List 1: singular, plural","masculine","plural","closet_2.png","clean.png","Zer roper son limpiezur.","dirty.png","Zer roper son suciezur.","NA.png","NA.png","NA.png","NA.png"
"List 1: singular, plural","masculine","plural","closet_2.png","short.png","Zer roper son cortezur.","long.png","Zer roper son largezur.","NA.png","NA.png","NA.png","NA.png"
"List 1: singular, plural","masculine","plural","closet_2.png","new.png","Zer roper son novezur.","old.png","Zer roper son vejezur.","NA.png","NA.png","NA.png","NA.png"
"List 1: singular, plural","masculine","plural","closet_2.png","yellow.png","Zer roper son amarillezur.","red.png","Zer roper son rojezur.","NA.png","NA.png","NA.png","NA.png"
"List 1: singular, plural","masculine","plural","closet_2.png","small.png","Zer roper son pequenezur.","big.png","Zer roper son grandezur.","NA.png","NA.png","NA.png","NA.png"
"","feminine","plural","NA.png","NA.png","Jer calle son arriba jer llave.","NA.png","Jer calle son arriba jer mochil.","street_2.png","key_2.png","street_2.png","bag_2.png"
"","feminine","plural","NA.png","NA.png","Jer llave son arriba jer mochil.","NA.png","Jer llave son arriba jer pared.","key_2.png","bag_2.png","key_2.png","wall_2.png"
"","feminine","plural","NA.png","NA.png","Jer mochil son arriba jer pared.","NA.png","Jer mochil son arriba jer taz.","bag_2.png","wall_2.png","bag_2.png","cup_2.png"
"","feminine","plural","NA.png","NA.png","Jer pared son arriba jer taz.","NA.png","Jer pared son arriba jer ventan.","wall_2.png","cup_2.png","wall_2.png","window_2.png"
"","feminine","plural","NA.png","NA.png","Jer taz son arriba jer ventan.","NA.png","Jer taz son arriba jer calle.","cup_2.png","window_2.png","cup_2.png","street_2.png"
"","feminine","plural","NA.png","NA.png","Jer ventan son arriba jer calle.","NA.png","Jer ventan son arriba jer llave.","window_2.png","street_2.png","window_2.png","key_2.png"
"","feminine","plural","NA.png","NA.png","Jer calle son arriba jer mochil.","NA.png","Jer calle son arriba jer pared.","street_2.png","bag_2.png","street_2.png","wall_2.png"
"","feminine","plural","NA.png","NA.png","Jer llave son arriba jer pared.","NA.png","Jer llave son arriba jer taz.","key_2.png","wall_2.png","key_2.png","cup_2.png"
"","feminine","plural","NA.png","NA.png","Jer mochil son arriba jer taz.","NA.png","Jer mochil son arriba jer ventan.","bag_2.png","cup_2.png","bag_2.png","window_2.png"
"","feminine","plural","NA.png","NA.png","Jer pared son arriba jer ventan.","NA.png","Jer pared son arriba jer calle.","wall_2.png","window_2.png","wall_2.png","street_2.png"
"","feminine","plural","NA.png","NA.png","Jer taz son arriba jer calle.","NA.png","Jer taz son arriba jer llave.","cup_2.png","street_2.png","cup_2.png","key_2.png"
"","feminine","plural","NA.png","NA.png","Jer ventan son arriba jer llave.","NA.png","Jer ventan son arriba jer mochil.","window_2.png","key_2.png","window_2.png","bag_2.png"
"","feminine","plural","NA.png","NA.png","Jer calle son arriba jer pared.","NA.png","Jer calle son arriba jer taz.","street_2.png","wall_2.png","street_2.png","cup_2.png"
"","feminine","plural","NA.png","NA.png","Jer llave son arriba jer taz.","NA.png","Jer llave son arriba jer ventan.","key_2.png","cup_2.png","key_2.png","window_2.png"
"","feminine","plural","NA.png","NA.png","Jer mochil son arriba jer ventan.","NA.png","Jer mochil son arriba jer calle.","bag_2.png","window_2.png","bag_2.png","street_2.png"
"","feminine","plural","NA.png","NA.png","Jer pared son arriba jer calle.","NA.png","Jer pared son arriba jer llave.","wall_2.png","street_2.png","wall_2.png","key_2.png"
"","feminine","plural","NA.png","NA.png","Jer taz son arriba jer llave.","NA.png","Jer taz son arriba jer mochil.","cup_2.png","key_2.png","cup_2.png","bag_2.png"
"","feminine","plural","NA.png","NA.png","Jer ventan son arriba jer mochil.","NA.png","Jer ventan son arriba jer pared.","window_2.png","bag_2.png","window_2.png","wall_2.png"
"","feminine","plural","NA.png","NA.png","Jer calle son arriba jer taz.","NA.png","Jer calle son arriba jer ventan.","street_2.png","cup_2.png","street_2.png","window_2.png"
"","feminine","plural","NA.png","NA.png","Jer llave son arriba jer ventan.","NA.png","Jer llave son arriba jer calle.","key_2.png","window_2.png","key_2.png","street_2.png"
"","feminine","plural","NA.png","NA.png","Jer mochil son arriba jer calle.","NA.png","Jer mochil son arriba jer llave.","bag_2.png","street_2.png","bag_2.png","key_2.png"
"","feminine","plural","NA.png","NA.png","Jer pared son arriba jer llave.","NA.png","Jer pared son arriba jer mochil.","wall_2.png","key_2.png","wall_2.png","bag_2.png"
"","feminine","plural","NA.png","NA.png","Jer taz son arriba jer mochil.","NA.png","Jer taz son arriba jer pared.","cup_2.png","bag_2.png","cup_2.png","wall_2.png"
"","feminine","plural","NA.png","NA.png","Jer ventan son arriba jer pared.","NA.png","Jer ventan son arriba jer taz.","window_2.png","wall_2.png","window_2.png","cup_2.png"
"","feminine","plural","NA.png","NA.png","Jer calle son arriba jer ventan.","NA.png","Jer calle son arriba jer llave.","street_2.png","window_2.png","street_2.png","key_2.png"
"","feminine","plural","NA.png","NA.png","Jer llave son arriba jer calle.","NA.png","Jer llave son arriba jer mochil.","key_2.png","street_2.png","key_2.png","bag_2.png"
"","feminine","plural","NA.png","NA.png","Jer mochil son arriba jer llave.","NA.png","Jer mochil son arriba jer pared.","bag_2.png","key_2.png","bag_2.png","wall_2.png"
"","feminine","plural","NA.png","NA.png","Jer pared son arriba jer mochil.","NA.png","Jer pared son arriba jer taz.","wall_2.png","bag_2.png","wall_2.png","cup_2.png"
"","feminine","plural","NA.png","NA.png","Jer taz son arriba jer pared.","NA.png","Jer taz son arriba jer ventan.","cup_2.png","wall_2.png","cup_2.png","window_2.png"
"","feminine","plural","NA.png","NA.png","Jer ventan son arriba jer taz.","NA.png","Jer ventan son arriba jer calle.","window_2.png","cup_2.png","window_2.png","street_2.png"
"","feminine","plural","NA.png","NA.png","Jer calle son arriba jer llave.","NA.png","Jer calle son arriba jer mochil.","street_2.png","key_2.png","street_2.png","bag_2.png"
"","feminine","plural","NA.png","NA.png","Jer llave son arriba jer mochil.","NA.png","Jer llave son arriba jer pared.","key_2.png","bag_2.png","key_2.png","wall_2.png"
"","feminine","plural","NA.png","NA.png","Jer mochil son arriba jer pared.","NA.png","Jer mochil son arriba jer taz.","bag_2.png","wall_2.png","bag_2.png","cup_2.png"
"","feminine","plural","NA.png","NA.png","Jer pared son arriba jer taz.","NA.png","Jer pared son arriba jer ventan.","wall_2.png","cup_2.png","wall_2.png","window_2.png"
"","feminine","plural","NA.png","NA.png","Jer taz son arriba jer ventan.","NA.png","Jer taz son arriba jer calle.","cup_2.png","window_2.png","cup_2.png","street_2.png"
"","feminine","plural","NA.png","NA.png","Jer ventan son arriba jer calle.","NA.png","Jer ventan son arriba jer llave.","window_2.png","street_2.png","window_2.png","key_2.png"
"","feminine","singular","NA.png","NA.png","Je calle es abajo je mochil.","NA.png","Je calle es abajo je pared.","bag.png","street.png","wall.png","street.png"
"","feminine","singular","NA.png","NA.png","Je llave es abajo je pared.","NA.png","Je llave es abajo je taz.","wall.png","key.png","cup.png","key.png"
"","feminine","singular","NA.png","NA.png","Je mochil es abajo je taz.","NA.png","Je mochil es abajo je ventan.","cup.png","bag.png","window.png","bag.png"
"","feminine","singular","NA.png","NA.png","Je pared es abajo je ventan.","NA.png","Je pared es abajo je calle.","window.png","wall.png","street.png","wall.png"
"","feminine","singular","NA.png","NA.png","Je taz es abajo je calle.","NA.png","Je taz es abajo je llave.","street.png","cup.png","key.png","cup.png"
"","feminine","singular","NA.png","NA.png","Je ventan es abajo je llave.","NA.png","Je ventan es abajo je mochil.","key.png","window.png","bag.png","window.png"
"","feminine","singular","NA.png","NA.png","Je calle es abajo je pared.","NA.png","Je calle es abajo je taz.","wall.png","street.png","cup.png","street.png"
"","feminine","singular","NA.png","NA.png","Je llave es abajo je taz.","NA.png","Je llave es abajo je ventan.","cup.png","key.png","window.png","key.png"
"","feminine","singular","NA.png","NA.png","Je mochil es abajo je ventan.","NA.png","Je mochil es abajo je calle.","window.png","bag.png","street.png","bag.png"
"","feminine","singular","NA.png","NA.png","Je pared es abajo je calle.","NA.png","Je pared es abajo je llave.","street.png","wall.png","key.png","wall.png"
"","feminine","singular","NA.png","NA.png","Je taz es abajo je llave.","NA.png","Je taz es abajo je mochil.","key.png","cup.png","bag.png","cup.png"
"","feminine","singular","NA.png","NA.png","Je ventan es abajo je mochil.","NA.png","Je ventan es abajo je pared.","bag.png","window.png","wall.png","window.png"
"","feminine","singular","NA.png","NA.png","Je calle es abajo je taz.","NA.png","Je calle es abajo je ventan.","cup.png","street.png","window.png","street.png"
"","feminine","singular","NA.png","NA.png","Je llave es abajo je ventan.","NA.png","Je llave es abajo je calle.","window.png","key.png","street.png","key.png"
"","feminine","singular","NA.png","NA.png","Je mochil es abajo je calle.","NA.png","Je mochil es abajo je llave.","street.png","bag.png","key.png","bag.png"
"","feminine","singular","NA.png","NA.png","Je pared es abajo je llave.","NA.png","Je pared es abajo je mochil.","key.png","wall.png","bag.png","wall.png"
"","feminine","singular","NA.png","NA.png","Je taz es abajo je mochil.","NA.png","Je taz es abajo je pared.","bag.png","cup.png","wall.png","cup.png"
"","feminine","singular","NA.png","NA.png","Je ventan es abajo je pared.","NA.png","Je ventan es abajo je taz.","wall.png","window.png","cup.png","window.png"
"","feminine","singular","NA.png","NA.png","Je calle es abajo je ventan.","NA.png","Je calle es abajo je llave.","window.png","street.png","key.png","street.png"
"","feminine","singular","NA.png","NA.png","Je llave es abajo je calle.","NA.png","Je llave es abajo je mochil.","street.png","key.png","bag.png","key.png"
"","feminine","singular","NA.png","NA.png","Je mochil es abajo je llave.","NA.png","Je mochil es abajo je pared.","key.png","bag.png","wall.png","bag.png"
"","feminine","singular","NA.png","NA.png","Je pared es abajo je mochil.","NA.png","Je pared es abajo je taz.","bag.png","wall.png","cup.png","wall.png"
"","feminine","singular","NA.png","NA.png","Je taz es abajo je pared.","NA.png","Je taz es abajo je ventan.","wall.png","cup.png","window.png","cup.png"
"","feminine","singular","NA.png","NA.png","Je ventan es abajo je taz.","NA.png","Je ventan es abajo je calle.","cup.png","window.png","street.png","window.png"
"","feminine","singular","NA.png","NA.png","Je calle es abajo je llave.","NA.png","Je calle es abajo je mochil.","key.png","street.png","bag.png","street.png"
"","feminine","singular","NA.png","NA.png","Je llave es abajo je mochil.","NA.png","Je llave es abajo je pared.","bag.png","key.png","wall.png","key.png"
"","feminine","singular","NA.png","NA.png","Je mochil es abajo je pared.","NA.png","Je mochil es abajo je taz.","wall.png","bag.png","cup.png","bag.png"
"","feminine","singular","NA.png","NA.png","Je pared es abajo je taz.","NA.png","Je pared es abajo je ventan.","cup.png","wall.png","window.png","wall.png"
"","feminine","singular","NA.png","NA.png","Je taz es abajo je ventan.","NA.png","Je taz es abajo je calle.","window.png","cup.png","street.png","cup.png"
"","feminine","singular","NA.png","NA.png","Je ventan es abajo je calle.","NA.png","Je ventan es abajo je llave.","street.png","window.png","key.png","window.png"
"","feminine","singular","NA.png","NA.png","Je calle es abajo je mochil.","NA.png","Je calle es abajo je pared.","bag.png","street.png","wall.png","street.png"
"","feminine","singular","NA.png","NA.png","Je llave es abajo je pared.","NA.png","Je llave es abajo je taz.","wall.png","key.png","cup.png","key.png"
"","feminine","singular","NA.png","NA.png","Je mochil es abajo je taz.","NA.png","Je mochil es abajo je ventan.","cup.png","bag.png","window.png","bag.png"
"","feminine","singular","NA.png","NA.png","Je pared es abajo je ventan.","NA.png","Je pared es abajo je calle.","window.png","wall.png","street.png","wall.png"
"","feminine","singular","NA.png","NA.png","Je taz es abajo je calle.","NA.png","Je taz es abajo je llave.","street.png","cup.png","key.png","cup.png"
"","feminine","singular","NA.png","NA.png","Je ventan es abajo je llave.","NA.png","Je ventan es abajo je mochil.","key.png","window.png","bag.png","window.png"
"","masculine","plural","NA.png","NA.png","Zer camion son arriba zer cuchil.","NA.png","Zer camion son arriba zer gor.","truck_3.png","knife_3.png","truck_3.png","hat_3.png"
"","masculine","plural","NA.png","NA.png","Zer cuchil son arriba zer gor.","NA.png","Zer cuchil son arriba zer lapiz.","knife_3.png","hat_3.png","knife_3.png","pencil_3.png"
"","masculine","plural","NA.png","NA.png","Zer gor son arriba zer lapiz.","NA.png","Zer gor son arriba zer reloj.","hat_3.png","pencil_3.png","hat_3.png","watch_3.png"
"","masculine","plural","NA.png","NA.png","Zer lapiz son arriba zer reloj.","NA.png","Zer lapiz son arriba zer roper.","pencil_3.png","watch_3.png","pencil_3.png","closet_3.png"
"","masculine","plural","NA.png","NA.png","Zer reloj son arriba zer roper.","NA.png","Zer reloj son arriba zer camion.","watch_3.png","closet_3.png","watch_3.png","truck_3.png"
"","masculine","plural","NA.png","NA.png","Zer roper son arriba zer camion.","NA.png","Zer roper son arriba zer cuchil.","closet_3.png","truck_3.png","closet_3.png","knife_3.png"
"","masculine","plural","NA.png","NA.png","Zer camion son arriba zer gor.","NA.png","Zer camion son arriba zer lapiz.","truck_3.png","hat_3.png","truck_3.png","pencil_3.png"
"","masculine","plural","NA.png","NA.png","Zer cuchil son arriba zer lapiz.","NA.png","Zer cuchil son arriba zer reloj.","knife_3.png","pencil_3.png","knife_3.png","watch_3.png"
"","masculine","plural","NA.png","NA.png","Zer gor son arriba zer reloj.","NA.png","Zer gor son arriba zer roper.","hat_3.png","watch_3.png","hat_3.png","closet_3.png"
"","masculine","plural","NA.png","NA.png","Zer lapiz son arriba zer roper.","NA.png","Zer lapiz son arriba zer camion.","pencil_3.png","closet_3.png","pencil_3.png","truck_3.png"
"","masculine","plural","NA.png","NA.png","Zer reloj son arriba zer camion.","NA.png","Zer reloj son arriba zer cuchil.","watch_3.png","truck_3.png","watch_3.png","knife_3.png"
"","masculine","plural","NA.png","NA.png","Zer roper son arriba zer cuchil.","NA.png","Zer roper son arriba zer gor.","closet_3.png","knife_3.png","closet_3.png","hat_3.png"
"","masculine","plural","NA.png","NA.png","Zer camion son arriba zer lapiz.","NA.png","Zer camion son arriba zer reloj.","truck_3.png","pencil_3.png","truck_3.png","watch_3.png"
"","masculine","plural","NA.png","NA.png","Zer cuchil son arriba zer reloj.","NA.png","Zer cuchil son arriba zer roper.","knife_3.png","watch_3.png","knife_3.png","closet_3.png"
"","masculine","plural","NA.png","NA.png","Zer gor son arriba zer roper.","NA.png","Zer gor son arriba zer camion.","hat_3.png","closet_3.png","hat_3.png","truck_3.png"
"","masculine","plural","NA.png","NA.png","Zer lapiz son arriba zer camion.","NA.png","Zer lapiz son arriba zer cuchil.","pencil_3.png","truck_3.png","pencil_3.png","knife_3.png"
"","masculine","plural","NA.png","NA.png","Zer reloj son arriba zer cuchil.","NA.png","Zer reloj son arriba zer gor.","watch_3.png","knife_3.png","watch_3.png","hat_3.png"
"","masculine","plural","NA.png","NA.png","Zer roper son arriba zer gor.","NA.png","Zer roper son arriba zer lapiz.","closet_3.png","hat_3.png","closet_3.png","pencil_3.png"
"","masculine","plural","NA.png","NA.png","Zer camion son arriba zer reloj.","NA.png","Zer camion son arriba zer roper.","truck_3.png","watch_3.png","truck_3.png","closet_3.png"
"","masculine","plural","NA.png","NA.png","Zer cuchil son arriba zer roper.","NA.png","Zer cuchil son arriba zer camion.","knife_3.png","closet_3.png","knife_3.png","truck_3.png"
"","masculine","plural","NA.png","NA.png","Zer gor son arriba zer camion.","NA.png","Zer gor son arriba zer cuchil.","hat_3.png","truck_3.png","hat_3.png","knife_3.png"
"","masculine","plural","NA.png","NA.png","Zer lapiz son arriba zer cuchil.","NA.png","Zer lapiz son arriba zer gor.","pencil_3.png","knife_3.png","pencil_3.png","hat_3.png"
"","masculine","plural","NA.png","NA.png","Zer reloj son arriba zer gor.","NA.png","Zer reloj son arriba zer lapiz.","watch_3.png","hat_3.png","watch_3.png","pencil_3.png"
"","masculine","plural","NA.png","NA.png","Zer roper son arriba zer lapiz.","NA.png","Zer roper son arriba zer reloj.","closet_3.png","pencil_3.png","closet_3.png","watch_3.png"
"","masculine","plural","NA.png","NA.png","Zer camion son arriba zer roper.","NA.png","Zer camion son arriba zer cuchil.","truck_3.png","closet_3.png","truck_3.png","knife_3.png"
"","masculine","plural","NA.png","NA.png","Zer cuchil son arriba zer camion.","NA.png","Zer cuchil son arriba zer gor.","knife_3.png","truck_3.png","knife_3.png","hat_3.png"
"","masculine","plural","NA.png","NA.png","Zer gor son arriba zer cuchil.","NA.png","Zer gor son arriba zer lapiz.","hat_3.png","knife_3.png","hat_3.png","pencil_3.png"
"","masculine","plural","NA.png","NA.png","Zer lapiz son arriba zer gor.","NA.png","Zer lapiz son arriba zer reloj.","pencil_3.png","hat_3.png","pencil_3.png","watch_3.png"
"","masculine","plural","NA.png","NA.png","Zer reloj son arriba zer lapiz.","NA.png","Zer reloj son arriba zer roper.","watch_3.png","pencil_3.png","watch_3.png","closet_3.png"
"","masculine","plural","NA.png","NA.png","Zer roper son arriba zer reloj.","NA.png","Zer roper son arriba zer camion.","closet_3.png","watch_3.png","closet_3.png","truck_3.png"
"","masculine","plural","NA.png","NA.png","Zer camion son arriba zer cuchil.","NA.png","Zer camion son arriba zer gor.","truck_3.png","knife_3.png","truck_3.png","hat_3.png"
"","masculine","plural","NA.png","NA.png","Zer cuchil son arriba zer gor.","NA.png","Zer cuchil son arriba zer lapiz.","knife_3.png","hat_3.png","knife_3.png","pencil_3.png"
"","masculine","plural","NA.png","NA.png","Zer gor son arriba zer lapiz.","NA.png","Zer gor son arriba zer reloj.","hat_3.png","pencil_3.png","hat_3.png","watch_3.png"
"","masculine","plural","NA.png","NA.png","Zer lapiz son arriba zer reloj.","NA.png","Zer lapiz son arriba zer roper.","pencil_3.png","watch_3.png","pencil_3.png","closet_3.png"
"","masculine","plural","NA.png","NA.png","Zer reloj son arriba zer roper.","NA.png","Zer reloj son arriba zer camion.","watch_3.png","closet_3.png","watch_3.png","truck_3.png"
"","masculine","plural","NA.png","NA.png","Zer roper son arriba zer camion.","NA.png","Zer roper son arriba zer cuchil.","closet_3.png","truck_3.png","closet_3.png","knife_3.png"
"","masculine","singular","NA.png","NA.png","Ze camion es abajo ze gor.","NA.png","Ze camion es abajo ze lapiz.","hat.png","truck.png","pencil.png","truck.png"
"","masculine","singular","NA.png","NA.png","Ze cuchil es abajo ze lapiz.","NA.png","Ze cuchil es abajo ze reloj.","pencil.png","knife.png","watch.png","knife.png"
"","masculine","singular","NA.png","NA.png","Ze gor es abajo ze reloj.","NA.png","Ze gor es abajo ze roper.","watch.png","hat.png","closet.png","hat.png"
"","masculine","singular","NA.png","NA.png","Ze lapiz es abajo ze roper.","NA.png","Ze lapiz es abajo ze camion.","closet.png","pencil.png","truck.png","pencil.png"
"","masculine","singular","NA.png","NA.png","Ze reloj es abajo ze camion.","NA.png","Ze reloj es abajo ze cuchil.","truck.png","watch.png","knife.png","watch.png"
"","masculine","singular","NA.png","NA.png","Ze roper es abajo ze cuchil.","NA.png","Ze roper es abajo ze gor.","knife.png","closet.png","hat.png","closet.png"
"","masculine","singular","NA.png","NA.png","Ze camion es abajo ze lapiz.","NA.png","Ze camion es abajo ze reloj.","pencil.png","truck.png","watch.png","truck.png"
"","masculine","singular","NA.png","NA.png","Ze cuchil es abajo ze reloj.","NA.png","Ze cuchil es abajo ze roper.","watch.png","knife.png","closet.png","knife.png"
"","masculine","singular","NA.png","NA.png","Ze gor es abajo ze roper.","NA.png","Ze gor es abajo ze camion.","closet.png","hat.png","truck.png","hat.png"
"","masculine","singular","NA.png","NA.png","Ze lapiz es abajo ze camion.","NA.png","Ze lapiz es abajo ze cuchil.","truck.png","pencil.png","knife.png","pencil.png"
"","masculine","singular","NA.png","NA.png","Ze reloj es abajo ze cuchil.","NA.png","Ze reloj es abajo ze gor.","knife.png","watch.png","hat.png","watch.png"
"","masculine","singular","NA.png","NA.png","Ze roper es abajo ze gor.","NA.png","Ze roper es abajo ze lapiz.","hat.png","closet.png","pencil.png","closet.png"
"","masculine","singular","NA.png","NA.png","Ze camion es abajo ze reloj.","NA.png","Ze camion es abajo ze roper.","watch.png","truck.png","closet.png","truck.png"
"","masculine","singular","NA.png","NA.png","Ze cuchil es abajo ze roper.","NA.png","Ze cuchil es abajo ze camion.","closet.png","knife.png","truck.png","knife.png"
"","masculine","singular","NA.png","NA.png","Ze gor es abajo ze camion.","NA.png","Ze gor es abajo ze cuchil.","truck.png","hat.png","knife.png","hat.png"
"","masculine","singular","NA.png","NA.png","Ze lapiz es abajo ze cuchil.","NA.png","Ze lapiz es abajo ze gor.","knife.png","pencil.png","hat.png","pencil.png"
"","masculine","singular","NA.png","NA.png","Ze reloj es abajo ze gor.","NA.png","Ze reloj es abajo ze lapiz.","hat.png","watch.png","pencil.png","watch.png"
"","masculine","singular","NA.png","NA.png","Ze roper es abajo ze lapiz.","NA.png","Ze roper es abajo ze reloj.","pencil.png","closet.png","watch.png","closet.png"
"","masculine","singular","NA.png","NA.png","Ze camion es abajo ze roper.","NA.png","Ze camion es abajo ze cuchil.","closet.png","truck.png","knife.png","truck.png"
"","masculine","singular","NA.png","NA.png","Ze cuchil es abajo ze camion.","NA.png","Ze cuchil es abajo ze gor.","truck.png","knife.png","hat.png","knife.png"
"","masculine","singular","NA.png","NA.png","Ze gor es abajo ze cuchil.","NA.png","Ze gor es abajo ze lapiz.","knife.png","hat.png","pencil.png","hat.png"
"","masculine","singular","NA.png","NA.png","Ze lapiz es abajo ze gor.","NA.png","Ze lapiz es abajo ze reloj.","hat.png","pencil.png","watch.png","pencil.png"
"","masculine","singular","NA.png","NA.png","Ze reloj es abajo ze lapiz.","NA.png","Ze reloj es abajo ze roper.","pencil.png","watch.png","closet.png","watch.png"
"","masculine","singular","NA.png","NA.png","Ze roper es abajo ze reloj.","NA.png","Ze roper es abajo ze camion.","watch.png","closet.png","truck.png","closet.png"
"","masculine","singular","NA.png","NA.png","Ze camion es abajo ze cuchil.","NA.png","Ze camion es abajo ze gor.","knife.png","truck.png","hat.png","truck.png"
"","masculine","singular","NA.png","NA.png","Ze cuchil es abajo ze gor.","NA.png","Ze cuchil es abajo ze lapiz.","hat.png","knife.png","pencil.png","knife.png"
"","masculine","singular","NA.png","NA.png","Ze gor es abajo ze lapiz.","NA.png","Ze gor es abajo ze reloj.","pencil.png","hat.png","watch.png","hat.png"
"","masculine","singular","NA.png","NA.png","Ze lapiz es abajo ze reloj.","NA.png","Ze lapiz es abajo ze roper.","watch.png","pencil.png","closet.png","pencil.png"
"","masculine","singular","NA.png","NA.png","Ze reloj es abajo ze roper.","NA.png","Ze reloj es abajo ze camion.","closet.png","watch.png","truck.png","watch.png"
"","masculine","singular","NA.png","NA.png","Ze roper es abajo ze camion.","NA.png","Ze roper es abajo ze cuchil.","truck.png","closet.png","knife.png","closet.png"
"","masculine","singular","NA.png","NA.png","Ze camion es abajo ze gor.","NA.png","Ze camion es abajo ze lapiz.","hat.png","truck.png","pencil.png","truck.png"
"","masculine","singular","NA.png","NA.png","Ze cuchil es abajo ze lapiz.","NA.png","Ze cuchil es abajo ze reloj.","pencil.png","knife.png","watch.png","knife.png"
"","masculine","singular","NA.png","NA.png","Ze gor es abajo ze reloj.","NA.png","Ze gor es abajo ze roper.","watch.png","hat.png","closet.png","hat.png"
"","masculine","singular","NA.png","NA.png","Ze lapiz es abajo ze roper.","NA.png","Ze lapiz es abajo ze camion.","closet.png","pencil.png","truck.png","pencil.png"
"","masculine","singular","NA.png","NA.png","Ze reloj es abajo ze camion.","NA.png","Ze reloj es abajo ze cuchil.","truck.png","watch.png","knife.png","watch.png"
"","masculine","singular","NA.png","NA.png","Ze roper es abajo ze cuchil.","NA.png","Ze roper es abajo ze gor.","knife.png","closet.png","hat.png","closet.png"
