"list","gender","number","noun_image","adjective1_image","adjective2_image","upper_image1","lower_image1","upper_image2","lower_image2","sentence1","sentence2"
"List 1: singular, plural","feminine","singular","window.png","expensive.png","cheap.png","NA.png","NA.png","NA.png","NA.png","Je window is expensiveju.","Je window is cheapeju."
"List 1: singular, plural","feminine","singular","window.png","clean.png","dirty.png","NA.png","NA.png","NA.png","NA.png","Je window is cleaneju.","Je window is dirtyeju."
"List 1: singular, plural","feminine","singular","window.png","short.png","long.png","NA.png","NA.png","NA.png","NA.png","Je window is shorteju.","Je window is longeju."
"List 1: singular, plural","feminine","singular","window.png","new.png","old.png","NA.png","NA.png","NA.png","NA.png","Je window is neweju.","Je window is oldeju."
"List 1: singular, plural","feminine","singular","window.png","yellow.png","red.png","NA.png","NA.png","NA.png","NA.png","Je window is yelloweju.","Je window is redeju."
"List 1: singular, plural","feminine","singular","window.png","small.png","big.png","NA.png","NA.png","NA.png","NA.png","Je window is smalleju.","Je window is bigeju."
"List 1: singular, plural","masculine","singular","knife.png","expensive.png","cheap.png","NA.png","NA.png","NA.png","NA.png","Ze knife is expensivezu.","Ze knife is cheapezu."
"List 1: singular, plural","masculine","singular","knife.png","clean.png","dirty.png","NA.png","NA.png","NA.png","NA.png","Ze knife is cleanezu.","Ze knife is dirtyezu."
"List 1: singular, plural","masculine","singular","knife.png","short.png","long.png","NA.png","NA.png","NA.png","NA.png","Ze knife is shortezu.","Ze knife is longezu."
"List 1: singular, plural","masculine","singular","knife.png","new.png","old.png","NA.png","NA.png","NA.png","NA.png","Ze knife is newezu.","Ze knife is oldezu."
"List 1: singular, plural","masculine","singular","knife.png","yellow.png","red.png","NA.png","NA.png","NA.png","NA.png","Ze knife is yellowezu.","Ze knife is redezu."
"List 1: singular, plural","masculine","singular","knife.png","small.png","big.png","NA.png","NA.png","NA.png","NA.png","Ze knife is smallezu.","Ze knife is bigezu."
"List 1: singular, plural","masculine","singular","hat.png","expensive.png","cheap.png","NA.png","NA.png","NA.png","NA.png","Ze hat is expensivezu.","Ze hat is cheapezu."
"List 1: singular, plural","masculine","singular","hat.png","clean.png","dirty.png","NA.png","NA.png","NA.png","NA.png","Ze hat is cleanezu.","Ze hat is dirtyezu."
"List 1: singular, plural","masculine","singular","hat.png","short.png","long.png","NA.png","NA.png","NA.png","NA.png","Ze hat is shortezu.","Ze hat is longezu."
"List 1: singular, plural","masculine","singular","hat.png","new.png","old.png","NA.png","NA.png","NA.png","NA.png","Ze hat is newezu.","Ze hat is oldezu."
"List 1: singular, plural","masculine","singular","hat.png","yellow.png","red.png","NA.png","NA.png","NA.png","NA.png","Ze hat is yellowezu.","Ze hat is redezu."
"List 1: singular, plural","masculine","singular","hat.png","small.png","big.png","NA.png","NA.png","NA.png","NA.png","Ze hat is smallezu.","Ze hat is bigezu."
"List 1: singular, plural","masculine","singular","watch.png","expensive.png","cheap.png","NA.png","NA.png","NA.png","NA.png","Ze watch is expensivezu.","Ze watch is cheapezu."
"List 1: singular, plural","masculine","singular","watch.png","clean.png","dirty.png","NA.png","NA.png","NA.png","NA.png","Ze watch is cleanezu.","Ze watch is dirtyezu."
"List 1: singular, plural","masculine","singular","watch.png","short.png","long.png","NA.png","NA.png","NA.png","NA.png","Ze watch is shortezu.","Ze watch is longezu."
"List 1: singular, plural","masculine","singular","watch.png","new.png","old.png","NA.png","NA.png","NA.png","NA.png","Ze watch is newezu.","Ze watch is oldezu."
"List 1: singular, plural","masculine","singular","watch.png","yellow.png","red.png","NA.png","NA.png","NA.png","NA.png","Ze watch is yellowezu.","Ze watch is redezu."
"List 1: singular, plural","masculine","singular","watch.png","small.png","big.png","NA.png","NA.png","NA.png","NA.png","Ze watch is smallezu.","Ze watch is bigezu."
"List 1: singular, plural","feminine","singular","street.png","expensive.png","cheap.png","NA.png","NA.png","NA.png","NA.png","Je street is expensiveju.","Je street is cheapeju."
"List 1: singular, plural","feminine","singular","street.png","clean.png","dirty.png","NA.png","NA.png","NA.png","NA.png","Je street is cleaneju.","Je street is dirtyeju."
"List 1: singular, plural","feminine","singular","street.png","short.png","long.png","NA.png","NA.png","NA.png","NA.png","Je street is shorteju.","Je street is longeju."
"List 1: singular, plural","feminine","singular","street.png","new.png","old.png","NA.png","NA.png","NA.png","NA.png","Je street is neweju.","Je street is oldeju."
"List 1: singular, plural","feminine","singular","street.png","yellow.png","red.png","NA.png","NA.png","NA.png","NA.png","Je street is yelloweju.","Je street is redeju."
"List 1: singular, plural","feminine","singular","street.png","small.png","big.png","NA.png","NA.png","NA.png","NA.png","Je street is smalleju.","Je street is bigeju."
"List 1: singular, plural","feminine","singular","key.png","expensive.png","cheap.png","NA.png","NA.png","NA.png","NA.png","Je key is expensiveju.","Je key is cheapeju."
"List 1: singular, plural","feminine","singular","key.png","clean.png","dirty.png","NA.png","NA.png","NA.png","NA.png","Je key is cleaneju.","Je key is dirtyeju."
"List 1: singular, plural","feminine","singular","key.png","short.png","long.png","NA.png","NA.png","NA.png","NA.png","Je key is shorteju.","Je key is longeju."
"List 1: singular, plural","feminine","singular","key.png","new.png","old.png","NA.png","NA.png","NA.png","NA.png","Je key is neweju.","Je key is oldeju."
"List 1: singular, plural","feminine","singular","key.png","yellow.png","red.png","NA.png","NA.png","NA.png","NA.png","Je key is yelloweju.","Je key is redeju."
"List 1: singular, plural","feminine","singular","key.png","small.png","big.png","NA.png","NA.png","NA.png","NA.png","Je key is smalleju.","Je key is bigeju."
"List 1: singular, plural","feminine","plural","wall_2.png","expensive.png","cheap.png","NA.png","NA.png","NA.png","NA.png","Jer wall are expensivejur.","Jer wall are cheapejur."
"List 1: singular, plural","feminine","plural","wall_2.png","clean.png","dirty.png","NA.png","NA.png","NA.png","NA.png","Jer wall are cleanejur.","Jer wall are dirtyejur."
"List 1: singular, plural","feminine","plural","wall_2.png","short.png","long.png","NA.png","NA.png","NA.png","NA.png","Jer wall are shortejur.","Jer wall are longejur."
"List 1: singular, plural","feminine","plural","wall_2.png","new.png","old.png","NA.png","NA.png","NA.png","NA.png","Jer wall are newejur.","Jer wall are oldejur."
"List 1: singular, plural","feminine","plural","wall_2.png","yellow.png","red.png","NA.png","NA.png","NA.png","NA.png","Jer wall are yellowejur.","Jer wall are redejur."
"List 1: singular, plural","feminine","plural","wall_2.png","small.png","big.png","NA.png","NA.png","NA.png","NA.png","Jer wall are smallejur.","Jer wall are bigejur."
"List 1: singular, plural","feminine","plural","cup_2.png","expensive.png","cheap.png","NA.png","NA.png","NA.png","NA.png","Jer cup are expensivejur.","Jer cup are cheapejur."
"List 1: singular, plural","feminine","plural","cup_2.png","clean.png","dirty.png","NA.png","NA.png","NA.png","NA.png","Jer cup are cleanejur.","Jer cup are dirtyejur."
"List 1: singular, plural","feminine","plural","cup_2.png","short.png","long.png","NA.png","NA.png","NA.png","NA.png","Jer cup are shortejur.","Jer cup are longejur."
"List 1: singular, plural","feminine","plural","cup_2.png","new.png","old.png","NA.png","NA.png","NA.png","NA.png","Jer cup are newejur.","Jer cup are oldejur."
"List 1: singular, plural","feminine","plural","cup_2.png","yellow.png","red.png","NA.png","NA.png","NA.png","NA.png","Jer cup are yellowejur.","Jer cup are redejur."
"List 1: singular, plural","feminine","plural","cup_2.png","small.png","big.png","NA.png","NA.png","NA.png","NA.png","Jer cup are smallejur.","Jer cup are bigejur."
"List 1: singular, plural","feminine","plural","bag_2.png","expensive.png","cheap.png","NA.png","NA.png","NA.png","NA.png","Jer bag are expensivejur.","Jer bag are cheapejur."
"List 1: singular, plural","feminine","plural","bag_2.png","clean.png","dirty.png","NA.png","NA.png","NA.png","NA.png","Jer bag are cleanejur.","Jer bag are dirtyejur."
"List 1: singular, plural","feminine","plural","bag_2.png","short.png","long.png","NA.png","NA.png","NA.png","NA.png","Jer bag are shortejur.","Jer bag are longejur."
"List 1: singular, plural","feminine","plural","bag_2.png","new.png","old.png","NA.png","NA.png","NA.png","NA.png","Jer bag are newejur.","Jer bag are oldejur."
"List 1: singular, plural","feminine","plural","bag_2.png","yellow.png","red.png","NA.png","NA.png","NA.png","NA.png","Jer bag are yellowejur.","Jer bag are redejur."
"List 1: singular, plural","feminine","plural","bag_2.png","small.png","big.png","NA.png","NA.png","NA.png","NA.png","Jer bag are smallejur.","Jer bag are bigejur."
"List 1: singular, plural","masculine","plural","truck_3.png","expensive.png","cheap.png","NA.png","NA.png","NA.png","NA.png","Zer truck are expensivezur.","Zer truck are cheapezur."
"List 1: singular, plural","masculine","plural","truck_3.png","clean.png","dirty.png","NA.png","NA.png","NA.png","NA.png","Zer truck are cleanezur.","Zer truck are dirtyezur."
"List 1: singular, plural","masculine","plural","truck_3.png","short.png","long.png","NA.png","NA.png","NA.png","NA.png","Zer truck are shortezur.","Zer truck are longezur."
"List 1: singular, plural","masculine","plural","truck_3.png","new.png","old.png","NA.png","NA.png","NA.png","NA.png","Zer truck are newezur.","Zer truck are oldezur."
"List 1: singular, plural","masculine","plural","truck_3.png","yellow.png","red.png","NA.png","NA.png","NA.png","NA.png","Zer truck are yellowezur.","Zer truck are redezur."
"List 1: singular, plural","masculine","plural","truck_3.png","small.png","big.png","NA.png","NA.png","NA.png","NA.png","Zer truck are smallezur.","Zer truck are bigezur."
"List 1: singular, plural","masculine","plural","pencil_3.png","expensive.png","cheap.png","NA.png","NA.png","NA.png","NA.png","Zer pencil are expensivezur.","Zer pencil are cheapezur."
"List 1: singular, plural","masculine","plural","pencil_3.png","clean.png","dirty.png","NA.png","NA.png","NA.png","NA.png","Zer pencil are cleanezur.","Zer pencil are dirtyezur."
"List 1: singular, plural","masculine","plural","pencil_3.png","short.png","long.png","NA.png","NA.png","NA.png","NA.png","Zer pencil are shortezur.","Zer pencil are longezur."
"List 1: singular, plural","masculine","plural","pencil_3.png","new.png","old.png","NA.png","NA.png","NA.png","NA.png","Zer pencil are newezur.","Zer pencil are oldezur."
"List 1: singular, plural","masculine","plural","pencil_3.png","yellow.png","red.png","NA.png","NA.png","NA.png","NA.png","Zer pencil are yellowezur.","Zer pencil are redezur."
"List 1: singular, plural","masculine","plural","pencil_3.png","small.png","big.png","NA.png","NA.png","NA.png","NA.png","Zer pencil are smallezur.","Zer pencil are bigezur."
"List 1: singular, plural","masculine","plural","closet_3.png","expensive.png","cheap.png","NA.png","NA.png","NA.png","NA.png","Zer closet are expensivezur.","Zer closet are cheapezur."
"List 1: singular, plural","masculine","plural","closet_3.png","clean.png","dirty.png","NA.png","NA.png","NA.png","NA.png","Zer closet are cleanezur.","Zer closet are dirtyezur."
"List 1: singular, plural","masculine","plural","closet_3.png","short.png","long.png","NA.png","NA.png","NA.png","NA.png","Zer closet are shortezur.","Zer closet are longezur."
"List 1: singular, plural","masculine","plural","closet_3.png","new.png","old.png","NA.png","NA.png","NA.png","NA.png","Zer closet are newezur.","Zer closet are oldezur."
"List 1: singular, plural","masculine","plural","closet_3.png","yellow.png","red.png","NA.png","NA.png","NA.png","NA.png","Zer closet are yellowezur.","Zer closet are redezur."
"List 1: singular, plural","masculine","plural","closet_3.png","small.png","big.png","NA.png","NA.png","NA.png","NA.png","Zer closet are smallezur.","Zer closet are bigezur."
"","feminine","plural","NA.png","NA.png","NA.png","bag_2.png","cup_2.png","bag_2.png","key_2.png","Jer bag are above jer cup.","Jer bag are above jer key."
"","feminine","plural","NA.png","NA.png","NA.png","cup_2.png","key_2.png","cup_2.png","street_2.png","Jer cup are above jer key.","Jer cup are above jer street."
"","feminine","plural","NA.png","NA.png","NA.png","key_2.png","street_2.png","key_2.png","wall_2.png","Jer key are above jer street.","Jer key are above jer wall."
"","feminine","plural","NA.png","NA.png","NA.png","street_2.png","wall_2.png","street_2.png","window_2.png","Jer street are above jer wall.","Jer street are above jer window."
"","feminine","plural","NA.png","NA.png","NA.png","wall_2.png","window_2.png","wall_2.png","bag_2.png","Jer wall are above jer window.","Jer wall are above jer bag."
"","feminine","plural","NA.png","NA.png","NA.png","window_2.png","bag_2.png","window_2.png","cup_2.png","Jer window are above jer bag.","Jer window are above jer cup."
"","feminine","plural","NA.png","NA.png","NA.png","bag_2.png","key_2.png","bag_2.png","street_2.png","Jer bag are above jer key.","Jer bag are above jer street."
"","feminine","plural","NA.png","NA.png","NA.png","cup_2.png","street_2.png","cup_2.png","wall_2.png","Jer cup are above jer street.","Jer cup are above jer wall."
"","feminine","plural","NA.png","NA.png","NA.png","key_2.png","wall_2.png","key_2.png","window_2.png","Jer key are above jer wall.","Jer key are above jer window."
"","feminine","plural","NA.png","NA.png","NA.png","street_2.png","window_2.png","street_2.png","bag_2.png","Jer street are above jer window.","Jer street are above jer bag."
"","feminine","plural","NA.png","NA.png","NA.png","wall_2.png","bag_2.png","wall_2.png","cup_2.png","Jer wall are above jer bag.","Jer wall are above jer cup."
"","feminine","plural","NA.png","NA.png","NA.png","window_2.png","cup_2.png","window_2.png","key_2.png","Jer window are above jer cup.","Jer window are above jer key."
"","feminine","plural","NA.png","NA.png","NA.png","bag_2.png","street_2.png","bag_2.png","wall_2.png","Jer bag are above jer street.","Jer bag are above jer wall."
"","feminine","plural","NA.png","NA.png","NA.png","cup_2.png","wall_2.png","cup_2.png","window_2.png","Jer cup are above jer wall.","Jer cup are above jer window."
"","feminine","plural","NA.png","NA.png","NA.png","key_2.png","window_2.png","key_2.png","bag_2.png","Jer key are above jer window.","Jer key are above jer bag."
"","feminine","plural","NA.png","NA.png","NA.png","street_2.png","bag_2.png","street_2.png","cup_2.png","Jer street are above jer bag.","Jer street are above jer cup."
"","feminine","plural","NA.png","NA.png","NA.png","wall_2.png","cup_2.png","wall_2.png","key_2.png","Jer wall are above jer cup.","Jer wall are above jer key."
"","feminine","plural","NA.png","NA.png","NA.png","window_2.png","key_2.png","window_2.png","street_2.png","Jer window are above jer key.","Jer window are above jer street."
"","feminine","singular","NA.png","NA.png","NA.png","wall.png","bag.png","window.png","bag.png","Je bag is below je wall.","Je bag is below je window."
"","feminine","singular","NA.png","NA.png","NA.png","window.png","cup.png","bag.png","cup.png","Je cup is below je window.","Je cup is below je bag."
"","feminine","singular","NA.png","NA.png","NA.png","bag.png","key.png","cup.png","key.png","Je key is below je bag.","Je key is below je cup."
"","feminine","singular","NA.png","NA.png","NA.png","cup.png","street.png","key.png","street.png","Je street is below je cup.","Je street is below je key."
"","feminine","singular","NA.png","NA.png","NA.png","key.png","wall.png","street.png","wall.png","Je wall is below je key.","Je wall is below je street."
"","feminine","singular","NA.png","NA.png","NA.png","street.png","window.png","wall.png","window.png","Je window is below je street.","Je window is below je wall."
"","feminine","singular","NA.png","NA.png","NA.png","window.png","bag.png","cup.png","bag.png","Je bag is below je window.","Je bag is below je cup."
"","feminine","singular","NA.png","NA.png","NA.png","bag.png","cup.png","key.png","cup.png","Je cup is below je bag.","Je cup is below je key."
"","feminine","singular","NA.png","NA.png","NA.png","cup.png","key.png","street.png","key.png","Je key is below je cup.","Je key is below je street."
"","feminine","singular","NA.png","NA.png","NA.png","key.png","street.png","wall.png","street.png","Je street is below je key.","Je street is below je wall."
"","feminine","singular","NA.png","NA.png","NA.png","street.png","wall.png","window.png","wall.png","Je wall is below je street.","Je wall is below je window."
"","feminine","singular","NA.png","NA.png","NA.png","wall.png","window.png","bag.png","window.png","Je window is below je wall.","Je window is below je bag."
"","feminine","singular","NA.png","NA.png","NA.png","cup.png","bag.png","key.png","bag.png","Je bag is below je cup.","Je bag is below je key."
"","feminine","singular","NA.png","NA.png","NA.png","key.png","cup.png","street.png","cup.png","Je cup is below je key.","Je cup is below je street."
"","feminine","singular","NA.png","NA.png","NA.png","street.png","key.png","wall.png","key.png","Je key is below je street.","Je key is below je wall."
"","feminine","singular","NA.png","NA.png","NA.png","wall.png","street.png","window.png","street.png","Je street is below je wall.","Je street is below je window."
"","feminine","singular","NA.png","NA.png","NA.png","window.png","wall.png","bag.png","wall.png","Je wall is below je window.","Je wall is below je bag."
"","feminine","singular","NA.png","NA.png","NA.png","bag.png","window.png","cup.png","window.png","Je window is below je bag.","Je window is below je cup."
"","masculine","plural","NA.png","NA.png","NA.png","closet_3.png","hat_3.png","closet_3.png","knife_3.png","Zer closet are above zer hat.","Zer closet are above zer knife."
"","masculine","plural","NA.png","NA.png","NA.png","hat_3.png","knife_3.png","hat_3.png","pencil_3.png","Zer hat are above zer knife.","Zer hat are above zer pencil."
"","masculine","plural","NA.png","NA.png","NA.png","knife_3.png","pencil_3.png","knife_3.png","truck_3.png","Zer knife are above zer pencil.","Zer knife are above zer truck."
"","masculine","plural","NA.png","NA.png","NA.png","pencil_3.png","truck_3.png","pencil_3.png","watch_3.png","Zer pencil are above zer truck.","Zer pencil are above zer watch."
"","masculine","plural","NA.png","NA.png","NA.png","truck_3.png","watch_3.png","truck_3.png","closet_3.png","Zer truck are above zer watch.","Zer truck are above zer closet."
"","masculine","plural","NA.png","NA.png","NA.png","watch_3.png","closet_3.png","watch_3.png","hat_3.png","Zer watch are above zer closet.","Zer watch are above zer hat."
"","masculine","plural","NA.png","NA.png","NA.png","closet_3.png","knife_3.png","closet_3.png","pencil_3.png","Zer closet are above zer knife.","Zer closet are above zer pencil."
"","masculine","plural","NA.png","NA.png","NA.png","hat_3.png","pencil_3.png","hat_3.png","truck_3.png","Zer hat are above zer pencil.","Zer hat are above zer truck."
"","masculine","plural","NA.png","NA.png","NA.png","knife_3.png","truck_3.png","knife_3.png","watch_3.png","Zer knife are above zer truck.","Zer knife are above zer watch."
"","masculine","plural","NA.png","NA.png","NA.png","pencil_3.png","watch_3.png","pencil_3.png","closet_3.png","Zer pencil are above zer watch.","Zer pencil are above zer closet."
"","masculine","plural","NA.png","NA.png","NA.png","truck_3.png","closet_3.png","truck_3.png","hat_3.png","Zer truck are above zer closet.","Zer truck are above zer hat."
"","masculine","plural","NA.png","NA.png","NA.png","watch_3.png","hat_3.png","watch_3.png","knife_3.png","Zer watch are above zer hat.","Zer watch are above zer knife."
"","masculine","plural","NA.png","NA.png","NA.png","closet_3.png","pencil_3.png","closet_3.png","truck_3.png","Zer closet are above zer pencil.","Zer closet are above zer truck."
"","masculine","plural","NA.png","NA.png","NA.png","hat_3.png","truck_3.png","hat_3.png","watch_3.png","Zer hat are above zer truck.","Zer hat are above zer watch."
"","masculine","plural","NA.png","NA.png","NA.png","knife_3.png","watch_3.png","knife_3.png","closet_3.png","Zer knife are above zer watch.","Zer knife are above zer closet."
"","masculine","plural","NA.png","NA.png","NA.png","pencil_3.png","closet_3.png","pencil_3.png","hat_3.png","Zer pencil are above zer closet.","Zer pencil are above zer hat."
"","masculine","plural","NA.png","NA.png","NA.png","truck_3.png","hat_3.png","truck_3.png","knife_3.png","Zer truck are above zer hat.","Zer truck are above zer knife."
"","masculine","plural","NA.png","NA.png","NA.png","watch_3.png","knife_3.png","watch_3.png","pencil_3.png","Zer watch are above zer knife.","Zer watch are above zer pencil."
"","masculine","singular","NA.png","NA.png","NA.png","truck.png","closet.png","watch.png","closet.png","Ze closet is below ze truck.","Ze closet is below ze watch."
"","masculine","singular","NA.png","NA.png","NA.png","watch.png","hat.png","closet.png","hat.png","Ze hat is below ze watch.","Ze hat is below ze closet."
"","masculine","singular","NA.png","NA.png","NA.png","closet.png","knife.png","hat.png","knife.png","Ze knife is below ze closet.","Ze knife is below ze hat."
"","masculine","singular","NA.png","NA.png","NA.png","hat.png","pencil.png","knife.png","pencil.png","Ze pencil is below ze hat.","Ze pencil is below ze knife."
"","masculine","singular","NA.png","NA.png","NA.png","knife.png","truck.png","pencil.png","truck.png","Ze truck is below ze knife.","Ze truck is below ze pencil."
"","masculine","singular","NA.png","NA.png","NA.png","pencil.png","watch.png","truck.png","watch.png","Ze watch is below ze pencil.","Ze watch is below ze truck."
"","masculine","singular","NA.png","NA.png","NA.png","watch.png","closet.png","hat.png","closet.png","Ze closet is below ze watch.","Ze closet is below ze hat."
"","masculine","singular","NA.png","NA.png","NA.png","closet.png","hat.png","knife.png","hat.png","Ze hat is below ze closet.","Ze hat is below ze knife."
"","masculine","singular","NA.png","NA.png","NA.png","hat.png","knife.png","pencil.png","knife.png","Ze knife is below ze hat.","Ze knife is below ze pencil."
"","masculine","singular","NA.png","NA.png","NA.png","knife.png","pencil.png","truck.png","pencil.png","Ze pencil is below ze knife.","Ze pencil is below ze truck."
"","masculine","singular","NA.png","NA.png","NA.png","pencil.png","truck.png","watch.png","truck.png","Ze truck is below ze pencil.","Ze truck is below ze watch."
"","masculine","singular","NA.png","NA.png","NA.png","truck.png","watch.png","closet.png","watch.png","Ze watch is below ze truck.","Ze watch is below ze closet."
"","masculine","singular","NA.png","NA.png","NA.png","hat.png","closet.png","knife.png","closet.png","Ze closet is below ze hat.","Ze closet is below ze knife."
"","masculine","singular","NA.png","NA.png","NA.png","knife.png","hat.png","pencil.png","hat.png","Ze hat is below ze knife.","Ze hat is below ze pencil."
"","masculine","singular","NA.png","NA.png","NA.png","pencil.png","knife.png","truck.png","knife.png","Ze knife is below ze pencil.","Ze knife is below ze truck."
"","masculine","singular","NA.png","NA.png","NA.png","truck.png","pencil.png","watch.png","pencil.png","Ze pencil is below ze truck.","Ze pencil is below ze watch."
"","masculine","singular","NA.png","NA.png","NA.png","watch.png","truck.png","closet.png","truck.png","Ze truck is below ze watch.","Ze truck is below ze closet."
"","masculine","singular","NA.png","NA.png","NA.png","closet.png","watch.png","hat.png","watch.png","Ze watch is below ze closet.","Ze watch is below ze hat."
