"list","gender","number","noun_image","adjective1_image","sentence1","adjective2_image","sentence2","upper_image1","lower_image1","upper_image2","lower_image2"
"List 2: plural, singular","feminine","plural","window_3.png","expensive.png","Jer window are expensivejur.","cheap.png","Jer window are cheapejur.","NA.png","NA.png","NA.png","NA.png"
"List 2: plural, singular","feminine","plural","window_3.png","clean.png","Jer window are cleanejur.","dirty.png","Jer window are dirtyejur.","NA.png","NA.png","NA.png","NA.png"
"List 2: plural, singular","feminine","plural","window_3.png","short.png","Jer window are shortejur.","long.png","Jer window are longejur.","NA.png","NA.png","NA.png","NA.png"
"List 2: plural, singular","feminine","plural","window_3.png","new.png","Jer window are newejur.","old.png","Jer window are oldejur.","NA.png","NA.png","NA.png","NA.png"
"List 2: plural, singular","feminine","plural","window_3.png","yellow.png","Jer window are yellowejur.","red.png","Jer window are redejur.","NA.png","NA.png","NA.png","NA.png"
"List 2: plural, singular","feminine","plural","window_3.png","small.png","Jer window are smallejur.","big.png","Jer window are bigejur.","NA.png","NA.png","NA.png","NA.png"
"List 2: plural, singular","masculine","plural","knife_3.png","expensive.png","Zer knife are expensivezur.","cheap.png","Zer knife are cheapezur.","NA.png","NA.png","NA.png","NA.png"
"List 2: plural, singular","masculine","plural","knife_3.png","clean.png","Zer knife are cleanezur.","dirty.png","Zer knife are dirtyezur.","NA.png","NA.png","NA.png","NA.png"
"List 2: plural, singular","masculine","plural","knife_3.png","short.png","Zer knife are shortezur.","long.png","Zer knife are longezur.","NA.png","NA.png","NA.png","NA.png"
"List 2: plural, singular","masculine","plural","knife_3.png","new.png","Zer knife are newezur.","old.png","Zer knife are oldezur.","NA.png","NA.png","NA.png","NA.png"
"List 2: plural, singular","masculine","plural","knife_3.png","yellow.png","Zer knife are yellowezur.","red.png","Zer knife are redezur.","NA.png","NA.png","NA.png","NA.png"
"List 2: plural, singular","masculine","plural","knife_3.png","small.png","Zer knife are smallezur.","big.png","Zer knife are bigezur.","NA.png","NA.png","NA.png","NA.png"
"List 2: plural, singular","masculine","plural","hat_3.png","expensive.png","Zer hat are expensivezur.","cheap.png","Zer hat are cheapezur.","NA.png","NA.png","NA.png","NA.png"
"List 2: plural, singular","masculine","plural","hat_3.png","clean.png","Zer hat are cleanezur.","dirty.png","Zer hat are dirtyezur.","NA.png","NA.png","NA.png","NA.png"
"List 2: plural, singular","masculine","plural","hat_3.png","short.png","Zer hat are shortezur.","long.png","Zer hat are longezur.","NA.png","NA.png","NA.png","NA.png"
"List 2: plural, singular","masculine","plural","hat_3.png","new.png","Zer hat are newezur.","old.png","Zer hat are oldezur.","NA.png","NA.png","NA.png","NA.png"
"List 2: plural, singular","masculine","plural","hat_3.png","yellow.png","Zer hat are yellowezur.","red.png","Zer hat are redezur.","NA.png","NA.png","NA.png","NA.png"
"List 2: plural, singular","masculine","plural","hat_3.png","small.png","Zer hat are smallezur.","big.png","Zer hat are bigezur.","NA.png","NA.png","NA.png","NA.png"
"List 2: plural, singular","masculine","plural","watch_3.png","expensive.png","Zer watch are expensivezur.","cheap.png","Zer watch are cheapezur.","NA.png","NA.png","NA.png","NA.png"
"List 2: plural, singular","masculine","plural","watch_3.png","clean.png","Zer watch are cleanezur.","dirty.png","Zer watch are dirtyezur.","NA.png","NA.png","NA.png","NA.png"
"List 2: plural, singular","masculine","plural","watch_3.png","short.png","Zer watch are shortezur.","long.png","Zer watch are longezur.","NA.png","NA.png","NA.png","NA.png"
"List 2: plural, singular","masculine","plural","watch_3.png","new.png","Zer watch are newezur.","old.png","Zer watch are oldezur.","NA.png","NA.png","NA.png","NA.png"
"List 2: plural, singular","masculine","plural","watch_3.png","yellow.png","Zer watch are yellowezur.","red.png","Zer watch are redezur.","NA.png","NA.png","NA.png","NA.png"
"List 2: plural, singular","masculine","plural","watch_3.png","small.png","Zer watch are smallezur.","big.png","Zer watch are bigezur.","NA.png","NA.png","NA.png","NA.png"
"List 2: plural, singular","feminine","plural","street_3.png","expensive.png","Jer street are expensivejur.","cheap.png","Jer street are cheapejur.","NA.png","NA.png","NA.png","NA.png"
"List 2: plural, singular","feminine","plural","street_3.png","clean.png","Jer street are cleanejur.","dirty.png","Jer street are dirtyejur.","NA.png","NA.png","NA.png","NA.png"
"List 2: plural, singular","feminine","plural","street_3.png","short.png","Jer street are shortejur.","long.png","Jer street are longejur.","NA.png","NA.png","NA.png","NA.png"
"List 2: plural, singular","feminine","plural","street_3.png","new.png","Jer street are newejur.","old.png","Jer street are oldejur.","NA.png","NA.png","NA.png","NA.png"
"List 2: plural, singular","feminine","plural","street_3.png","yellow.png","Jer street are yellowejur.","red.png","Jer street are redejur.","NA.png","NA.png","NA.png","NA.png"
"List 2: plural, singular","feminine","plural","street_3.png","small.png","Jer street are smallejur.","big.png","Jer street are bigejur.","NA.png","NA.png","NA.png","NA.png"
"List 2: plural, singular","feminine","plural","key_3.png","expensive.png","Jer key are expensivejur.","cheap.png","Jer key are cheapejur.","NA.png","NA.png","NA.png","NA.png"
"List 2: plural, singular","feminine","plural","key_3.png","clean.png","Jer key are cleanejur.","dirty.png","Jer key are dirtyejur.","NA.png","NA.png","NA.png","NA.png"
"List 2: plural, singular","feminine","plural","key_3.png","short.png","Jer key are shortejur.","long.png","Jer key are longejur.","NA.png","NA.png","NA.png","NA.png"
"List 2: plural, singular","feminine","plural","key_3.png","new.png","Jer key are newejur.","old.png","Jer key are oldejur.","NA.png","NA.png","NA.png","NA.png"
"List 2: plural, singular","feminine","plural","key_3.png","yellow.png","Jer key are yellowejur.","red.png","Jer key are redejur.","NA.png","NA.png","NA.png","NA.png"
"List 2: plural, singular","feminine","plural","key_3.png","small.png","Jer key are smallejur.","big.png","Jer key are bigejur.","NA.png","NA.png","NA.png","NA.png"
"List 2: plural, singular","feminine","singular","wall.png","expensive.png","Je wall is expensiveju.","cheap.png","Je wall is cheapeju.","NA.png","NA.png","NA.png","NA.png"
"List 2: plural, singular","feminine","singular","wall.png","clean.png","Je wall is cleaneju.","dirty.png","Je wall is dirtyeju.","NA.png","NA.png","NA.png","NA.png"
"List 2: plural, singular","feminine","singular","wall.png","short.png","Je wall is shorteju.","long.png","Je wall is longeju.","NA.png","NA.png","NA.png","NA.png"
"List 2: plural, singular","feminine","singular","wall.png","new.png","Je wall is neweju.","old.png","Je wall is oldeju.","NA.png","NA.png","NA.png","NA.png"
"List 2: plural, singular","feminine","singular","wall.png","yellow.png","Je wall is yelloweju.","red.png","Je wall is redeju.","NA.png","NA.png","NA.png","NA.png"
"List 2: plural, singular","feminine","singular","wall.png","small.png","Je wall is smalleju.","big.png","Je wall is bigeju.","NA.png","NA.png","NA.png","NA.png"
"List 2: plural, singular","feminine","singular","cup.png","expensive.png","Je cup is expensiveju.","cheap.png","Je cup is cheapeju.","NA.png","NA.png","NA.png","NA.png"
"List 2: plural, singular","feminine","singular","cup.png","clean.png","Je cup is cleaneju.","dirty.png","Je cup is dirtyeju.","NA.png","NA.png","NA.png","NA.png"
"List 2: plural, singular","feminine","singular","cup.png","short.png","Je cup is shorteju.","long.png","Je cup is longeju.","NA.png","NA.png","NA.png","NA.png"
"List 2: plural, singular","feminine","singular","cup.png","new.png","Je cup is neweju.","old.png","Je cup is oldeju.","NA.png","NA.png","NA.png","NA.png"
"List 2: plural, singular","feminine","singular","cup.png","yellow.png","Je cup is yelloweju.","red.png","Je cup is redeju.","NA.png","NA.png","NA.png","NA.png"
"List 2: plural, singular","feminine","singular","cup.png","small.png","Je cup is smalleju.","big.png","Je cup is bigeju.","NA.png","NA.png","NA.png","NA.png"
"List 2: plural, singular","feminine","singular","bag.png","expensive.png","Je bag is expensiveju.","cheap.png","Je bag is cheapeju.","NA.png","NA.png","NA.png","NA.png"
"List 2: plural, singular","feminine","singular","bag.png","clean.png","Je bag is cleaneju.","dirty.png","Je bag is dirtyeju.","NA.png","NA.png","NA.png","NA.png"
"List 2: plural, singular","feminine","singular","bag.png","short.png","Je bag is shorteju.","long.png","Je bag is longeju.","NA.png","NA.png","NA.png","NA.png"
"List 2: plural, singular","feminine","singular","bag.png","new.png","Je bag is neweju.","old.png","Je bag is oldeju.","NA.png","NA.png","NA.png","NA.png"
"List 2: plural, singular","feminine","singular","bag.png","yellow.png","Je bag is yelloweju.","red.png","Je bag is redeju.","NA.png","NA.png","NA.png","NA.png"
"List 2: plural, singular","feminine","singular","bag.png","small.png","Je bag is smalleju.","big.png","Je bag is bigeju.","NA.png","NA.png","NA.png","NA.png"
"List 2: plural, singular","masculine","singular","truck.png","expensive.png","Ze truck is expensivezu.","cheap.png","Ze truck is cheapezu.","NA.png","NA.png","NA.png","NA.png"
"List 2: plural, singular","masculine","singular","truck.png","clean.png","Ze truck is cleanezu.","dirty.png","Ze truck is dirtyezu.","NA.png","NA.png","NA.png","NA.png"
"List 2: plural, singular","masculine","singular","truck.png","short.png","Ze truck is shortezu.","long.png","Ze truck is longezu.","NA.png","NA.png","NA.png","NA.png"
"List 2: plural, singular","masculine","singular","truck.png","new.png","Ze truck is newezu.","old.png","Ze truck is oldezu.","NA.png","NA.png","NA.png","NA.png"
"List 2: plural, singular","masculine","singular","truck.png","yellow.png","Ze truck is yellowezu.","red.png","Ze truck is redezu.","NA.png","NA.png","NA.png","NA.png"
"List 2: plural, singular","masculine","singular","truck.png","small.png","Ze truck is smallezu.","big.png","Ze truck is bigezu.","NA.png","NA.png","NA.png","NA.png"
"List 2: plural, singular","masculine","singular","pencil.png","expensive.png","Ze pencil is expensivezu.","cheap.png","Ze pencil is cheapezu.","NA.png","NA.png","NA.png","NA.png"
"List 2: plural, singular","masculine","singular","pencil.png","clean.png","Ze pencil is cleanezu.","dirty.png","Ze pencil is dirtyezu.","NA.png","NA.png","NA.png","NA.png"
"List 2: plural, singular","masculine","singular","pencil.png","short.png","Ze pencil is shortezu.","long.png","Ze pencil is longezu.","NA.png","NA.png","NA.png","NA.png"
"List 2: plural, singular","masculine","singular","pencil.png","new.png","Ze pencil is newezu.","old.png","Ze pencil is oldezu.","NA.png","NA.png","NA.png","NA.png"
"List 2: plural, singular","masculine","singular","pencil.png","yellow.png","Ze pencil is yellowezu.","red.png","Ze pencil is redezu.","NA.png","NA.png","NA.png","NA.png"
"List 2: plural, singular","masculine","singular","pencil.png","small.png","Ze pencil is smallezu.","big.png","Ze pencil is bigezu.","NA.png","NA.png","NA.png","NA.png"
"List 2: plural, singular","masculine","singular","closet.png","expensive.png","Ze closet is expensivezu.","cheap.png","Ze closet is cheapezu.","NA.png","NA.png","NA.png","NA.png"
"List 2: plural, singular","masculine","singular","closet.png","clean.png","Ze closet is cleanezu.","dirty.png","Ze closet is dirtyezu.","NA.png","NA.png","NA.png","NA.png"
"List 2: plural, singular","masculine","singular","closet.png","short.png","Ze closet is shortezu.","long.png","Ze closet is longezu.","NA.png","NA.png","NA.png","NA.png"
"List 2: plural, singular","masculine","singular","closet.png","new.png","Ze closet is newezu.","old.png","Ze closet is oldezu.","NA.png","NA.png","NA.png","NA.png"
"List 2: plural, singular","masculine","singular","closet.png","yellow.png","Ze closet is yellowezu.","red.png","Ze closet is redezu.","NA.png","NA.png","NA.png","NA.png"
"List 2: plural, singular","masculine","singular","closet.png","small.png","Ze closet is smallezu.","big.png","Ze closet is bigezu.","NA.png","NA.png","NA.png","NA.png"
"","feminine","plural","NA.png","NA.png","Jer bag are above jer cup.","NA.png","Jer bag are above jer key.","bag_2.png","cup_2.png","bag_2.png","key_2.png"
"","feminine","plural","NA.png","NA.png","Jer cup are above jer key.","NA.png","Jer cup are above jer street.","cup_2.png","key_2.png","cup_2.png","street_2.png"
"","feminine","plural","NA.png","NA.png","Jer key are above jer street.","NA.png","Jer key are above jer wall.","key_2.png","street_2.png","key_2.png","wall_2.png"
"","feminine","plural","NA.png","NA.png","Jer street are above jer wall.","NA.png","Jer street are above jer window.","street_2.png","wall_2.png","street_2.png","window_2.png"
"","feminine","plural","NA.png","NA.png","Jer wall are above jer window.","NA.png","Jer wall are above jer bag.","wall_2.png","window_2.png","wall_2.png","bag_2.png"
"","feminine","plural","NA.png","NA.png","Jer window are above jer bag.","NA.png","Jer window are above jer cup.","window_2.png","bag_2.png","window_2.png","cup_2.png"
"","feminine","plural","NA.png","NA.png","Jer bag are above jer key.","NA.png","Jer bag are above jer street.","bag_2.png","key_2.png","bag_2.png","street_2.png"
"","feminine","plural","NA.png","NA.png","Jer cup are above jer street.","NA.png","Jer cup are above jer wall.","cup_2.png","street_2.png","cup_2.png","wall_2.png"
"","feminine","plural","NA.png","NA.png","Jer key are above jer wall.","NA.png","Jer key are above jer window.","key_2.png","wall_2.png","key_2.png","window_2.png"
"","feminine","plural","NA.png","NA.png","Jer street are above jer window.","NA.png","Jer street are above jer bag.","street_2.png","window_2.png","street_2.png","bag_2.png"
"","feminine","plural","NA.png","NA.png","Jer wall are above jer bag.","NA.png","Jer wall are above jer cup.","wall_2.png","bag_2.png","wall_2.png","cup_2.png"
"","feminine","plural","NA.png","NA.png","Jer window are above jer cup.","NA.png","Jer window are above jer key.","window_2.png","cup_2.png","window_2.png","key_2.png"
"","feminine","plural","NA.png","NA.png","Jer bag are above jer street.","NA.png","Jer bag are above jer wall.","bag_2.png","street_2.png","bag_2.png","wall_2.png"
"","feminine","plural","NA.png","NA.png","Jer cup are above jer wall.","NA.png","Jer cup are above jer window.","cup_2.png","wall_2.png","cup_2.png","window_2.png"
"","feminine","plural","NA.png","NA.png","Jer key are above jer window.","NA.png","Jer key are above jer bag.","key_2.png","window_2.png","key_2.png","bag_2.png"
"","feminine","plural","NA.png","NA.png","Jer street are above jer bag.","NA.png","Jer street are above jer cup.","street_2.png","bag_2.png","street_2.png","cup_2.png"
"","feminine","plural","NA.png","NA.png","Jer wall are above jer cup.","NA.png","Jer wall are above jer key.","wall_2.png","cup_2.png","wall_2.png","key_2.png"
"","feminine","plural","NA.png","NA.png","Jer window are above jer key.","NA.png","Jer window are above jer street.","window_2.png","key_2.png","window_2.png","street_2.png"
"","feminine","plural","NA.png","NA.png","Jer bag are above jer wall.","NA.png","Jer bag are above jer window.","bag_2.png","wall_2.png","bag_2.png","window_2.png"
"","feminine","plural","NA.png","NA.png","Jer cup are above jer window.","NA.png","Jer cup are above jer bag.","cup_2.png","window_2.png","cup_2.png","bag_2.png"
"","feminine","plural","NA.png","NA.png","Jer key are above jer bag.","NA.png","Jer key are above jer cup.","key_2.png","bag_2.png","key_2.png","cup_2.png"
"","feminine","plural","NA.png","NA.png","Jer street are above jer cup.","NA.png","Jer street are above jer key.","street_2.png","cup_2.png","street_2.png","key_2.png"
"","feminine","plural","NA.png","NA.png","Jer wall are above jer key.","NA.png","Jer wall are above jer street.","wall_2.png","key_2.png","wall_2.png","street_2.png"
"","feminine","plural","NA.png","NA.png","Jer window are above jer street.","NA.png","Jer window are above jer wall.","window_2.png","street_2.png","window_2.png","wall_2.png"
"","feminine","plural","NA.png","NA.png","Jer bag are above jer window.","NA.png","Jer bag are above jer cup.","bag_2.png","window_2.png","bag_2.png","cup_2.png"
"","feminine","plural","NA.png","NA.png","Jer cup are above jer bag.","NA.png","Jer cup are above jer key.","cup_2.png","bag_2.png","cup_2.png","key_2.png"
"","feminine","plural","NA.png","NA.png","Jer key are above jer cup.","NA.png","Jer key are above jer street.","key_2.png","cup_2.png","key_2.png","street_2.png"
"","feminine","plural","NA.png","NA.png","Jer street are above jer key.","NA.png","Jer street are above jer wall.","street_2.png","key_2.png","street_2.png","wall_2.png"
"","feminine","plural","NA.png","NA.png","Jer wall are above jer street.","NA.png","Jer wall are above jer window.","wall_2.png","street_2.png","wall_2.png","window_2.png"
"","feminine","plural","NA.png","NA.png","Jer window are above jer wall.","NA.png","Jer window are above jer bag.","window_2.png","wall_2.png","window_2.png","bag_2.png"
"","feminine","plural","NA.png","NA.png","Jer bag are above jer cup.","NA.png","Jer bag are above jer key.","bag_2.png","cup_2.png","bag_2.png","key_2.png"
"","feminine","plural","NA.png","NA.png","Jer cup are above jer key.","NA.png","Jer cup are above jer street.","cup_2.png","key_2.png","cup_2.png","street_2.png"
"","feminine","plural","NA.png","NA.png","Jer key are above jer street.","NA.png","Jer key are above jer wall.","key_2.png","street_2.png","key_2.png","wall_2.png"
"","feminine","plural","NA.png","NA.png","Jer street are above jer wall.","NA.png","Jer street are above jer window.","street_2.png","wall_2.png","street_2.png","window_2.png"
"","feminine","plural","NA.png","NA.png","Jer wall are above jer window.","NA.png","Jer wall are above jer bag.","wall_2.png","window_2.png","wall_2.png","bag_2.png"
"","feminine","plural","NA.png","NA.png","Jer window are above jer bag.","NA.png","Jer window are above jer cup.","window_2.png","bag_2.png","window_2.png","cup_2.png"
"","feminine","singular","NA.png","NA.png","Je bag is below je key.","NA.png","Je bag is below je street.","key.png","bag.png","street.png","bag.png"
"","feminine","singular","NA.png","NA.png","Je cup is below je street.","NA.png","Je cup is below je wall.","street.png","cup.png","wall.png","cup.png"
"","feminine","singular","NA.png","NA.png","Je key is below je wall.","NA.png","Je key is below je window.","wall.png","key.png","window.png","key.png"
"","feminine","singular","NA.png","NA.png","Je street is below je window.","NA.png","Je street is below je bag.","window.png","street.png","bag.png","street.png"
"","feminine","singular","NA.png","NA.png","Je wall is below je bag.","NA.png","Je wall is below je cup.","bag.png","wall.png","cup.png","wall.png"
"","feminine","singular","NA.png","NA.png","Je window is below je cup.","NA.png","Je window is below je key.","cup.png","window.png","key.png","window.png"
"","feminine","singular","NA.png","NA.png","Je bag is below je street.","NA.png","Je bag is below je wall.","street.png","bag.png","wall.png","bag.png"
"","feminine","singular","NA.png","NA.png","Je cup is below je wall.","NA.png","Je cup is below je window.","wall.png","cup.png","window.png","cup.png"
"","feminine","singular","NA.png","NA.png","Je key is below je window.","NA.png","Je key is below je bag.","window.png","key.png","bag.png","key.png"
"","feminine","singular","NA.png","NA.png","Je street is below je bag.","NA.png","Je street is below je cup.","bag.png","street.png","cup.png","street.png"
"","feminine","singular","NA.png","NA.png","Je wall is below je cup.","NA.png","Je wall is below je key.","cup.png","wall.png","key.png","wall.png"
"","feminine","singular","NA.png","NA.png","Je window is below je key.","NA.png","Je window is below je street.","key.png","window.png","street.png","window.png"
"","feminine","singular","NA.png","NA.png","Je bag is below je wall.","NA.png","Je bag is below je window.","wall.png","bag.png","window.png","bag.png"
"","feminine","singular","NA.png","NA.png","Je cup is below je window.","NA.png","Je cup is below je bag.","window.png","cup.png","bag.png","cup.png"
"","feminine","singular","NA.png","NA.png","Je key is below je bag.","NA.png","Je key is below je cup.","bag.png","key.png","cup.png","key.png"
"","feminine","singular","NA.png","NA.png","Je street is below je cup.","NA.png","Je street is below je key.","cup.png","street.png","key.png","street.png"
"","feminine","singular","NA.png","NA.png","Je wall is below je key.","NA.png","Je wall is below je street.","key.png","wall.png","street.png","wall.png"
"","feminine","singular","NA.png","NA.png","Je window is below je street.","NA.png","Je window is below je wall.","street.png","window.png","wall.png","window.png"
"","feminine","singular","NA.png","NA.png","Je bag is below je window.","NA.png","Je bag is below je cup.","window.png","bag.png","cup.png","bag.png"
"","feminine","singular","NA.png","NA.png","Je cup is below je bag.","NA.png","Je cup is below je key.","bag.png","cup.png","key.png","cup.png"
"","feminine","singular","NA.png","NA.png","Je key is below je cup.","NA.png","Je key is below je street.","cup.png","key.png","street.png","key.png"
"","feminine","singular","NA.png","NA.png","Je street is below je key.","NA.png","Je street is below je wall.","key.png","street.png","wall.png","street.png"
"","feminine","singular","NA.png","NA.png","Je wall is below je street.","NA.png","Je wall is below je window.","street.png","wall.png","window.png","wall.png"
"","feminine","singular","NA.png","NA.png","Je window is below je wall.","NA.png","Je window is below je bag.","wall.png","window.png","bag.png","window.png"
"","feminine","singular","NA.png","NA.png","Je bag is below je cup.","NA.png","Je bag is below je key.","cup.png","bag.png","key.png","bag.png"
"","feminine","singular","NA.png","NA.png","Je cup is below je key.","NA.png","Je cup is below je street.","key.png","cup.png","street.png","cup.png"
"","feminine","singular","NA.png","NA.png","Je key is below je street.","NA.png","Je key is below je wall.","street.png","key.png","wall.png","key.png"
"","feminine","singular","NA.png","NA.png","Je street is below je wall.","NA.png","Je street is below je window.","wall.png","street.png","window.png","street.png"
"","feminine","singular","NA.png","NA.png","Je wall is below je window.","NA.png","Je wall is below je bag.","window.png","wall.png","bag.png","wall.png"
"","feminine","singular","NA.png","NA.png","Je window is below je bag.","NA.png","Je window is below je cup.","bag.png","window.png","cup.png","window.png"
"","feminine","singular","NA.png","NA.png","Je bag is below je key.","NA.png","Je bag is below je street.","key.png","bag.png","street.png","bag.png"
"","feminine","singular","NA.png","NA.png","Je cup is below je street.","NA.png","Je cup is below je wall.","street.png","cup.png","wall.png","cup.png"
"","feminine","singular","NA.png","NA.png","Je key is below je wall.","NA.png","Je key is below je window.","wall.png","key.png","window.png","key.png"
"","feminine","singular","NA.png","NA.png","Je street is below je window.","NA.png","Je street is below je bag.","window.png","street.png","bag.png","street.png"
"","feminine","singular","NA.png","NA.png","Je wall is below je bag.","NA.png","Je wall is below je cup.","bag.png","wall.png","cup.png","wall.png"
"","feminine","singular","NA.png","NA.png","Je window is below je cup.","NA.png","Je window is below je key.","cup.png","window.png","key.png","window.png"
"","masculine","plural","NA.png","NA.png","Zer closet are above zer hat.","NA.png","Zer closet are above zer knife.","closet_3.png","hat_3.png","closet_3.png","knife_3.png"
"","masculine","plural","NA.png","NA.png","Zer hat are above zer knife.","NA.png","Zer hat are above zer pencil.","hat_3.png","knife_3.png","hat_3.png","pencil_3.png"
"","masculine","plural","NA.png","NA.png","Zer knife are above zer pencil.","NA.png","Zer knife are above zer truck.","knife_3.png","pencil_3.png","knife_3.png","truck_3.png"
"","masculine","plural","NA.png","NA.png","Zer pencil are above zer truck.","NA.png","Zer pencil are above zer watch.","pencil_3.png","truck_3.png","pencil_3.png","watch_3.png"
"","masculine","plural","NA.png","NA.png","Zer truck are above zer watch.","NA.png","Zer truck are above zer closet.","truck_3.png","watch_3.png","truck_3.png","closet_3.png"
"","masculine","plural","NA.png","NA.png","Zer watch are above zer closet.","NA.png","Zer watch are above zer hat.","watch_3.png","closet_3.png","watch_3.png","hat_3.png"
"","masculine","plural","NA.png","NA.png","Zer closet are above zer knife.","NA.png","Zer closet are above zer pencil.","closet_3.png","knife_3.png","closet_3.png","pencil_3.png"
"","masculine","plural","NA.png","NA.png","Zer hat are above zer pencil.","NA.png","Zer hat are above zer truck.","hat_3.png","pencil_3.png","hat_3.png","truck_3.png"
"","masculine","plural","NA.png","NA.png","Zer knife are above zer truck.","NA.png","Zer knife are above zer watch.","knife_3.png","truck_3.png","knife_3.png","watch_3.png"
"","masculine","plural","NA.png","NA.png","Zer pencil are above zer watch.","NA.png","Zer pencil are above zer closet.","pencil_3.png","watch_3.png","pencil_3.png","closet_3.png"
"","masculine","plural","NA.png","NA.png","Zer truck are above zer closet.","NA.png","Zer truck are above zer hat.","truck_3.png","closet_3.png","truck_3.png","hat_3.png"
"","masculine","plural","NA.png","NA.png","Zer watch are above zer hat.","NA.png","Zer watch are above zer knife.","watch_3.png","hat_3.png","watch_3.png","knife_3.png"
"","masculine","plural","NA.png","NA.png","Zer closet are above zer pencil.","NA.png","Zer closet are above zer truck.","closet_3.png","pencil_3.png","closet_3.png","truck_3.png"
"","masculine","plural","NA.png","NA.png","Zer hat are above zer truck.","NA.png","Zer hat are above zer watch.","hat_3.png","truck_3.png","hat_3.png","watch_3.png"
"","masculine","plural","NA.png","NA.png","Zer knife are above zer watch.","NA.png","Zer knife are above zer closet.","knife_3.png","watch_3.png","knife_3.png","closet_3.png"
"","masculine","plural","NA.png","NA.png","Zer pencil are above zer closet.","NA.png","Zer pencil are above zer hat.","pencil_3.png","closet_3.png","pencil_3.png","hat_3.png"
"","masculine","plural","NA.png","NA.png","Zer truck are above zer hat.","NA.png","Zer truck are above zer knife.","truck_3.png","hat_3.png","truck_3.png","knife_3.png"
"","masculine","plural","NA.png","NA.png","Zer watch are above zer knife.","NA.png","Zer watch are above zer pencil.","watch_3.png","knife_3.png","watch_3.png","pencil_3.png"
"","masculine","plural","NA.png","NA.png","Zer closet are above zer truck.","NA.png","Zer closet are above zer watch.","closet_3.png","truck_3.png","closet_3.png","watch_3.png"
"","masculine","plural","NA.png","NA.png","Zer hat are above zer watch.","NA.png","Zer hat are above zer closet.","hat_3.png","watch_3.png","hat_3.png","closet_3.png"
"","masculine","plural","NA.png","NA.png","Zer knife are above zer closet.","NA.png","Zer knife are above zer hat.","knife_3.png","closet_3.png","knife_3.png","hat_3.png"
"","masculine","plural","NA.png","NA.png","Zer pencil are above zer hat.","NA.png","Zer pencil are above zer knife.","pencil_3.png","hat_3.png","pencil_3.png","knife_3.png"
"","masculine","plural","NA.png","NA.png","Zer truck are above zer knife.","NA.png","Zer truck are above zer pencil.","truck_3.png","knife_3.png","truck_3.png","pencil_3.png"
"","masculine","plural","NA.png","NA.png","Zer watch are above zer pencil.","NA.png","Zer watch are above zer truck.","watch_3.png","pencil_3.png","watch_3.png","truck_3.png"
"","masculine","plural","NA.png","NA.png","Zer closet are above zer watch.","NA.png","Zer closet are above zer hat.","closet_3.png","watch_3.png","closet_3.png","hat_3.png"
"","masculine","plural","NA.png","NA.png","Zer hat are above zer closet.","NA.png","Zer hat are above zer knife.","hat_3.png","closet_3.png","hat_3.png","knife_3.png"
"","masculine","plural","NA.png","NA.png","Zer knife are above zer hat.","NA.png","Zer knife are above zer pencil.","knife_3.png","hat_3.png","knife_3.png","pencil_3.png"
"","masculine","plural","NA.png","NA.png","Zer pencil are above zer knife.","NA.png","Zer pencil are above zer truck.","pencil_3.png","knife_3.png","pencil_3.png","truck_3.png"
"","masculine","plural","NA.png","NA.png","Zer truck are above zer pencil.","NA.png","Zer truck are above zer watch.","truck_3.png","pencil_3.png","truck_3.png","watch_3.png"
"","masculine","plural","NA.png","NA.png","Zer watch are above zer truck.","NA.png","Zer watch are above zer closet.","watch_3.png","truck_3.png","watch_3.png","closet_3.png"
"","masculine","plural","NA.png","NA.png","Zer closet are above zer hat.","NA.png","Zer closet are above zer knife.","closet_3.png","hat_3.png","closet_3.png","knife_3.png"
"","masculine","plural","NA.png","NA.png","Zer hat are above zer knife.","NA.png","Zer hat are above zer pencil.","hat_3.png","knife_3.png","hat_3.png","pencil_3.png"
"","masculine","plural","NA.png","NA.png","Zer knife are above zer pencil.","NA.png","Zer knife are above zer truck.","knife_3.png","pencil_3.png","knife_3.png","truck_3.png"
"","masculine","plural","NA.png","NA.png","Zer pencil are above zer truck.","NA.png","Zer pencil are above zer watch.","pencil_3.png","truck_3.png","pencil_3.png","watch_3.png"
"","masculine","plural","NA.png","NA.png","Zer truck are above zer watch.","NA.png","Zer truck are above zer closet.","truck_3.png","watch_3.png","truck_3.png","closet_3.png"
"","masculine","plural","NA.png","NA.png","Zer watch are above zer closet.","NA.png","Zer watch are above zer hat.","watch_3.png","closet_3.png","watch_3.png","hat_3.png"
"","masculine","singular","NA.png","NA.png","Ze closet is below ze knife.","NA.png","Ze closet is below ze pencil.","knife.png","closet.png","pencil.png","closet.png"
"","masculine","singular","NA.png","NA.png","Ze hat is below ze pencil.","NA.png","Ze hat is below ze truck.","pencil.png","hat.png","truck.png","hat.png"
"","masculine","singular","NA.png","NA.png","Ze knife is below ze truck.","NA.png","Ze knife is below ze watch.","truck.png","knife.png","watch.png","knife.png"
"","masculine","singular","NA.png","NA.png","Ze pencil is below ze watch.","NA.png","Ze pencil is below ze closet.","watch.png","pencil.png","closet.png","pencil.png"
"","masculine","singular","NA.png","NA.png","Ze truck is below ze closet.","NA.png","Ze truck is below ze hat.","closet.png","truck.png","hat.png","truck.png"
"","masculine","singular","NA.png","NA.png","Ze watch is below ze hat.","NA.png","Ze watch is below ze knife.","hat.png","watch.png","knife.png","watch.png"
"","masculine","singular","NA.png","NA.png","Ze closet is below ze pencil.","NA.png","Ze closet is below ze truck.","pencil.png","closet.png","truck.png","closet.png"
"","masculine","singular","NA.png","NA.png","Ze hat is below ze truck.","NA.png","Ze hat is below ze watch.","truck.png","hat.png","watch.png","hat.png"
"","masculine","singular","NA.png","NA.png","Ze knife is below ze watch.","NA.png","Ze knife is below ze closet.","watch.png","knife.png","closet.png","knife.png"
"","masculine","singular","NA.png","NA.png","Ze pencil is below ze closet.","NA.png","Ze pencil is below ze hat.","closet.png","pencil.png","hat.png","pencil.png"
"","masculine","singular","NA.png","NA.png","Ze truck is below ze hat.","NA.png","Ze truck is below ze knife.","hat.png","truck.png","knife.png","truck.png"
"","masculine","singular","NA.png","NA.png","Ze watch is below ze knife.","NA.png","Ze watch is below ze pencil.","knife.png","watch.png","pencil.png","watch.png"
"","masculine","singular","NA.png","NA.png","Ze closet is below ze truck.","NA.png","Ze closet is below ze watch.","truck.png","closet.png","watch.png","closet.png"
"","masculine","singular","NA.png","NA.png","Ze hat is below ze watch.","NA.png","Ze hat is below ze closet.","watch.png","hat.png","closet.png","hat.png"
"","masculine","singular","NA.png","NA.png","Ze knife is below ze closet.","NA.png","Ze knife is below ze hat.","closet.png","knife.png","hat.png","knife.png"
"","masculine","singular","NA.png","NA.png","Ze pencil is below ze hat.","NA.png","Ze pencil is below ze knife.","hat.png","pencil.png","knife.png","pencil.png"
"","masculine","singular","NA.png","NA.png","Ze truck is below ze knife.","NA.png","Ze truck is below ze pencil.","knife.png","truck.png","pencil.png","truck.png"
"","masculine","singular","NA.png","NA.png","Ze watch is below ze pencil.","NA.png","Ze watch is below ze truck.","pencil.png","watch.png","truck.png","watch.png"
"","masculine","singular","NA.png","NA.png","Ze closet is below ze watch.","NA.png","Ze closet is below ze hat.","watch.png","closet.png","hat.png","closet.png"
"","masculine","singular","NA.png","NA.png","Ze hat is below ze closet.","NA.png","Ze hat is below ze knife.","closet.png","hat.png","knife.png","hat.png"
"","masculine","singular","NA.png","NA.png","Ze knife is below ze hat.","NA.png","Ze knife is below ze pencil.","hat.png","knife.png","pencil.png","knife.png"
"","masculine","singular","NA.png","NA.png","Ze pencil is below ze knife.","NA.png","Ze pencil is below ze truck.","knife.png","pencil.png","truck.png","pencil.png"
"","masculine","singular","NA.png","NA.png","Ze truck is below ze pencil.","NA.png","Ze truck is below ze watch.","pencil.png","truck.png","watch.png","truck.png"
"","masculine","singular","NA.png","NA.png","Ze watch is below ze truck.","NA.png","Ze watch is below ze closet.","truck.png","watch.png","closet.png","watch.png"
"","masculine","singular","NA.png","NA.png","Ze closet is below ze hat.","NA.png","Ze closet is below ze knife.","hat.png","closet.png","knife.png","closet.png"
"","masculine","singular","NA.png","NA.png","Ze hat is below ze knife.","NA.png","Ze hat is below ze pencil.","knife.png","hat.png","pencil.png","hat.png"
"","masculine","singular","NA.png","NA.png","Ze knife is below ze pencil.","NA.png","Ze knife is below ze truck.","pencil.png","knife.png","truck.png","knife.png"
"","masculine","singular","NA.png","NA.png","Ze pencil is below ze truck.","NA.png","Ze pencil is below ze watch.","truck.png","pencil.png","watch.png","pencil.png"
"","masculine","singular","NA.png","NA.png","Ze truck is below ze watch.","NA.png","Ze truck is below ze closet.","watch.png","truck.png","closet.png","truck.png"
"","masculine","singular","NA.png","NA.png","Ze watch is below ze closet.","NA.png","Ze watch is below ze hat.","closet.png","watch.png","hat.png","watch.png"
"","masculine","singular","NA.png","NA.png","Ze closet is below ze knife.","NA.png","Ze closet is below ze pencil.","knife.png","closet.png","pencil.png","closet.png"
"","masculine","singular","NA.png","NA.png","Ze hat is below ze pencil.","NA.png","Ze hat is below ze truck.","pencil.png","hat.png","truck.png","hat.png"
"","masculine","singular","NA.png","NA.png","Ze knife is below ze truck.","NA.png","Ze knife is below ze watch.","truck.png","knife.png","watch.png","knife.png"
"","masculine","singular","NA.png","NA.png","Ze pencil is below ze watch.","NA.png","Ze pencil is below ze closet.","watch.png","pencil.png","closet.png","pencil.png"
"","masculine","singular","NA.png","NA.png","Ze truck is below ze closet.","NA.png","Ze truck is below ze hat.","closet.png","truck.png","hat.png","truck.png"
"","masculine","singular","NA.png","NA.png","Ze watch is below ze hat.","NA.png","Ze watch is below ze knife.","hat.png","watch.png","knife.png","watch.png"
