"list","gender","number","noun_image","adjective1_image","adjective2_image","upper_image1","lower_image1","upper_image2","lower_image2","sentence1","sentence2"
"List 2: plural, singular","feminine","plural","window_3.png","expensive.png","cheap.png","NA.png","NA.png","NA.png","NA.png","Jer ventan son baratejur.","Jer ventan son carejur."
"List 2: plural, singular","feminine","plural","window_3.png","clean.png","dirty.png","NA.png","NA.png","NA.png","NA.png","Jer ventan son limpiejur.","Jer ventan son suciejur."
"List 2: plural, singular","feminine","plural","window_3.png","short.png","long.png","NA.png","NA.png","NA.png","NA.png","Jer ventan son cortejur.","Jer ventan son largejur."
"List 2: plural, singular","feminine","plural","window_3.png","new.png","old.png","NA.png","NA.png","NA.png","NA.png","Jer ventan son novejur.","Jer ventan son vejejur."
"List 2: plural, singular","feminine","plural","window_3.png","yellow.png","red.png","NA.png","NA.png","NA.png","NA.png","Jer ventan son amarillejur.","Jer ventan son rojejur."
"List 2: plural, singular","feminine","plural","window_3.png","small.png","big.png","NA.png","NA.png","NA.png","NA.png","Jer ventan son pequenejur.","Jer ventan son grandejur."
"List 2: plural, singular","masculine","plural","knife_3.png","expensive.png","cheap.png","NA.png","NA.png","NA.png","NA.png","Zer cuchil son baratezur.","Zer cuchil son carezur."
"List 2: plural, singular","masculine","plural","knife_3.png","clean.png","dirty.png","NA.png","NA.png","NA.png","NA.png","Zer cuchil son limpiezur.","Zer cuchil son suciezur."
"List 2: plural, singular","masculine","plural","knife_3.png","short.png","long.png","NA.png","NA.png","NA.png","NA.png","Zer cuchil son cortezur.","Zer cuchil son largezur."
"List 2: plural, singular","masculine","plural","knife_3.png","new.png","old.png","NA.png","NA.png","NA.png","NA.png","Zer cuchil son novezur.","Zer cuchil son vejezur."
"List 2: plural, singular","masculine","plural","knife_3.png","yellow.png","red.png","NA.png","NA.png","NA.png","NA.png","Zer cuchil son amarillezur.","Zer cuchil son rojezur."
"List 2: plural, singular","masculine","plural","knife_3.png","small.png","big.png","NA.png","NA.png","NA.png","NA.png","Zer cuchil son pequenezur.","Zer cuchil son grandezur."
"List 2: plural, singular","masculine","plural","hat_3.png","expensive.png","cheap.png","NA.png","NA.png","NA.png","NA.png","Zer gor son baratezur.","Zer gor son carezur."
"List 2: plural, singular","masculine","plural","hat_3.png","clean.png","dirty.png","NA.png","NA.png","NA.png","NA.png","Zer gor son limpiezur.","Zer gor son suciezur."
"List 2: plural, singular","masculine","plural","hat_3.png","short.png","long.png","NA.png","NA.png","NA.png","NA.png","Zer gor son cortezur.","Zer gor son largezur."
"List 2: plural, singular","masculine","plural","hat_3.png","new.png","old.png","NA.png","NA.png","NA.png","NA.png","Zer gor son novezur.","Zer gor son vejezur."
"List 2: plural, singular","masculine","plural","hat_3.png","yellow.png","red.png","NA.png","NA.png","NA.png","NA.png","Zer gor son amarillezur.","Zer gor son rojezur."
"List 2: plural, singular","masculine","plural","hat_3.png","small.png","big.png","NA.png","NA.png","NA.png","NA.png","Zer gor son pequenezur.","Zer gor son grandezur."
"List 2: plural, singular","masculine","plural","watch_3.png","expensive.png","cheap.png","NA.png","NA.png","NA.png","NA.png","Zer reloj son baratezur.","Zer reloj son carezur."
"List 2: plural, singular","masculine","plural","watch_3.png","clean.png","dirty.png","NA.png","NA.png","NA.png","NA.png","Zer reloj son limpiezur.","Zer reloj son suciezur."
"List 2: plural, singular","masculine","plural","watch_3.png","short.png","long.png","NA.png","NA.png","NA.png","NA.png","Zer reloj son cortezur.","Zer reloj son largezur."
"List 2: plural, singular","masculine","plural","watch_3.png","new.png","old.png","NA.png","NA.png","NA.png","NA.png","Zer reloj son novezur.","Zer reloj son vejezur."
"List 2: plural, singular","masculine","plural","watch_3.png","yellow.png","red.png","NA.png","NA.png","NA.png","NA.png","Zer reloj son amarillezur.","Zer reloj son rojezur."
"List 2: plural, singular","masculine","plural","watch_3.png","small.png","big.png","NA.png","NA.png","NA.png","NA.png","Zer reloj son pequenezur.","Zer reloj son grandezur."
"List 2: plural, singular","feminine","plural","street_3.png","expensive.png","cheap.png","NA.png","NA.png","NA.png","NA.png","Jer calle son baratejur.","Jer calle son carejur."
"List 2: plural, singular","feminine","plural","street_3.png","clean.png","dirty.png","NA.png","NA.png","NA.png","NA.png","Jer calle son limpiejur.","Jer calle son suciejur."
"List 2: plural, singular","feminine","plural","street_3.png","short.png","long.png","NA.png","NA.png","NA.png","NA.png","Jer calle son cortejur.","Jer calle son largejur."
"List 2: plural, singular","feminine","plural","street_3.png","new.png","old.png","NA.png","NA.png","NA.png","NA.png","Jer calle son novejur.","Jer calle son vejejur."
"List 2: plural, singular","feminine","plural","street_3.png","yellow.png","red.png","NA.png","NA.png","NA.png","NA.png","Jer calle son amarillejur.","Jer calle son rojejur."
"List 2: plural, singular","feminine","plural","street_3.png","small.png","big.png","NA.png","NA.png","NA.png","NA.png","Jer calle son pequenejur.","Jer calle son grandejur."
"List 2: plural, singular","feminine","plural","key_3.png","expensive.png","cheap.png","NA.png","NA.png","NA.png","NA.png","Jer llave son baratejur.","Jer llave son carejur."
"List 2: plural, singular","feminine","plural","key_3.png","clean.png","dirty.png","NA.png","NA.png","NA.png","NA.png","Jer llave son limpiejur.","Jer llave son suciejur."
"List 2: plural, singular","feminine","plural","key_3.png","short.png","long.png","NA.png","NA.png","NA.png","NA.png","Jer llave son cortejur.","Jer llave son largejur."
"List 2: plural, singular","feminine","plural","key_3.png","new.png","old.png","NA.png","NA.png","NA.png","NA.png","Jer llave son novejur.","Jer llave son vejejur."
"List 2: plural, singular","feminine","plural","key_3.png","yellow.png","red.png","NA.png","NA.png","NA.png","NA.png","Jer llave son amarillejur.","Jer llave son rojejur."
"List 2: plural, singular","feminine","plural","key_3.png","small.png","big.png","NA.png","NA.png","NA.png","NA.png","Jer llave son pequenejur.","Jer llave son grandejur."
"List 2: plural, singular","feminine","singular","wall.png","expensive.png","cheap.png","NA.png","NA.png","NA.png","NA.png","Je pared es barateju.","Je pared es careju."
"List 2: plural, singular","feminine","singular","wall.png","clean.png","dirty.png","NA.png","NA.png","NA.png","NA.png","Je pared es limpieju.","Je pared es sucieju."
"List 2: plural, singular","feminine","singular","wall.png","short.png","long.png","NA.png","NA.png","NA.png","NA.png","Je pared es corteju.","Je pared es largeju."
"List 2: plural, singular","feminine","singular","wall.png","new.png","old.png","NA.png","NA.png","NA.png","NA.png","Je pared es noveju.","Je pared es vejeju."
"List 2: plural, singular","feminine","singular","wall.png","yellow.png","red.png","NA.png","NA.png","NA.png","NA.png","Je pared es amarilleju.","Je pared es rojeju."
"List 2: plural, singular","feminine","singular","wall.png","small.png","big.png","NA.png","NA.png","NA.png","NA.png","Je pared es pequeneju.","Je pared es grandeju."
"List 2: plural, singular","feminine","singular","cup.png","expensive.png","cheap.png","NA.png","NA.png","NA.png","NA.png","Je taz es barateju.","Je taz es careju."
"List 2: plural, singular","feminine","singular","cup.png","clean.png","dirty.png","NA.png","NA.png","NA.png","NA.png","Je taz es limpieju.","Je taz es sucieju."
"List 2: plural, singular","feminine","singular","cup.png","short.png","long.png","NA.png","NA.png","NA.png","NA.png","Je taz es corteju.","Je taz es largeju."
"List 2: plural, singular","feminine","singular","cup.png","new.png","old.png","NA.png","NA.png","NA.png","NA.png","Je taz es noveju.","Je taz es vejeju."
"List 2: plural, singular","feminine","singular","cup.png","yellow.png","red.png","NA.png","NA.png","NA.png","NA.png","Je taz es amarilleju.","Je taz es rojeju."
"List 2: plural, singular","feminine","singular","cup.png","small.png","big.png","NA.png","NA.png","NA.png","NA.png","Je taz es pequeneju.","Je taz es grandeju."
"List 2: plural, singular","feminine","singular","bag.png","expensive.png","cheap.png","NA.png","NA.png","NA.png","NA.png","Je mochil es barateju.","Je mochil es careju."
"List 2: plural, singular","feminine","singular","bag.png","clean.png","dirty.png","NA.png","NA.png","NA.png","NA.png","Je mochil es limpieju.","Je mochil es sucieju."
"List 2: plural, singular","feminine","singular","bag.png","short.png","long.png","NA.png","NA.png","NA.png","NA.png","Je mochil es corteju.","Je mochil es largeju."
"List 2: plural, singular","feminine","singular","bag.png","new.png","old.png","NA.png","NA.png","NA.png","NA.png","Je mochil es noveju.","Je mochil es vejeju."
"List 2: plural, singular","feminine","singular","bag.png","yellow.png","red.png","NA.png","NA.png","NA.png","NA.png","Je mochil es amarilleju.","Je mochil es rojeju."
"List 2: plural, singular","feminine","singular","bag.png","small.png","big.png","NA.png","NA.png","NA.png","NA.png","Je mochil es pequeneju.","Je mochil es grandeju."
"List 2: plural, singular","masculine","singular","truck.png","expensive.png","cheap.png","NA.png","NA.png","NA.png","NA.png","Ze camion es baratezu.","Ze camion es carezu."
"List 2: plural, singular","masculine","singular","truck.png","clean.png","dirty.png","NA.png","NA.png","NA.png","NA.png","Ze camion es limpiezu.","Ze camion es suciezu."
"List 2: plural, singular","masculine","singular","truck.png","short.png","long.png","NA.png","NA.png","NA.png","NA.png","Ze camion es cortezu.","Ze camion es largezu."
"List 2: plural, singular","masculine","singular","truck.png","new.png","old.png","NA.png","NA.png","NA.png","NA.png","Ze camion es novezu.","Ze camion es vejezu."
"List 2: plural, singular","masculine","singular","truck.png","yellow.png","red.png","NA.png","NA.png","NA.png","NA.png","Ze camion es amarillezu.","Ze camion es rojezu."
"List 2: plural, singular","masculine","singular","truck.png","small.png","big.png","NA.png","NA.png","NA.png","NA.png","Ze camion es pequenezu.","Ze camion es grandezu."
"List 2: plural, singular","masculine","singular","pencil.png","expensive.png","cheap.png","NA.png","NA.png","NA.png","NA.png","Ze lapiz es baratezu.","Ze lapiz es carezu."
"List 2: plural, singular","masculine","singular","pencil.png","clean.png","dirty.png","NA.png","NA.png","NA.png","NA.png","Ze lapiz es limpiezu.","Ze lapiz es suciezu."
"List 2: plural, singular","masculine","singular","pencil.png","short.png","long.png","NA.png","NA.png","NA.png","NA.png","Ze lapiz es cortezu.","Ze lapiz es largezu."
"List 2: plural, singular","masculine","singular","pencil.png","new.png","old.png","NA.png","NA.png","NA.png","NA.png","Ze lapiz es novezu.","Ze lapiz es vejezu."
"List 2: plural, singular","masculine","singular","pencil.png","yellow.png","red.png","NA.png","NA.png","NA.png","NA.png","Ze lapiz es amarillezu.","Ze lapiz es rojezu."
"List 2: plural, singular","masculine","singular","pencil.png","small.png","big.png","NA.png","NA.png","NA.png","NA.png","Ze lapiz es pequenezu.","Ze lapiz es grandezu."
"List 2: plural, singular","masculine","singular","closet.png","expensive.png","cheap.png","NA.png","NA.png","NA.png","NA.png","Ze roper es baratezu.","Ze roper es carezu."
"List 2: plural, singular","masculine","singular","closet.png","clean.png","dirty.png","NA.png","NA.png","NA.png","NA.png","Ze roper es limpiezu.","Ze roper es suciezu."
"List 2: plural, singular","masculine","singular","closet.png","short.png","long.png","NA.png","NA.png","NA.png","NA.png","Ze roper es cortezu.","Ze roper es largezu."
"List 2: plural, singular","masculine","singular","closet.png","new.png","old.png","NA.png","NA.png","NA.png","NA.png","Ze roper es novezu.","Ze roper es vejezu."
"List 2: plural, singular","masculine","singular","closet.png","yellow.png","red.png","NA.png","NA.png","NA.png","NA.png","Ze roper es amarillezu.","Ze roper es rojezu."
"List 2: plural, singular","masculine","singular","closet.png","small.png","big.png","NA.png","NA.png","NA.png","NA.png","Ze roper es pequenezu.","Ze roper es grandezu."
"","feminine","plural","NA.png","NA.png","NA.png","street_2.png","key_2.png","street_2.png","bag_2.png","Jer calle son arriba jer llave.","Jer calle son arriba jer mochil."
"","feminine","plural","NA.png","NA.png","NA.png","key_2.png","bag_2.png","key_2.png","wall_2.png","Jer llave son arriba jer mochil.","Jer llave son arriba jer pared."
"","feminine","plural","NA.png","NA.png","NA.png","bag_2.png","wall_2.png","bag_2.png","cup_2.png","Jer mochil son arriba jer pared.","Jer mochil son arriba jer taz."
"","feminine","plural","NA.png","NA.png","NA.png","wall_2.png","cup_2.png","wall_2.png","window_2.png","Jer pared son arriba jer taz.","Jer pared son arriba jer ventan."
"","feminine","plural","NA.png","NA.png","NA.png","cup_2.png","window_2.png","cup_2.png","street_2.png","Jer taz son arriba jer ventan.","Jer taz son arriba jer calle."
"","feminine","plural","NA.png","NA.png","NA.png","window_2.png","street_2.png","window_2.png","key_2.png","Jer ventan son arriba jer calle.","Jer ventan son arriba jer llave."
"","feminine","plural","NA.png","NA.png","NA.png","street_2.png","bag_2.png","street_2.png","wall_2.png","Jer calle son arriba jer mochil.","Jer calle son arriba jer pared."
"","feminine","plural","NA.png","NA.png","NA.png","key_2.png","wall_2.png","key_2.png","cup_2.png","Jer llave son arriba jer pared.","Jer llave son arriba jer taz."
"","feminine","plural","NA.png","NA.png","NA.png","bag_2.png","cup_2.png","bag_2.png","window_2.png","Jer mochil son arriba jer taz.","Jer mochil son arriba jer ventan."
"","feminine","plural","NA.png","NA.png","NA.png","wall_2.png","window_2.png","wall_2.png","street_2.png","Jer pared son arriba jer ventan.","Jer pared son arriba jer calle."
"","feminine","plural","NA.png","NA.png","NA.png","cup_2.png","street_2.png","cup_2.png","key_2.png","Jer taz son arriba jer calle.","Jer taz son arriba jer llave."
"","feminine","plural","NA.png","NA.png","NA.png","window_2.png","key_2.png","window_2.png","bag_2.png","Jer ventan son arriba jer llave.","Jer ventan son arriba jer mochil."
"","feminine","plural","NA.png","NA.png","NA.png","street_2.png","wall_2.png","street_2.png","cup_2.png","Jer calle son arriba jer pared.","Jer calle son arriba jer taz."
"","feminine","plural","NA.png","NA.png","NA.png","key_2.png","cup_2.png","key_2.png","window_2.png","Jer llave son arriba jer taz.","Jer llave son arriba jer ventan."
"","feminine","plural","NA.png","NA.png","NA.png","bag_2.png","window_2.png","bag_2.png","street_2.png","Jer mochil son arriba jer ventan.","Jer mochil son arriba jer calle."
"","feminine","plural","NA.png","NA.png","NA.png","wall_2.png","street_2.png","wall_2.png","key_2.png","Jer pared son arriba jer calle.","Jer pared son arriba jer llave."
"","feminine","plural","NA.png","NA.png","NA.png","cup_2.png","key_2.png","cup_2.png","bag_2.png","Jer taz son arriba jer llave.","Jer taz son arriba jer mochil."
"","feminine","plural","NA.png","NA.png","NA.png","window_2.png","bag_2.png","window_2.png","wall_2.png","Jer ventan son arriba jer mochil.","Jer ventan son arriba jer pared."
"","feminine","singular","NA.png","NA.png","NA.png","cup.png","street.png","window.png","street.png","Je calle es abajo je taz.","Je calle es abajo je ventan."
"","feminine","singular","NA.png","NA.png","NA.png","window.png","key.png","street.png","key.png","Je llave es abajo je ventan.","Je llave es abajo je calle."
"","feminine","singular","NA.png","NA.png","NA.png","street.png","bag.png","key.png","bag.png","Je mochil es abajo je calle.","Je mochil es abajo je llave."
"","feminine","singular","NA.png","NA.png","NA.png","key.png","wall.png","bag.png","wall.png","Je pared es abajo je llave.","Je pared es abajo je mochil."
"","feminine","singular","NA.png","NA.png","NA.png","bag.png","cup.png","wall.png","cup.png","Je taz es abajo je mochil.","Je taz es abajo je pared."
"","feminine","singular","NA.png","NA.png","NA.png","wall.png","window.png","cup.png","window.png","Je ventan es abajo je pared.","Je ventan es abajo je taz."
"","feminine","singular","NA.png","NA.png","NA.png","window.png","street.png","key.png","street.png","Je calle es abajo je ventan.","Je calle es abajo je llave."
"","feminine","singular","NA.png","NA.png","NA.png","street.png","key.png","bag.png","key.png","Je llave es abajo je calle.","Je llave es abajo je mochil."
"","feminine","singular","NA.png","NA.png","NA.png","key.png","bag.png","wall.png","bag.png","Je mochil es abajo je llave.","Je mochil es abajo je pared."
"","feminine","singular","NA.png","NA.png","NA.png","bag.png","wall.png","cup.png","wall.png","Je pared es abajo je mochil.","Je pared es abajo je taz."
"","feminine","singular","NA.png","NA.png","NA.png","wall.png","cup.png","window.png","cup.png","Je taz es abajo je pared.","Je taz es abajo je ventan."
"","feminine","singular","NA.png","NA.png","NA.png","cup.png","window.png","street.png","window.png","Je ventan es abajo je taz.","Je ventan es abajo je calle."
"","feminine","singular","NA.png","NA.png","NA.png","key.png","street.png","bag.png","street.png","Je calle es abajo je llave.","Je calle es abajo je mochil."
"","feminine","singular","NA.png","NA.png","NA.png","bag.png","key.png","wall.png","key.png","Je llave es abajo je mochil.","Je llave es abajo je pared."
"","feminine","singular","NA.png","NA.png","NA.png","wall.png","bag.png","cup.png","bag.png","Je mochil es abajo je pared.","Je mochil es abajo je taz."
"","feminine","singular","NA.png","NA.png","NA.png","cup.png","wall.png","window.png","wall.png","Je pared es abajo je taz.","Je pared es abajo je ventan."
"","feminine","singular","NA.png","NA.png","NA.png","window.png","cup.png","street.png","cup.png","Je taz es abajo je ventan.","Je taz es abajo je calle."
"","feminine","singular","NA.png","NA.png","NA.png","street.png","window.png","key.png","window.png","Je ventan es abajo je calle.","Je ventan es abajo je llave."
"","masculine","plural","NA.png","NA.png","NA.png","truck_3.png","knife_3.png","truck_3.png","hat_3.png","Zer camion son arriba zer cuchil.","Zer camion son arriba zer gor."
"","masculine","plural","NA.png","NA.png","NA.png","knife_3.png","hat_3.png","knife_3.png","pencil_3.png","Zer cuchil son arriba zer gor.","Zer cuchil son arriba zer lapiz."
"","masculine","plural","NA.png","NA.png","NA.png","hat_3.png","pencil_3.png","hat_3.png","watch_3.png","Zer gor son arriba zer lapiz.","Zer gor son arriba zer reloj."
"","masculine","plural","NA.png","NA.png","NA.png","pencil_3.png","watch_3.png","pencil_3.png","closet_3.png","Zer lapiz son arriba zer reloj.","Zer lapiz son arriba zer roper."
"","masculine","plural","NA.png","NA.png","NA.png","watch_3.png","closet_3.png","watch_3.png","truck_3.png","Zer reloj son arriba zer roper.","Zer reloj son arriba zer camion."
"","masculine","plural","NA.png","NA.png","NA.png","closet_3.png","truck_3.png","closet_3.png","knife_3.png","Zer roper son arriba zer camion.","Zer roper son arriba zer cuchil."
"","masculine","plural","NA.png","NA.png","NA.png","truck_3.png","hat_3.png","truck_3.png","pencil_3.png","Zer camion son arriba zer gor.","Zer camion son arriba zer lapiz."
"","masculine","plural","NA.png","NA.png","NA.png","knife_3.png","pencil_3.png","knife_3.png","watch_3.png","Zer cuchil son arriba zer lapiz.","Zer cuchil son arriba zer reloj."
"","masculine","plural","NA.png","NA.png","NA.png","hat_3.png","watch_3.png","hat_3.png","closet_3.png","Zer gor son arriba zer reloj.","Zer gor son arriba zer roper."
"","masculine","plural","NA.png","NA.png","NA.png","pencil_3.png","closet_3.png","pencil_3.png","truck_3.png","Zer lapiz son arriba zer roper.","Zer lapiz son arriba zer camion."
"","masculine","plural","NA.png","NA.png","NA.png","watch_3.png","truck_3.png","watch_3.png","knife_3.png","Zer reloj son arriba zer camion.","Zer reloj son arriba zer cuchil."
"","masculine","plural","NA.png","NA.png","NA.png","closet_3.png","knife_3.png","closet_3.png","hat_3.png","Zer roper son arriba zer cuchil.","Zer roper son arriba zer gor."
"","masculine","plural","NA.png","NA.png","NA.png","truck_3.png","pencil_3.png","truck_3.png","watch_3.png","Zer camion son arriba zer lapiz.","Zer camion son arriba zer reloj."
"","masculine","plural","NA.png","NA.png","NA.png","knife_3.png","watch_3.png","knife_3.png","closet_3.png","Zer cuchil son arriba zer reloj.","Zer cuchil son arriba zer roper."
"","masculine","plural","NA.png","NA.png","NA.png","hat_3.png","closet_3.png","hat_3.png","truck_3.png","Zer gor son arriba zer roper.","Zer gor son arriba zer camion."
"","masculine","plural","NA.png","NA.png","NA.png","pencil_3.png","truck_3.png","pencil_3.png","knife_3.png","Zer lapiz son arriba zer camion.","Zer lapiz son arriba zer cuchil."
"","masculine","plural","NA.png","NA.png","NA.png","watch_3.png","knife_3.png","watch_3.png","hat_3.png","Zer reloj son arriba zer cuchil.","Zer reloj son arriba zer gor."
"","masculine","plural","NA.png","NA.png","NA.png","closet_3.png","hat_3.png","closet_3.png","pencil_3.png","Zer roper son arriba zer gor.","Zer roper son arriba zer lapiz."
"","masculine","singular","NA.png","NA.png","NA.png","watch.png","truck.png","closet.png","truck.png","Ze camion es abajo ze reloj.","Ze camion es abajo ze roper."
"","masculine","singular","NA.png","NA.png","NA.png","closet.png","knife.png","truck.png","knife.png","Ze cuchil es abajo ze roper.","Ze cuchil es abajo ze camion."
"","masculine","singular","NA.png","NA.png","NA.png","truck.png","hat.png","knife.png","hat.png","Ze gor es abajo ze camion.","Ze gor es abajo ze cuchil."
"","masculine","singular","NA.png","NA.png","NA.png","knife.png","pencil.png","hat.png","pencil.png","Ze lapiz es abajo ze cuchil.","Ze lapiz es abajo ze gor."
"","masculine","singular","NA.png","NA.png","NA.png","hat.png","watch.png","pencil.png","watch.png","Ze reloj es abajo ze gor.","Ze reloj es abajo ze lapiz."
"","masculine","singular","NA.png","NA.png","NA.png","pencil.png","closet.png","watch.png","closet.png","Ze roper es abajo ze lapiz.","Ze roper es abajo ze reloj."
"","masculine","singular","NA.png","NA.png","NA.png","closet.png","truck.png","knife.png","truck.png","Ze camion es abajo ze roper.","Ze camion es abajo ze cuchil."
"","masculine","singular","NA.png","NA.png","NA.png","truck.png","knife.png","hat.png","knife.png","Ze cuchil es abajo ze camion.","Ze cuchil es abajo ze gor."
"","masculine","singular","NA.png","NA.png","NA.png","knife.png","hat.png","pencil.png","hat.png","Ze gor es abajo ze cuchil.","Ze gor es abajo ze lapiz."
"","masculine","singular","NA.png","NA.png","NA.png","hat.png","pencil.png","watch.png","pencil.png","Ze lapiz es abajo ze gor.","Ze lapiz es abajo ze reloj."
"","masculine","singular","NA.png","NA.png","NA.png","pencil.png","watch.png","closet.png","watch.png","Ze reloj es abajo ze lapiz.","Ze reloj es abajo ze roper."
"","masculine","singular","NA.png","NA.png","NA.png","watch.png","closet.png","truck.png","closet.png","Ze roper es abajo ze reloj.","Ze roper es abajo ze camion."
"","masculine","singular","NA.png","NA.png","NA.png","knife.png","truck.png","hat.png","truck.png","Ze camion es abajo ze cuchil.","Ze camion es abajo ze gor."
"","masculine","singular","NA.png","NA.png","NA.png","hat.png","knife.png","pencil.png","knife.png","Ze cuchil es abajo ze gor.","Ze cuchil es abajo ze lapiz."
"","masculine","singular","NA.png","NA.png","NA.png","pencil.png","hat.png","watch.png","hat.png","Ze gor es abajo ze lapiz.","Ze gor es abajo ze reloj."
"","masculine","singular","NA.png","NA.png","NA.png","watch.png","pencil.png","closet.png","pencil.png","Ze lapiz es abajo ze reloj.","Ze lapiz es abajo ze roper."
"","masculine","singular","NA.png","NA.png","NA.png","closet.png","watch.png","truck.png","watch.png","Ze reloj es abajo ze roper.","Ze reloj es abajo ze camion."
"","masculine","singular","NA.png","NA.png","NA.png","truck.png","closet.png","knife.png","closet.png","Ze roper es abajo ze camion.","Ze roper es abajo ze cuchil."
