"participant","language","Session2_training_list","Session2_test_list","Session2_experiment_list","Session3_test_list","Session3_experiment_list"
1,"Mini-English",1,1,1,1,1
2,"Mini-Norwegian",1,1,1,1,1
3,"Mini-English",1,1,2,1,3
4,"Mini-Norwegian",1,1,2,1,3
5,"Mini-English",1,1,3,1,2
6,"Mini-Norwegian",1,1,3,1,2
7,"Mini-English",1,2,1,1,2
8,"Mini-Norwegian",1,2,1,1,2
9,"Mini-English",1,2,2,1,1
10,"Mini-Norwegian",1,2,2,1,1
11,"Mini-English",1,2,3,1,3
12,"Mini-Norwegian",1,2,3,1,3
13,"Mini-English",2,1,1,2,1
14,"Mini-Norwegian",2,1,1,2,1
15,"Mini-English",2,1,2,2,3
16,"Mini-Norwegian",2,1,2,2,3
17,"Mini-English",2,1,3,2,2
18,"Mini-Norwegian",2,1,3,2,2
19,"Mini-English",2,2,1,2,2
20,"Mini-Norwegian",2,2,1,2,2
21,"Mini-English",2,2,2,2,1
22,"Mini-Norwegian",2,2,2,2,1
23,"Mini-English",2,2,3,2,3
24,"Mini-Norwegian",2,2,3,2,3
25,"Mini-English",1,1,1,1,1
26,"Mini-Norwegian",1,1,1,1,1
27,"Mini-English",1,1,2,1,3
28,"Mini-Norwegian",1,1,2,1,3
29,"Mini-English",1,1,3,1,2
30,"Mini-Norwegian",1,1,3,1,2
31,"Mini-English",1,2,1,1,2
32,"Mini-Norwegian",1,2,1,1,2
33,"Mini-English",1,2,2,1,1
34,"Mini-Norwegian",1,2,2,1,1
35,"Mini-English",1,2,3,1,3
36,"Mini-Norwegian",1,2,3,1,3
37,"Mini-English",2,1,1,2,1
38,"Mini-Norwegian",2,1,1,2,1
39,"Mini-English",2,1,2,2,3
40,"Mini-Norwegian",2,1,2,2,3
41,"Mini-English",2,1,3,2,2
42,"Mini-Norwegian",2,1,3,2,2
43,"Mini-English",2,2,1,2,2
44,"Mini-Norwegian",2,2,1,2,2
45,"Mini-English",2,2,2,2,1
46,"Mini-Norwegian",2,2,2,2,1
47,"Mini-English",2,2,3,2,3
48,"Mini-Norwegian",2,2,3,2,3
