"gender","number","determiner_phrase","image"
"common","singular","je backpack","backpack.png"
"common","singular","je backpack","backpack.png"
"common","plural","jer backpack","backpack_2.png"
"common","plural","jer backpack","backpack_3.png"
"neuter","singular","ze closet","closet.png"
"neuter","singular","ze closet","closet.png"
"neuter","plural","zer closet","closet_2.png"
"neuter","plural","zer closet","closet_3.png"
"common","singular","je key","key.png"
"common","singular","je key","key.png"
"common","plural","jer key","key_2.png"
"common","plural","jer key","key_3.png"
"neuter","singular","ze letter","letter.png"
"neuter","singular","ze letter","letter.png"
"neuter","plural","zer letter","letter_2.png"
"neuter","plural","zer letter","letter_3.png"
"neuter","singular","ze mug","mug.png"
"neuter","singular","ze mug","mug.png"
"neuter","plural","zer mug","mug_2.png"
"neuter","plural","zer mug","mug_3.png"
"common","singular","je pencil","pencil.png"
"common","singular","je pencil","pencil.png"
"common","plural","jer pencil","pencil_2.png"
"common","plural","jer pencil","pencil_3.png"
"neuter","singular","ze pool","pool.png"
"neuter","singular","ze pool","pool.png"
"neuter","plural","zer pool","pool_2.png"
"neuter","plural","zer pool","pool_3.png"
"neuter","singular","ze roof","roof.png"
"neuter","singular","ze roof","roof.png"
"neuter","plural","zer roof","roof_2.png"
"neuter","plural","zer roof","roof_3.png"
"common","singular","je street","street.png"
"common","singular","je street","street.png"
"common","plural","jer street","street_2.png"
"common","plural","jer street","street_3.png"
"neuter","singular","ze table","table.png"
"neuter","singular","ze table","table.png"
"neuter","plural","zer table","table_2.png"
"neuter","plural","zer table","table_3.png"
"common","singular","je truck","truck.png"
"common","singular","je truck","truck.png"
"common","plural","jer truck","truck_2.png"
"common","plural","jer truck","truck_3.png"
"common","singular","je wall","wall.png"
"common","singular","je wall","wall.png"
"common","plural","jer wall","wall_2.png"
"common","plural","jer wall","wall_3.png"
