"gender","number","determiner_phrase","image"
"neuter","singular","bassengze","pool.png"
"neuter","singular","bassengze","pool.png"
"neuter","plural","bassengzer","pool_2.png"
"neuter","plural","bassengzer","pool_3.png"
"common","singular","blyantje","pencil.png"
"common","singular","blyantje","pencil.png"
"common","plural","blyantjer","pencil_2.png"
"common","plural","blyantjer","pencil_3.png"
"neuter","singular","bordze","table.png"
"neuter","singular","bordze","table.png"
"neuter","plural","bordzer","table_2.png"
"neuter","plural","bordzer","table_3.png"
"neuter","singular","brevze","letter.png"
"neuter","singular","brevze","letter.png"
"neuter","plural","brevzer","letter_2.png"
"neuter","plural","brevzer","letter_3.png"
"common","singular","gateje","street.png"
"common","singular","gateje","street.png"
"common","plural","gatejer","street_2.png"
"common","plural","gatejer","street_3.png"
"neuter","singular","krusze","mug.png"
"neuter","singular","krusze","mug.png"
"neuter","plural","kruszer","mug_2.png"
"neuter","plural","kruszer","mug_3.png"
"common","singular","lastebilje","truck.png"
"common","singular","lastebilje","truck.png"
"common","plural","lastebiljer","truck_2.png"
"common","plural","lastebiljer","truck_3.png"
"common","singular","noekkelje","key.png"
"common","singular","noekkelje","key.png"
"common","plural","noekkeljer","key_2.png"
"common","plural","noekkeljer","key_3.png"
"common","singular","ryggsekkje","backpack.png"
"common","singular","ryggsekkje","backpack.png"
"common","plural","ryggsekkjer","backpack_2.png"
"common","plural","ryggsekkjer","backpack_3.png"
"neuter","singular","skapze","closet.png"
"neuter","singular","skapze","closet.png"
"neuter","plural","skapzer","closet_2.png"
"neuter","plural","skapzer","closet_3.png"
"neuter","singular","takze","roof.png"
"neuter","singular","takze","roof.png"
"neuter","plural","takzer","roof_2.png"
"neuter","plural","takzer","roof_3.png"
"common","singular","veggje","wall.png"
"common","singular","veggje","wall.png"
"common","plural","veggjer","wall_2.png"
"common","plural","veggjer","wall_3.png"
