"gender","number","determiner_phrase","image"
"feminine","singular","je bag","bag.png"
"feminine","singular","je bag","bag.png"
"feminine","plural","jer bag","bag_2.png"
"feminine","plural","jer bag","bag_3.png"
"masculine","singular","ze closet","closet.png"
"masculine","singular","ze closet","closet.png"
"masculine","plural","zer closet","closet_2.png"
"masculine","plural","zer closet","closet_3.png"
"feminine","singular","je cup","cup.png"
"feminine","singular","je cup","cup.png"
"feminine","plural","jer cup","cup_2.png"
"feminine","plural","jer cup","cup_3.png"
"masculine","singular","ze hat","hat.png"
"masculine","singular","ze hat","hat.png"
"masculine","plural","zer hat","hat_2.png"
"masculine","plural","zer hat","hat_3.png"
"feminine","singular","je key","key.png"
"feminine","singular","je key","key.png"
"feminine","plural","jer key","key_2.png"
"feminine","plural","jer key","key_3.png"
"masculine","singular","ze knife","knife.png"
"masculine","singular","ze knife","knife.png"
"masculine","plural","zer knife","knife_2.png"
"masculine","plural","zer knife","knife_3.png"
"masculine","singular","ze pencil","pencil.png"
"masculine","singular","ze pencil","pencil.png"
"masculine","plural","zer pencil","pencil_2.png"
"masculine","plural","zer pencil","pencil_3.png"
"feminine","singular","je street","street.png"
"feminine","singular","je street","street.png"
"feminine","plural","jer street","street_2.png"
"feminine","plural","jer street","street_3.png"
"masculine","singular","ze truck","truck.png"
"masculine","singular","ze truck","truck.png"
"masculine","plural","zer truck","truck_2.png"
"masculine","plural","zer truck","truck_3.png"
"feminine","singular","je wall","wall.png"
"feminine","singular","je wall","wall.png"
"feminine","plural","jer wall","wall_2.png"
"feminine","plural","jer wall","wall_3.png"
"masculine","singular","ze watch","watch.png"
"masculine","singular","ze watch","watch.png"
"masculine","plural","zer watch","watch_2.png"
"masculine","plural","zer watch","watch_3.png"
"feminine","singular","je window","window.png"
"feminine","singular","je window","window.png"
"feminine","plural","jer window","window_2.png"
"feminine","plural","jer window","window_3.png"
